id,date,year,month,weekday,hour,time,lat,lon,road,road_type,speed_limit,location,weather,light,vehicle,cause,severity,killed,injured
PN201900037,2019-01-01,2019,1,Mon,0,00:53,18.461231,73.821856,Navale Flyover,Highway,80,Bridge/Slope,Clear,Dark - unlit,Truck/Tempo,Rash/careless driving,Grievous,0,3
PN201902473,2019-01-01,2019,1,Mon,14,14:09,18.680702,73.831276,Dehu - Alandi Road,Arterial,50,Junction,Clear,Daylight,Car,Rash/careless driving,Minor,0,0
PN201901918,2019-01-01,2019,1,Mon,22,22:40,18.494704,73.982868,Solapur Road,Highway,60,Mid-block,Clear,Dark - unlit,Car,Rash/careless driving,Fatal,1,1
PN201902447,2019-01-02,2019,1,Tue,9,09:48,18.499423,73.945375,(unnamed road),Local,30,Junction,Clear,Daylight,Two-wheeler,Rash/careless driving,Grievous,0,1
PN201902326,2019-01-02,2019,1,Tue,13,13:36,18.610344,73.743112,(unnamed road),Local,30,Mid-block,Clear,Daylight,Auto-rickshaw,Wrong-side driving,Grievous,0,2
PN201900783,2019-01-02,2019,1,Tue,22,22:31,18.502097,73.792169,Katraj - Dehu Road Bypass,Highway,80,Bridge/Slope,Clear,Dark - unlit,Truck/Tempo,Over-speeding,Fatal,1,0
PN201903497,2019-01-03,2019,1,Wed,9,09:12,18.680051,73.834282,Dehu - Alandi Road,Arterial,50,Junction,Clear,Daylight,Car,Over-speeding,Fatal,1,2
PN201902283,2019-01-03,2019,1,Wed,12,12:45,18.556368,73.875207,Sant Dyaneshwar Marg,Arterial,50,Mid-block,Clear,Daylight,Bus,Over-speeding,Fatal,2,1
PN201901704,2019-01-03,2019,1,Wed,18,18:44,18.507193,73.780346,Mulshi Road Underpass,Arterial,50,Mid-block,Clear,Dusk/Dawn,Car,Over-speeding,Minor,0,1
PN201903034,2019-01-05,2019,1,Fri,12,12:06,18.566979,73.946981,(unnamed road),Collector,40,Mid-block,Clear,Daylight,Car,Wrong-side driving,Fatal,1,1
PN201901211,2019-01-05,2019,1,Fri,12,12:30,18.634361,73.766745,(unnamed road),Local,30,Mid-block,Clear,Daylight,Two-wheeler,Over-speeding,Minor,0,0
PN201901626,2019-01-06,2019,1,Sat,1,01:55,18.589778,73.998467,Bakori Road,Collector,40,Mid-block,Clear,Dark - lit,Truck/Tempo,Rash/careless driving,Grievous,0,2
PN201900711,2019-01-06,2019,1,Sat,10,10:56,18.485726,73.954235,Fursungi Bhekrai Road,Collector,40,Junction,Clear,Daylight,Two-wheeler,Drunk driving,Minor,0,0
PN201900663,2019-01-06,2019,1,Sat,14,14:52,18.505639,73.785472,Paud Road,Arterial,27,Junction,Clear,Daylight,Two-wheeler,Rash/careless driving,Minor,0,2
PN201901002,2019-01-07,2019,1,Sun,23,23:06,18.558782,73.931371,Kharadi Road,Collector,40,Junction,Clear,Dark - lit,Car,Over-speeding,Minor,0,1
PN201901709,2019-01-08,2019,1,Mon,16,16:11,18.606564,73.787874,(unnamed road),Local,30,Mid-block,Clear,Daylight,Pedestrian,Over-speeding,Minor,0,2
PN201902540,2019-01-08,2019,1,Mon,19,19:55,18.508173,73.941273,Baburao Shankarrao Tupe Road | DP Road,Collector,40,Junction,Clear,Dark - lit,Two-wheeler,Rash/careless driving,Grievous,0,1
PN201902610,2019-01-09,2019,1,Tue,6,06:37,18.592918,73.921203,Lohgaon Road,Arterial,50,Junction,Cloudy,Dusk/Dawn,Pedestrian,Wrong-side driving,Fatal,1,2
PN201902317,2019-01-09,2019,1,Tue,18,18:58,18.596782,73.898634,Dhaonri - Lohgaon Road,Arterial,50,Junction,Clear,Dusk/Dawn,Auto-rickshaw,Drunk driving,Minor,0,0
PN201902696,2019-01-10,2019,1,Wed,16,16:47,18.685538,73.806772,(unnamed road),Local,30,Junction,Clear,Daylight,Two-wheeler,Wrong-side driving,Grievous,0,3
PN201902580,2019-01-10,2019,1,Wed,18,18:46,18.589712,73.732788,Rajiv Gandhi MIDC Road,Arterial,30,Mid-block,Clear,Dusk/Dawn,Bicycle,Rash/careless driving,Fatal,2,2
PN201901798,2019-01-10,2019,1,Wed,19,19:25,18.573409,73.835213,Bhau Patil Path,Arterial,50,Mid-block,Clear,Dark - lit,Car,Over-speeding,Grievous,0,1
PN201900804,2019-01-10,2019,1,Wed,23,23:02,18.563404,73.934945,Nagar Road,Highway,60,Junction,Clear,Dark - unlit,Two-wheeler,Signal jumping,Grievous,0,1
PN201902763,2019-01-11,2019,1,Thu,15,15:48,18.614166,73.776702,Babasaheb Ambedkar Path,Collector,40,Mid-block,Clear,Daylight,Car,Over-speeding,Grievous,0,1
PN201902348,2019-01-11,2019,1,Thu,18,18:50,18.557653,73.719047,Mhalunge - Nande Road,Collector,40,Mid-block,Clear,Dusk/Dawn,Two-wheeler,Over-speeding,Minor,0,0
PN201901239,2019-01-11,2019,1,Thu,18,18:59,18.464755,73.812261,Canal Road,Collector,40,Mid-block,Clear,Dusk/Dawn,Truck/Tempo,Over-speeding,Minor,0,1
PN201900694,2019-01-12,2019,1,Fri,0,00:25,18.557236,73.944568,(unnamed road),Collector,40,Junction,Mist/Fog,Dark - lit,Car,Over-speeding,Grievous,0,1
PN201901984,2019-01-12,2019,1,Fri,13,13:01,18.620366,73.983821,(unnamed road),Collector,40,Mid-block,Clear,Daylight,Car,Over-speeding,Minor,0,1
PN201901458,2019-01-12,2019,1,Fri,18,18:58,18.550079,73.955544,Grant Road,Arterial,50,Mid-block,Clear,Dusk/Dawn,Car,Rash/careless driving,Minor,0,0
PN201903849,2019-01-13,2019,1,Sat,20,20:36,18.506418,73.733114,Matalwadi Road,Local,30,Junction,Clear,Dark - lit,Auto-rickshaw,Over-speeding,Grievous,0,1
PN201901548,2019-01-14,2019,1,Sun,15,15:44,18.501108,73.853885,Chimaji Appa Peshwe Path,Arterial,50,Mid-block,Clear,Daylight,Two-wheeler,Over-speeding,Minor,0,2
PN201903168,2019-01-14,2019,1,Sun,21,21:13,18.572365,73.994972,(unnamed road),Local,30,Junction,Clear,Dark - lit,Bus,Over-speeding,Grievous,0,3
PN201900270,2019-01-15,2019,1,Mon,7,07:44,18.458638,73.824436,Navale Flyover,Highway,85,Bridge/Slope,Cloudy,Daylight,Pedestrian,Pothole/road condition,Grievous,0,1
PN201900676,2019-01-15,2019,1,Mon,19,19:08,18.459492,73.82435,Katraj - Dehu Road Bypass,Highway,60,Junction,Clear,Dark - unlit,Car,Wrong-side driving,Fatal,1,2
PN201902706,2019-01-15,2019,1,Mon,23,23:31,18.560556,73.916842,Nagar Road,Highway,60,Mid-block,Cloudy,Dark - unlit,Truck/Tempo,Drunk driving,Fatal,2,1
PN201902375,2019-01-17,2019,1,Wed,16,16:32,18.542948,73.82792,University Road,Arterial,50,Mid-block,Clear,Daylight,Truck/Tempo,Over-speeding,Grievous,0,1
PN201902779,2019-01-17,2019,1,Wed,20,20:57,18.590444,73.998012,Nagar Road,Highway,60,Mid-block,Clear,Dark - unlit,Truck/Tempo,Over-speeding,Minor,0,0
PN201900627,2019-01-18,2019,1,Thu,17,17:22,18.460487,73.822665,Navale Flyover,Highway,80,Bridge/Slope,Clear,Daylight,Bus,Pothole/road condition,Minor,0,1
PN201903458,2019-01-18,2019,1,Thu,21,21:20,18.487471,73.870545,Jawaharlal Nehru Marg,Arterial,50,Junction,Clear,Dark - lit,Two-wheeler,Rash/careless driving,Grievous,0,1
PN201901058,2019-01-19,2019,1,Fri,3,03:03,18.598084,73.742282,Dange Chowk Road,Arterial,50,Junction,Clear,Dark - lit,Two-wheeler,Wrong-side driving,Grievous,0,1
PN201903781,2019-01-19,2019,1,Fri,17,17:03,18.481492,73.893919,(unnamed road),Local,30,Mid-block,Clear,Daylight,Two-wheeler,Rash/careless driving,Grievous,0,1
PN201900556,2019-01-20,2019,1,Sat,0,00:34,18.445149,73.835962,Katraj - Dehu Road Bypass,Highway,85,Bridge/Slope,Clear,Dark - unlit,Two-wheeler,Over-speeding,Fatal,1,1
PN201903592,2019-01-20,2019,1,Sat,5,05:40,18.50696,73.783912,NDA Road,Arterial,27,Junction,Clear,Dark - lit,Auto-rickshaw,Brake failure/vehicle defect,Fatal,1,2
PN201901472,2019-01-20,2019,1,Sat,7,07:11,18.707492,73.848214,Pune Nashik Road,Highway,60,Mid-block,Mist/Fog,Daylight,Pedestrian,Rash/careless driving,Fatal,1,0
PN201901462,2019-01-20,2019,1,Sat,9,09:16,18.644978,73.777719,Krantisinha Nana Patil Road,Arterial,50,Junction,Clear,Daylight,Car,Over-speeding,Grievous,0,3
PN201901429,2019-01-20,2019,1,Sat,13,13:15,18.664564,73.709549,Mumbai - Pune Expressway,Highway,100,Mid-block,Clear,Daylight,Truck/Tempo,Other,Grievous,0,2
PN201903395,2019-01-20,2019,1,Sat,14,14:48,18.648293,73.780712,(unnamed road),Local,30,Junction,Clear,Daylight,Car,Over-speeding,Grievous,0,3
PN201901807,2019-01-20,2019,1,Sat,15,15:44,18.549969,73.809582,Gopal Hari Deshmukh Marg,Arterial,50,Junction,Cloudy,Daylight,Car,Over-speeding,Minor,0,1
PN201900919,2019-01-21,2019,1,Sun,9,09:59,18.54892,73.936746,Kharadi Bypass,Highway,60,Junction,Clear,Daylight,Bicycle,Brake failure/vehicle defect,Minor,0,1
PN201901870,2019-01-21,2019,1,Sun,18,18:59,18.479072,73.955935,Saswad Road,Highway,60,Junction,Clear,Dusk/Dawn,Two-wheeler,Mobile phone use,Fatal,1,2
PN201900391,2019-01-22,2019,1,Mon,17,17:15,18.533421,73.930372,Mundhwa Road,Arterial,40,Bridge/Slope,Clear,Daylight,Two-wheeler,Over-speeding,Grievous,0,2
PN201900489,2019-01-23,2019,1,Tue,12,12:11,18.49037,74.014022,(unnamed road),Collector,40,Junction,Clear,Daylight,Bicycle,Signal jumping,Grievous,0,3
PN201903506,2019-01-24,2019,1,Wed,16,16:33,18.677101,73.807668,Chikhali-Akurdi Road,Arterial,50,Junction,Rain,Daylight,Two-wheeler,Over-speeding,Minor,0,2
PN201903778,2019-01-24,2019,1,Wed,19,19:04,18.521684,73.862311,(unnamed road),Local,30,Junction,Cloudy,Dark - unlit,Two-wheeler,Brake failure/vehicle defect,Minor,0,0
PN201900797,2019-01-24,2019,1,Wed,20,20:55,18.460483,73.82247,Katraj - Dehu Road Bypass,Highway,60,Bridge/Slope,Clear,Dark - unlit,Car,Over-speeding,Minor,0,2
PN201903073,2019-01-25,2019,1,Thu,0,00:44,18.577389,73.83001,Bopodi-Dapodi Road,Collector,40,Junction,Clear,Dark - unlit,Two-wheeler,Over-speeding,Grievous,0,2
PN201901045,2019-01-25,2019,1,Thu,16,16:07,18.655083,73.758895,Krantisinha Nana Patil Road,Arterial,50,Mid-block,Clear,Daylight,Pedestrian,Over-speeding,Fatal,1,1
PN201901714,2019-01-25,2019,1,Thu,18,18:02,18.678854,73.843194,(unnamed road),Local,30,Junction,Clear,Dusk/Dawn,Car,Wrong-side driving,Minor,0,2
PN201903248,2019-01-25,2019,1,Thu,18,18:15,18.576187,73.876535,Sant Dyaneshwar Marg,Arterial,50,Junction,Clear,Dusk/Dawn,Two-wheeler,Signal jumping,Minor,0,0
PN201900589,2019-01-25,2019,1,Thu,20,20:44,18.493744,73.78813,Katraj - Dehu Road Bypass,Highway,80,Bridge/Slope,Clear,Dark - unlit,Truck/Tempo,Signal jumping,Fatal,1,1
PN201902797,2019-01-25,2019,1,Thu,22,22:01,18.54966,73.847454,(unnamed road),Local,30,Junction,Clear,Dark - lit,Two-wheeler,Drunk driving,Fatal,1,1
PN201903042,2019-01-26,2019,1,Fri,14,14:05,18.582568,73.77052,(unnamed road),Collector,40,Mid-block,Clear,Daylight,Two-wheeler,Over-speeding,Grievous,0,3
PN201901167,2019-01-26,2019,1,Fri,23,23:24,18.454766,73.872943,(unnamed road),Local,30,Junction,Cloudy,Dark - lit,Car,Over-speeding,Minor,0,2
PN201901485,2019-01-27,2019,1,Sat,8,08:42,18.626819,73.805401,Service Road,Arterial,50,Mid-block,Clear,Daylight,Two-wheeler,Over-speeding,Fatal,1,1
PN201901425,2019-01-27,2019,1,Sat,22,22:38,18.471221,73.85948,(unnamed road),Collector,40,Mid-block,Clear,Dark - unlit,Bicycle,Drunk driving,Fatal,1,2
PN201901528,2019-01-28,2019,1,Sun,10,10:12,18.449582,73.94867,(unnamed road),Collector,40,Mid-block,Clear,Daylight,Auto-rickshaw,Over-speeding,Fatal,1,1
PN201901220,2019-01-28,2019,1,Sun,13,13:24,18.45922,73.879696,(unnamed road),Local,30,Junction,Clear,Daylight,Bus,Over-speeding,Minor,0,0
PN201900246,2019-01-28,2019,1,Sun,21,21:31,18.49026,74.014838,(unnamed road),Collector,40,Junction,Clear,Dark - lit,Two-wheeler,Pothole/road condition,Grievous,0,2
PN201902818,2019-02-02,2019,2,Fri,12,12:25,18.584645,73.855395,(unnamed road),Local,30,Junction,Clear,Daylight,Pedestrian,Drunk driving,Grievous,0,3
PN201900691,2019-02-02,2019,2,Fri,17,17:08,18.453375,73.858334,Satara Road,Highway,60,Junction,Clear,Daylight,Pedestrian,Signal jumping,Grievous,0,2
PN201901591,2019-02-03,2019,2,Sat,12,12:51,18.502717,73.818415,Karve Road,Arterial,50,Junction,Clear,Daylight,Two-wheeler,Over-speeding,Grievous,0,2
PN201903702,2019-02-04,2019,2,Sun,9,09:00,18.663359,73.823897,Sawatha Mali Temple Road,Collector,40,Junction,Clear,Daylight,Car,Over-speeding,Grievous,0,1
PN201902228,2019-02-06,2019,2,Tue,16,16:39,18.576993,73.959733,Lane Number 3,Local,30,Mid-block,Clear,Daylight,Pedestrian,Over-speeding,Fatal,2,0
PN201903664,2019-02-07,2019,2,Wed,11,11:12,18.481766,73.854082,Shiv Darshan Road,Collector,30,Junction,Clear,Daylight,Two-wheeler,Over-speeding,Minor,0,2
PN201903455,2019-02-07,2019,2,Wed,20,20:27,18.445636,73.896845,(unnamed road),Local,30,Junction,Clear,Dark - lit,Auto-rickshaw,Wrong-side driving,Minor,0,2
PN201903254,2019-02-08,2019,2,Thu,4,04:42,18.685343,73.72094,Katraj - Dehu Road Bypass,Highway,80,Mid-block,Cloudy,Dark - unlit,Two-wheeler,Other,Fatal,1,0
PN201901331,2019-02-09,2019,2,Fri,15,15:29,18.562182,73.908473,Sakore Nagar Road,Collector,40,Junction,Clear,Daylight,Two-wheeler,Over-speeding,Fatal,1,2
PN201901632,2019-02-09,2019,2,Fri,15,15:47,18.583335,73.764015,(unnamed road),Local,30,Mid-block,Clear,Daylight,Two-wheeler,Other,Grievous,0,2
PN201900622,2019-02-09,2019,2,Fri,22,22:32,18.605847,73.751667,Service Road,Arterial,50,Junction,Clear,Dark - lit,Bicycle,Over-speeding,Minor,0,0
PN201901402,2019-02-10,2019,2,Sat,0,00:26,18.50509,73.913363,(unnamed road),Local,30,Junction,Clear,Dark - lit,Two-wheeler,Over-speeding,Grievous,0,2
PN201901146,2019-02-10,2019,2,Sat,3,03:55,18.563314,73.933369,(unnamed road),Highway,40,Junction,Clear,Dark - unlit,Bicycle,Rash/careless driving,Grievous,0,3
PN201902404,2019-02-11,2019,2,Sun,19,19:57,18.526605,73.832545,(unnamed road),Collector,40,Mid-block,Clear,Dark - lit,Pedestrian,Over-speeding,Fatal,1,0
PN201902921,2019-02-12,2019,2,Mon,1,01:29,18.487911,73.948048,(unnamed road),Local,30,Junction,Clear,Dark - lit,Auto-rickshaw,Pothole/road condition,Minor,0,0
PN201902847,2019-02-13,2019,2,Tue,2,02:29,18.607003,73.937559,(unnamed road),Local,30,Junction,Clear,Dark - lit,Two-wheeler,Over-speeding,Minor,0,1
PN201903019,2019-02-13,2019,2,Tue,11,11:59,18.538386,73.781246,Katraj - Dehu Road Bypass,Highway,80,Mid-block,Clear,Daylight,Two-wheeler,Over-speeding,Minor,0,0
PN201903862,2019-02-13,2019,2,Tue,15,15:09,18.591202,73.739804,Hinjawadi - Wakad Road,Arterial,30,Mid-block,Clear,Daylight,Two-wheeler,Over-speeding,Minor,0,2
PN201903263,2019-02-13,2019,2,Tue,21,21:03,18.432983,73.888086,(unnamed road),Local,30,Mid-block,Clear,Dark - lit,Auto-rickshaw,Over-speeding,Fatal,1,2
PN201901010,2019-02-14,2019,2,Wed,16,16:40,18.460129,73.822984,Katraj - Dehu Road Bypass,Highway,60,Junction,Clear,Daylight,Two-wheeler,Over-speeding,Fatal,1,2
PN201901653,2019-02-14,2019,2,Wed,23,23:28,18.518364,73.86835,Jawaharlal Nehru Marg,Arterial,50,Junction,Cloudy,Dark - lit,Truck/Tempo,Over-speeding,Minor,0,0
PN201900985,2019-02-15,2019,2,Thu,14,14:34,18.44438,73.8365,Katraj - Dehu Road Bypass,Highway,85,Bridge/Slope,Clear,Daylight,Two-wheeler,Over-speeding,Fatal,1,1
PN201902753,2019-02-15,2019,2,Thu,17,17:15,18.483262,73.809261,Karve Road,Arterial,40,Junction,Clear,Daylight,Two-wheeler,Over-speeding,Minor,0,1
PN201901584,2019-02-17,2019,2,Sat,4,04:25,18.499052,73.858237,Late Keshavrao Jedhe Flyover,Highway,60,Mid-block,Clear,Dark - unlit,Two-wheeler,Mobile phone use,Fatal,1,1
PN201900628,2019-02-18,2019,2,Sun,10,10:52,18.48725,73.95225,(unnamed road),Highway,60,Junction,Clear,Daylight,Bus,Mobile phone use,Fatal,1,1
PN201900730,2019-02-18,2019,2,Sun,11,11:18,18.459169,73.824233,Navale Flyover,Highway,80,Bridge/Slope,Cloudy,Daylight,Car,Rash/careless driving,Grievous,0,1
PN201900848,2019-02-18,2019,2,Sun,12,12:50,18.453868,73.828002,Katraj - Dehu Road Bypass,Highway,85,Bridge/Slope,Clear,Daylight,Two-wheeler,Over-speeding,Fatal,1,1
PN201900603,2019-02-18,2019,2,Sun,18,18:00,18.484809,73.799234,Katraj - Dehu Road Bypass,Highway,55,Junction,Cloudy,Dusk/Dawn,Two-wheeler,Over-speeding,Fatal,1,2
PN201903332,2019-02-18,2019,2,Sun,19,19:56,18.62668,73.874589,Sant Dyaneshwar Marg,Arterial,50,Mid-block,Clear,Dark - lit,Bus,Over-speeding,Grievous,0,3
PN201903767,2019-02-19,2019,2,Mon,5,05:30,18.557662,73.846322,Old Pune–Mumbai Highway,Highway,60,Junction,Clear,Dark - unlit,Truck/Tempo,Over-speeding,Grievous,0,3
PN201902361,2019-02-19,2019,2,Mon,17,17:07,18.519816,73.859065,(unnamed road),Local,30,Junction,Clear,Daylight,Pedestrian,Over-speeding,Fatal,1,1
PN201902980,2019-02-20,2019,2,Tue,12,12:44,18.451338,73.893951,NH548DD,Highway,60,Mid-block,Clear,Daylight,Truck/Tempo,Over-speeding,Fatal,1,1
PN201903829,2019-02-20,2019,2,Tue,13,13:11,18.641416,73.802796,Auto Cluster Back Side Road,Arterial,50,Mid-block,Clear,Daylight,Pedestrian,Over-speeding,Minor,0,2
PN201903474,2019-02-20,2019,2,Tue,14,14:32,18.59896,73.787286,Shivraj Nagar - Kokane Chowk Road,Collector,40,Junction,Clear,Daylight,Two-wheeler,Signal jumping,Grievous,0,1
PN201903447,2019-02-21,2019,2,Wed,15,15:32,18.618824,73.746989,Katraj - Dehu Road Bypass,Highway,80,Mid-block,Clear,Daylight,Truck/Tempo,Over-speeding,Grievous,0,2
PN201900567,2019-02-21,2019,2,Wed,17,17:41,18.557364,73.944669,(unnamed road),Collector,40,Junction,Rain,Daylight,Two-wheeler,Over-speeding,Grievous,0,2
PN201903885,2019-02-22,2019,2,Thu,2,02:34,18.427349,73.928686,(unnamed road),Local,30,Mid-block,Cloudy,Dark - lit,Truck/Tempo,Drunk driving,Minor,0,1
PN201901765,2019-02-22,2019,2,Thu,14,14:09,18.667823,73.795828,Spine Road,Arterial,50,Mid-block,Clear,Daylight,Car,Over-speeding,Grievous,0,1
PN201903066,2019-02-22,2019,2,Thu,20,20:49,18.590139,73.819304,(unnamed road),Local,30,Mid-block,Clear,Dark - unlit,Pedestrian,Drunk driving,Grievous,0,2
PN201900918,2019-02-22,2019,2,Thu,23,23:20,18.564839,73.914132,Viman Nagar Avenue 2,Collector,40,Junction,Clear,Dark - unlit,Two-wheeler,Over-speeding,Fatal,2,0
PN201900760,2019-02-23,2019,2,Fri,20,20:18,18.505063,73.91865,(unnamed road),Collector,40,Junction,Clear,Dark - lit,Two-wheeler,Rash/careless driving,Fatal,1,1
PN201902875,2019-02-23,2019,2,Fri,20,20:57,18.652353,73.845159,(unnamed road),Arterial,50,Mid-block,Clear,Dark - unlit,Bicycle,Wrong-side driving,Fatal,1,2
PN201900895,2019-02-24,2019,2,Sat,5,05:12,18.441677,73.974608,NH965,Highway,60,Mid-block,Clear,Dark - unlit,Pedestrian,Rash/careless driving,Minor,0,0
PN201900786,2019-02-24,2019,2,Sat,19,19:29,18.56517,73.913746,Viman Nagar Road,Collector,40,Junction,Clear,Dark - unlit,Bus,Signal jumping,Grievous,0,3
PN201900260,2019-02-25,2019,2,Sun,4,04:11,18.507687,73.787258,Paud Road,Arterial,40,Junction,Clear,Dark - lit,Two-wheeler,Rash/careless driving,Minor,0,2
PN201903827,2019-02-25,2019,2,Sun,11,11:50,18.595517,73.802294,Vibgyor School Road,Collector,40,Junction,Clear,Daylight,Truck/Tempo,Over-speeding,Minor,0,0
PN201902988,2019-02-28,2019,2,Wed,17,17:43,18.548745,73.897635,West Avenue,Arterial,50,Junction,Clear,Daylight,Two-wheeler,Over-speeding,Fatal,1,0
PN201901085,2019-02-28,2019,2,Wed,22,22:27,18.53784,73.981096,(unnamed road),Collector,40,Mid-block,Clear,Dark - unlit,Pedestrian,Pothole/road condition,Fatal,1,0
PN201900956,2019-02-28,2019,2,Wed,22,22:55,18.454433,73.857632,Khashaba Jadhav Path | Lane Number 6,Collector,40,Junction,Clear,Dark - lit,Car,Rash/careless driving,Grievous,0,1
PN201902828,2019-03-01,2019,3,Sun,6,06:50,18.592318,73.759596,Wakad Flyover,Arterial,50,Mid-block,Clear,Dusk/Dawn,Pedestrian,Other,Grievous,0,3
PN201900256,2019-03-01,2019,3,Sun,18,18:39,18.454598,73.827587,Katraj - Dehu Road Bypass,Highway,85,Junction,Clear,Dusk/Dawn,Truck/Tempo,Over-speeding,Fatal,1,0
PN201900239,2019-03-01,2019,3,Sun,23,23:50,18.458917,73.824238,Navale Flyover,Highway,85,Bridge/Slope,Clear,Dark - unlit,Two-wheeler,Over-speeding,Fatal,1,0
PN201903166,2019-03-02,2019,3,Mon,2,02:55,18.659346,73.886351,Sant Dyaneshwar Marg,Arterial,50,Mid-block,Clear,Dark - unlit,Two-wheeler,Other,Fatal,1,0
PN201903608,2019-03-02,2019,3,Mon,9,09:30,18.47225,73.822976,(unnamed road),Local,30,Mid-block,Clear,Daylight,Two-wheeler,Over-speeding,Minor,0,0
PN201902770,2019-03-02,2019,3,Mon,23,23:12,18.484286,73.883812,(unnamed road),Local,30,Junction,Clear,Dark - unlit,Two-wheeler,Rash/careless driving,Grievous,0,1
PN201900480,2019-03-03,2019,3,Tue,6,06:27,18.549351,73.936686,Kharadi Bypass,Highway,60,Junction,Clear,Dusk/Dawn,Truck/Tempo,Other,Grievous,0,3
PN201903921,2019-03-03,2019,3,Tue,12,12:10,18.603981,73.777286,Hedgewar road,Arterial,50,Junction,Clear,Daylight,Car,Pothole/road condition,Grievous,0,3
PN201901719,2019-03-04,2019,3,Wed,5,05:03,18.556134,73.89693,West Street Genba Moze Road,Collector,40,Mid-block,Clear,Dark - lit,Two-wheeler,Over-speeding,Grievous,0,2
PN201902700,2019-03-05,2019,3,Thu,6,06:13,18.477866,73.873448,Gangadham - Shatrunjay Road,Arterial,50,Mid-block,Clear,Dusk/Dawn,Pedestrian,Wrong-side driving,Fatal,1,2
PN201901240,2019-03-06,2019,3,Fri,1,01:15,18.487549,73.932307,(unnamed road),Local,30,Mid-block,Clear,Dark - unlit,Auto-rickshaw,Rash/careless driving,Grievous,0,2
PN201903428,2019-03-06,2019,3,Fri,14,14:46,18.45756,73.88966,(unnamed road),Local,30,Junction,Clear,Daylight,Car,Pothole/road condition,Minor,0,1
PN201900009,2019-03-06,2019,3,Fri,16,16:24,18.492488,73.998857,(unnamed road),Collector,40,Mid-block,Clear,Daylight,Car,Drunk driving,Grievous,0,1
PN201902989,2019-03-07,2019,3,Sat,3,03:12,18.562138,73.938892,Nagar Road,Highway,60,Junction,Clear,Dark - unlit,Truck/Tempo,Rash/careless driving,Fatal,2,2
PN201903830,2019-03-08,2019,3,Sun,10,10:23,18.447263,73.72128,(unnamed road),Collector,40,Mid-block,Clear,Daylight,Two-wheeler,Rash/careless driving,Minor,0,2
PN201902941,2019-03-08,2019,3,Sun,20,20:23,18.571326,73.774854,Balewadi High Street,Collector,40,Mid-block,Clear,Dark - lit,Car,Over-speeding,Minor,0,1
PN201900714,2019-03-08,2019,3,Sun,22,22:33,18.507693,73.787329,Paud Road,Arterial,40,Junction,Clear,Dark - unlit,Auto-rickshaw,Signal jumping,Minor,0,0
PN201903481,2019-03-09,2019,3,Mon,9,09:11,18.557329,73.793662,Gopal Hari Deshmukh Marg,Arterial,80,Junction,Clear,Daylight,Auto-rickshaw,Over-speeding,Grievous,0,3
PN201901365,2019-03-09,2019,3,Mon,13,13:41,18.617827,73.919024,(unnamed road),Local,30,Junction,Clear,Daylight,Two-wheeler,Rash/careless driving,Fatal,1,2
PN201903145,2019-03-09,2019,3,Mon,16,16:29,18.520428,73.883207,Bana Marg (Mayo Road),Collector,40,Junction,Clear,Daylight,Car,Signal jumping,Fatal,1,2
PN201902202,2019-03-10,2019,3,Tue,18,18:45,18.61722,73.956172,(unnamed road),Local,30,Junction,Clear,Dusk/Dawn,Pedestrian,Over-speeding,Fatal,2,0
PN201900870,2019-03-11,2019,3,Wed,4,04:24,18.486154,73.953564,Fursungi Bhekrai Road,Collector,40,Junction,Clear,Dark - lit,Two-wheeler,Wrong-side driving,Fatal,1,0
PN201901277,2019-03-11,2019,3,Wed,14,14:44,18.564411,73.775686,Gopal Hari Deshmukh Marg,Arterial,50,Mid-block,Clear,Daylight,Bus,Over-speeding,Grievous,0,3
PN201901127,2019-03-11,2019,3,Wed,20,20:56,18.665337,73.847341,(unnamed road),Local,30,Junction,Clear,Dark - lit,Two-wheeler,Over-speeding,Grievous,0,1
PN201901657,2019-03-11,2019,3,Wed,23,23:19,18.719567,73.850462,Pune Nashik Road,Highway,60,Mid-block,Cloudy,Dark - unlit,Truck/Tempo,Rash/careless driving,Grievous,0,2
PN201900089,2019-03-12,2019,3,Thu,5,05:43,18.485762,73.953002,Saswad Road,Highway,60,Junction,Clear,Dark - unlit,Two-wheeler,Wrong-side driving,Minor,0,2
PN201902754,2019-03-13,2019,3,Fri,4,04:45,18.671251,73.979116,SH58,Arterial,50,Junction,Rain,Dark - lit,Two-wheeler,Pothole/road condition,Grievous,0,3
PN201902166,2019-03-14,2019,3,Sat,11,11:59,18.459182,73.824871,Katraj - Dehu Road Bypass,Highway,60,Junction,Clear,Daylight,Car,Over-speeding,Fatal,1,0
PN201900619,2019-03-14,2019,3,Sat,12,12:04,18.46037,73.822634,Katraj - Dehu Road Bypass,Highway,60,Bridge/Slope,Clear,Daylight,Two-wheeler,Over-speeding,Minor,0,2
PN201903287,2019-03-14,2019,3,Sat,17,17:22,18.563126,73.848787,Breman Chowk - Khadki Bazar Road,Arterial,50,Mid-block,Clear,Daylight,Bus,Other,Grievous,0,2
PN201901023,2019-03-15,2019,3,Sun,1,01:29,18.50229,73.919,(unnamed road),Collector,40,Junction,Clear,Dark - lit,Car,Drunk driving,Fatal,1,1
PN201902815,2019-03-15,2019,3,Sun,15,15:05,18.48931,73.868541,Shivneri Marg,Arterial,50,Junction,Clear,Daylight,Two-wheeler,Over-speeding,Fatal,1,1
PN201900209,2019-03-15,2019,3,Sun,22,22:13,18.453375,73.828599,Katraj - Dehu Road Bypass,Highway,85,Bridge/Slope,Clear,Dark - unlit,Two-wheeler,Over-speeding,Fatal,1,1
PN201902660,2019-03-15,2019,3,Sun,23,23:41,18.620205,73.789684,(unnamed road),Arterial,50,Junction,Clear,Dark - lit,Pedestrian,Over-speeding,Grievous,0,2
PN201900904,2019-03-16,2019,3,Mon,10,10:03,18.485979,73.952901,Saswad Road,Highway,60,Junction,Clear,Daylight,Auto-rickshaw,Over-speeding,Minor,0,2
PN201903160,2019-03-16,2019,3,Mon,18,18:43,18.607598,73.751168,Service Road,Arterial,50,Mid-block,Clear,Dusk/Dawn,Car,Over-speeding,Grievous,0,1
PN201902503,2019-03-17,2019,3,Tue,23,23:40,18.656861,73.769302,Kashinath Kadam Road,Local,30,Junction,Clear,Dark - lit,Two-wheeler,Other,Minor,0,0
PN201900047,2019-03-18,2019,3,Wed,12,12:22,18.485237,73.955072,Fursungi Bhekrai Road,Collector,40,Junction,Cloudy,Daylight,Two-wheeler,Over-speeding,Minor,0,1
PN201902641,2019-03-18,2019,3,Wed,16,16:44,18.533947,73.86115,Sangamwadi Road,Arterial,50,Mid-block,Clear,Daylight,Two-wheeler,Wrong-side driving,Minor,0,0
PN201902931,2019-03-19,2019,3,Thu,3,03:23,18.566241,73.918341,Viman Nagar Road,Collector,40,Junction,Clear,Dark - unlit,Car,Over-speeding,Grievous,0,3
PN201901434,2019-03-19,2019,3,Thu,9,09:12,18.544532,73.993288,(unnamed road),Local,30,Mid-block,Clear,Daylight,Two-wheeler,Rash/careless driving,Grievous,0,3
PN201902114,2019-03-19,2019,3,Thu,18,18:41,18.521376,73.770488,(unnamed road),Local,30,Mid-block,Rain,Dusk/Dawn,Two-wheeler,Over-speeding,Grievous,0,1
PN201900336,2019-03-19,2019,3,Thu,19,19:18,18.496642,73.943346,Saswad Road,Highway,60,Junction,Clear,Dark - unlit,Two-wheeler,Over-speeding,Fatal,1,1
PN201900223,2019-03-19,2019,3,Thu,20,20:09,18.604749,73.752059,(unnamed road),Arterial,50,Junction,Rain,Dark - lit,Two-wheeler,Over-speeding,Fatal,1,1
PN201901746,2019-03-20,2019,3,Fri,1,01:32,18.641371,73.822822,(unnamed road),Collector,40,Mid-block,Clear,Dark - lit,Two-wheeler,Over-speeding,Grievous,0,2
PN201901633,2019-03-20,2019,3,Fri,10,10:43,18.573566,73.756609,Mhalunge - Baner Road,Arterial,50,Junction,Clear,Daylight,Pedestrian,Over-speeding,Fatal,1,0
PN201902198,2019-03-20,2019,3,Fri,18,18:08,18.624534,73.915838,DY Patil University Road,Collector,40,Mid-block,Clear,Dusk/Dawn,Car,Over-speeding,Minor,0,1
PN201903092,2019-03-20,2019,3,Fri,20,20:12,18.625076,73.796439,(unnamed road),Local,30,Mid-block,Clear,Dark - lit,Pedestrian,Over-speeding,Fatal,2,2
PN201900579,2019-03-21,2019,3,Sat,2,02:57,18.460396,73.823221,Katraj - Dehu Road Bypass,Highway,60,Junction,Cloudy,Dark - unlit,Two-wheeler,Drunk driving,Fatal,2,1
PN201901783,2019-03-21,2019,3,Sat,6,06:27,18.682355,73.812207,(unnamed road),Local,30,Mid-block,Clear,Dusk/Dawn,Two-wheeler,Over-speeding,Minor,0,1
PN201903552,2019-03-21,2019,3,Sat,8,08:09,18.611388,73.783476,Hedgewar road,Arterial,50,Junction,Clear,Daylight,Two-wheeler,Over-speeding,Minor,0,2
PN201903190,2019-03-21,2019,3,Sat,10,10:52,18.595964,73.895266,Dhaonri - Lohgaon Road,Arterial,50,Junction,Clear,Daylight,Truck/Tempo,Other,Grievous,0,1
PN201900103,2019-03-24,2019,3,Tue,1,01:30,18.444576,73.836363,Katraj - Dehu Road Bypass,Highway,85,Bridge/Slope,Cloudy,Dark - unlit,Car,Brake failure/vehicle defect,Grievous,0,2
PN201902432,2019-03-24,2019,3,Tue,15,15:46,18.45798,73.807187,Sinhagad Road,Arterial,50,Junction,Clear,Daylight,Two-wheeler,Pothole/road condition,Minor,0,1
PN201903883,2019-03-24,2019,3,Tue,17,17:32,18.54518,73.883999,Deccan College Road,Highway,60,Junction,Clear,Daylight,Car,Rash/careless driving,Minor,0,1
PN201902857,2019-03-24,2019,3,Tue,23,23:17,18.631008,73.737837,Punavale - Jambe Gaon Road,Collector,40,Junction,Clear,Dark - lit,Two-wheeler,Over-speeding,Minor,0,0
PN201901520,2019-03-25,2019,3,Wed,7,07:55,18.603475,73.931136,Wadgaon Shinde Road,Collector,40,Mid-block,Clear,Daylight,Auto-rickshaw,Brake failure/vehicle defect,Grievous,0,1
PN201901100,2019-03-25,2019,3,Wed,9,09:08,18.458966,73.812278,Dhayari Road,Arterial,50,Junction,Clear,Daylight,Pedestrian,Over-speeding,Minor,0,2
PN201900749,2019-03-25,2019,3,Wed,15,15:52,18.501706,73.791955,Katraj - Dehu Road Bypass,Highway,80,Bridge/Slope,Clear,Daylight,Truck/Tempo,Brake failure/vehicle defect,Fatal,1,1
PN201903297,2019-03-26,2019,3,Thu,1,01:26,18.669458,73.889212,(unnamed road),Local,30,Junction,Clear,Dark - unlit,Two-wheeler,Over-speeding,Fatal,1,1
PN201902032,2019-03-26,2019,3,Thu,4,04:42,18.607561,73.785704,Gabaji Thopate Marg,Local,30,Mid-block,Clear,Dark - lit,Bus,Rash/careless driving,Grievous,0,3
PN201901553,2019-03-26,2019,3,Thu,10,10:35,18.42394,73.834967,(unnamed road),Local,30,Mid-block,Clear,Daylight,Car,Over-speeding,Grievous,0,1
PN201900470,2019-03-26,2019,3,Thu,13,13:42,18.452889,73.829008,Katraj - Dehu Road Bypass,Highway,85,Bridge/Slope,Clear,Daylight,Two-wheeler,Over-speeding,Fatal,1,2
PN201903109,2019-03-28,2019,3,Sat,16,16:28,18.477539,73.857098,Satara Road,Highway,60,Mid-block,Clear,Daylight,Truck/Tempo,Pothole/road condition,Grievous,0,1
PN201900625,2019-03-28,2019,3,Sat,17,17:46,18.506766,73.7867,Paud Road,Arterial,50,Junction,Clear,Daylight,Two-wheeler,Over-speeding,Fatal,1,0
PN201902281,2019-04-02,2019,4,Thu,14,14:05,18.492299,73.861982,(unnamed road),Collector,40,Junction,Cloudy,Daylight,Car,Wrong-side driving,Minor,0,0
PN201900665,2019-04-03,2019,4,Fri,8,08:52,18.490098,74.014397,(unnamed road),Collector,40,Junction,Clear,Daylight,Two-wheeler,Over-speeding,Grievous,0,3
PN201901297,2019-04-04,2019,4,Sat,16,16:06,18.675311,73.759959,Old Pune–Mumbai Highway,Highway,60,Mid-block,Clear,Daylight,Two-wheeler,Over-speeding,Minor,0,0
PN201900552,2019-04-04,2019,4,Sat,18,18:07,18.489946,74.015913,Solapur Road,Highway,60,Junction,Clear,Dusk/Dawn,Truck/Tempo,Pothole/road condition,Minor,0,1
PN201902234,2019-04-05,2019,4,Sun,9,09:19,18.60283,73.725355,(unnamed road),Collector,30,Mid-block,Clear,Daylight,Two-wheeler,Other,Grievous,0,1
PN201903158,2019-04-05,2019,4,Sun,18,18:12,18.480396,73.802724,NDA Road,Arterial,50,Junction,Cloudy,Dusk/Dawn,Two-wheeler,Over-speeding,Minor,0,2
PN201903617,2019-04-05,2019,4,Sun,19,19:47,18.591494,73.948074,Lohgaon - Wagholi Road,Arterial,50,Junction,Clear,Dark - unlit,Two-wheeler,Mobile phone use,Minor,0,1
PN201903775,2019-04-06,2019,4,Mon,7,07:03,18.493665,73.894214,Prince Of Wales Drive,Collector,40,Mid-block,Clear,Daylight,Two-wheeler,Other,Grievous,0,1
PN201900966,2019-04-06,2019,4,Mon,9,09:34,18.496349,73.943586,Saswad Road,Highway,60,Junction,Clear,Daylight,Car,Over-speeding,Fatal,1,1
PN201900331,2019-04-06,2019,4,Mon,9,09:46,18.609397,73.8204,(unnamed road),Arterial,40,Junction,Clear,Daylight,Pedestrian,Signal jumping,Fatal,1,1
PN201900138,2019-04-06,2019,4,Mon,13,13:21,18.604447,73.752602,Mumbai - Satara Highway,Highway,80,Junction,Clear,Daylight,Two-wheeler,Mobile phone use,Fatal,1,1
PN201900803,2019-04-06,2019,4,Mon,19,19:13,18.557533,73.945023,(unnamed road),Collector,40,Junction,Clear,Dark - lit,Car,Over-speeding,Grievous,0,1
PN201900959,2019-04-07,2019,4,Tue,10,10:38,18.56359,73.914481,(unnamed road),Collector,40,Junction,Clear,Daylight,Truck/Tempo,Over-speeding,Grievous,0,3
PN201903180,2019-04-07,2019,4,Tue,22,22:26,18.660082,73.742174,(unnamed road),Local,30,Mid-block,Clear,Dark - lit,Two-wheeler,Over-speeding,Minor,0,0
PN201902790,2019-04-07,2019,4,Tue,22,22:48,18.50686,73.880063,Solapur Road,Highway,60,Junction,Clear,Dark - unlit,Bicycle,Over-speeding,Grievous,0,1
PN201901959,2019-04-08,2019,4,Wed,9,09:25,18.601033,73.794277,Kokane Chowk - Rahatani Road,Collector,40,Mid-block,Clear,Daylight,Two-wheeler,Rash/careless driving,Grievous,0,2
PN201902433,2019-04-08,2019,4,Wed,12,12:42,18.701753,73.912929,(unnamed road),Local,30,Mid-block,Clear,Daylight,Two-wheeler,Rash/careless driving,Minor,0,2
PN201903577,2019-04-08,2019,4,Wed,15,15:01,18.475168,73.856372,Satara Road,Highway,60,Mid-block,Clear,Daylight,Two-wheeler,Over-speeding,Minor,0,0
PN201901753,2019-04-09,2019,4,Thu,9,09:11,18.661653,73.791887,Chinchwad - Akurdi Link Road,Arterial,50,Junction,Clear,Daylight,Car,Pothole/road condition,Grievous,0,1
PN201903618,2019-04-09,2019,4,Thu,11,11:05,18.687663,73.860228,(unnamed road),Local,30,Mid-block,Cloudy,Daylight,Two-wheeler,Other,Grievous,0,2
PN201901708,2019-04-09,2019,4,Thu,13,13:44,18.458751,73.890885,Kondhwa Main Road,Arterial,50,Junction,Clear,Daylight,Two-wheeler,Mobile phone use,Grievous,0,2
PN201900660,2019-04-09,2019,4,Thu,15,15:43,18.60634,73.752169,Service Road,Arterial,50,Junction,Clear,Daylight,Two-wheeler,Over-speeding,Grievous,0,3
PN201900065,2019-04-11,2019,4,Sat,9,09:42,18.485883,73.953974,Fursungi Bhekrai Road,Collector,40,Junction,Clear,Daylight,Pedestrian,Over-speeding,Grievous,0,3
PN201902007,2019-04-11,2019,4,Sat,10,10:33,18.552304,73.879472,(unnamed road),Collector,40,Junction,Clear,Daylight,Pedestrian,Drunk driving,Fatal,1,0
PN201902695,2019-04-11,2019,4,Sat,21,21:22,18.438875,73.776599,Khadakwasla Village Bypass Road,Arterial,50,Junction,Clear,Dark - lit,Auto-rickshaw,Mobile phone use,Grievous,0,1
PN201900875,2019-04-12,2019,4,Sun,7,07:33,18.534291,73.92851,Mundhwa Road,Arterial,40,Junction,Clear,Daylight,Two-wheeler,Over-speeding,Minor,0,1
PN201901655,2019-04-12,2019,4,Sun,13,13:47,18.691855,73.791312,Talawade Road,Arterial,50,Mid-block,Clear,Daylight,Car,Over-speeding,Minor,0,0
PN201902486,2019-04-12,2019,4,Sun,22,22:27,18.483079,73.951267,(unnamed road),Local,30,Junction,Clear,Dark - lit,Bus,Drunk driving,Minor,0,1
PN201902284,2019-04-12,2019,4,Sun,23,23:28,18.504649,73.858961,Shivaji Road,Highway,60,Junction,Cloudy,Dark - unlit,Two-wheeler,Drunk driving,Fatal,1,2
PN201900014,2019-04-13,2019,4,Mon,9,09:29,18.533293,73.931424,Mundhwa Road,Arterial,40,Bridge/Slope,Clear,Daylight,Bicycle,Wrong-side driving,Fatal,1,2
PN201903289,2019-04-14,2019,4,Tue,11,11:05,18.4473,73.834455,Katraj - Dehu Road Bypass,Highway,85,Mid-block,Clear,Daylight,Truck/Tempo,Signal jumping,Fatal,1,0
PN201901726,2019-04-14,2019,4,Tue,18,18:57,18.65435,73.840021,MIDC Road,Arterial,50,Mid-block,Clear,Dusk/Dawn,Two-wheeler,Over-speeding,Grievous,0,3
PN201903047,2019-04-15,2019,4,Wed,14,14:50,18.506309,73.803508,(unnamed road),Local,30,Mid-block,Clear,Daylight,Two-wheeler,Wrong-side driving,Fatal,1,2
PN201901344,2019-04-15,2019,4,Wed,17,17:29,18.552741,73.820495,University Road,Arterial,50,Mid-block,Clear,Daylight,Car,Over-speeding,Minor,0,2
PN201903719,2019-04-15,2019,4,Wed,22,22:20,18.611248,73.742392,Indira college road,Local,30,Junction,Clear,Dark - unlit,Car,Over-speeding,Fatal,1,2
PN201901111,2019-04-16,2019,4,Thu,9,09:38,18.480839,73.863718,Prabodhankar Thakare Path,Arterial,50,Mid-block,Clear,Daylight,Truck/Tempo,Over-speeding,Fatal,1,1
PN201903728,2019-04-16,2019,4,Thu,11,11:04,18.517062,73.976208,Manjari Railway Flyover,Arterial,50,Junction,Clear,Daylight,Truck/Tempo,Wrong-side driving,Minor,0,1
PN201900221,2019-04-16,2019,4,Thu,15,15:01,18.460027,73.823335,Navale Flyover,Highway,80,Bridge/Slope,Clear,Daylight,Two-wheeler,Over-speeding,Fatal,1,2
PN201900436,2019-04-16,2019,4,Thu,17,17:02,18.53332,73.93062,Mundhwa Road,Arterial,40,Bridge/Slope,Clear,Daylight,Two-wheeler,Other,Grievous,0,3
PN201901698,2019-04-17,2019,4,Fri,9,09:52,18.660795,73.778158,(unnamed road),Local,30,Junction,Cloudy,Daylight,Two-wheeler,Other,Grievous,0,1
PN201901298,2019-04-17,2019,4,Fri,11,11:43,18.587991,73.788952,Aundh Ravet Road,Arterial,50,Mid-block,Clear,Daylight,Two-wheeler,Pothole/road condition,Fatal,1,0
PN201903918,2019-04-17,2019,4,Fri,19,19:03,18.622033,73.745491,Service Road,Arterial,50,Mid-block,Clear,Dark - lit,Auto-rickshaw,Rash/careless driving,Minor,0,2
PN201901153,2019-04-18,2019,4,Sat,2,02:56,18.602476,73.764458,Datta Mandir Road,Arterial,50,Junction,Clear,Dark - lit,Bus,Over-speeding,Minor,0,2
PN201902328,2019-04-18,2019,4,Sat,11,11:54,18.596817,73.789925,Rahatani Road,Arterial,50,Junction,Rain,Daylight,Car,Rash/careless driving,Grievous,0,2
PN201900295,2019-04-19,2019,4,Sun,16,16:18,18.486795,73.952719,Fursungi Bhekrai Road,Collector,40,Junction,Clear,Daylight,Two-wheeler,Over-speeding,Fatal,1,1
PN201902390,2019-04-19,2019,4,Sun,23,23:06,18.53826,73.781118,Katraj - Dehu Road Bypass,Highway,80,Mid-block,Clear,Dark - unlit,Truck/Tempo,Rash/careless driving,Minor,0,0
PN201900777,2019-04-20,2019,4,Mon,3,03:50,18.460214,73.823452,Katraj - Dehu Road Bypass,Highway,60,Junction,Clear,Dark - unlit,Two-wheeler,Over-speeding,Fatal,1,1
PN201902975,2019-04-20,2019,4,Mon,11,11:10,18.568316,73.907982,Pratapkumar Path,Collector,40,Junction,Clear,Daylight,Two-wheeler,Other,Minor,0,1
PN201901219,2019-04-20,2019,4,Mon,11,11:14,18.531021,73.849773,Shivajinagar Railway Station Road,Arterial,50,Junction,Clear,Daylight,Car,Over-speeding,Fatal,1,2
PN201901737,2019-04-20,2019,4,Mon,11,11:25,18.720939,73.851209,Pune Nashik Road,Highway,60,Mid-block,Clear,Daylight,Two-wheeler,Other,Fatal,1,0
PN201900680,2019-04-20,2019,4,Mon,13,13:56,18.492618,73.997951,(unnamed road),Collector,40,Mid-block,Clear,Daylight,Two-wheeler,Brake failure/vehicle defect,Fatal,1,2
PN201901060,2019-04-20,2019,4,Mon,15,15:46,18.635837,73.76758,Akurdi Chikhali Road,Arterial,60,Mid-block,Clear,Daylight,Truck/Tempo,Other,Minor,0,0
PN201900038,2019-04-20,2019,4,Mon,21,21:52,18.494588,73.788023,Katraj - Dehu Road Bypass,Highway,80,Bridge/Slope,Clear,Dark - unlit,Bus,Over-speeding,Minor,0,0
PN201900053,2019-04-20,2019,4,Mon,22,22:31,18.430844,73.84043,Ambegaon Viaduct,Highway,75,Bridge/Slope,Cloudy,Dark - unlit,Car,Rash/careless driving,Fatal,1,1
PN201900544,2019-04-21,2019,4,Tue,20,20:11,18.604755,73.751962,(unnamed road),Arterial,40,Junction,Clear,Dark - lit,Two-wheeler,Over-speeding,Minor,0,2
PN201902076,2019-04-22,2019,4,Wed,18,18:18,18.631192,73.801558,Punyashlok Ahilyabai Holkar Underpass,Highway,80,Mid-block,Clear,Dusk/Dawn,Truck/Tempo,Rash/careless driving,Fatal,1,2
PN201901103,2019-04-22,2019,4,Wed,18,18:51,18.555285,73.906262,Airport New Road Underpass,Arterial,50,Mid-block,Clear,Dusk/Dawn,Two-wheeler,Over-speeding,Fatal,1,0
PN201902008,2019-04-24,2019,4,Fri,1,01:20,18.558873,73.839688,Range Hills Road,Collector,40,Mid-block,Clear,Dark - unlit,Two-wheeler,Over-speeding,Minor,0,2
PN201900878,2019-04-24,2019,4,Fri,7,07:50,18.49946,73.9396,Saswad Road,Highway,40,Junction,Clear,Daylight,Truck/Tempo,Rash/careless driving,Grievous,0,3
PN201901363,2019-04-24,2019,4,Fri,9,09:51,18.593851,73.829969,Old Pune–Mumbai Highway,Highway,60,Junction,Clear,Daylight,Truck/Tempo,Over-speeding,Fatal,1,0
PN201901452,2019-04-24,2019,4,Fri,20,20:43,18.677905,73.871913,Dehu - Alandi Road,Arterial,50,Junction,Clear,Dark - unlit,Auto-rickshaw,Over-speeding,Fatal,1,1
PN201903438,2019-04-24,2019,4,Fri,22,22:29,18.495649,73.975352,Solapur Road,Highway,60,Junction,Clear,Dark - unlit,Truck/Tempo,Over-speeding,Fatal,1,2
PN201903887,2019-04-25,2019,4,Sat,8,08:55,18.488708,73.931906,Handewadi Road,Arterial,50,Junction,Clear,Daylight,Two-wheeler,Signal jumping,Minor,0,1
PN201900355,2019-04-25,2019,4,Sat,17,17:48,18.604043,73.752316,exit to bhumkar wasti,Arterial,20,Junction,Clear,Daylight,Two-wheeler,Pothole/road condition,Grievous,0,1
PN201902140,2019-04-25,2019,4,Sat,22,22:27,18.516223,73.932989,Mundhwa Road,Highway,60,Mid-block,Clear,Dark - unlit,Truck/Tempo,Rash/careless driving,Fatal,1,1
PN201901096,2019-04-26,2019,4,Sun,1,01:40,18.429558,73.838491,(unnamed road),Local,30,Mid-block,Clear,Dark - lit,Two-wheeler,Over-speeding,Minor,0,1
PN201901401,2019-04-26,2019,4,Sun,10,10:56,18.634738,73.750858,Aundh-Ravet Road,Arterial,50,Mid-block,Clear,Daylight,Auto-rickshaw,Over-speeding,Minor,0,2
PN201901251,2019-04-26,2019,4,Sun,12,12:58,18.593495,73.797279,Jarvari Road,Collector,40,Junction,Clear,Daylight,Two-wheeler,Pothole/road condition,Grievous,0,2
PN201902692,2019-04-27,2019,4,Mon,7,07:53,18.656732,73.757784,Nigdi-Kiwale Road,Arterial,50,Mid-block,Clear,Daylight,Two-wheeler,Rash/careless driving,Grievous,0,2
PN201900097,2019-04-27,2019,4,Mon,17,17:24,18.548535,73.936503,Kharadi Bypass,Highway,60,Junction,Clear,Daylight,Car,Other,Grievous,0,1
PN201901649,2019-04-28,2019,4,Tue,21,21:22,18.524553,73.873016,Dr. Annie Besant Path,Arterial,50,Mid-block,Clear,Dark - lit,Two-wheeler,Over-speeding,Fatal,1,0
PN201901338,2019-04-28,2019,4,Tue,22,22:24,18.461277,73.910882,(unnamed road),Local,30,Mid-block,Clear,Dark - lit,Two-wheeler,Rash/careless driving,Minor,0,2
PN201903929,2019-05-01,2019,5,Sat,12,12:39,18.626234,73.819126,(unnamed road),Collector,40,Junction,Clear,Daylight,Two-wheeler,Over-speeding,Grievous,0,1
PN201903670,2019-05-02,2019,5,Sun,6,06:01,18.508638,73.831197,Bharatratna Atal Bihari Vajpayee Flyover,Arterial,50,Mid-block,Clear,Dusk/Dawn,Auto-rickshaw,Over-speeding,Minor,0,1
PN201903368,2019-05-02,2019,5,Sun,13,13:47,18.50678,73.821503,Pu. Bha. Bhave Path,Collector,40,Junction,Clear,Daylight,Bus,Over-speeding,Grievous,0,2
PN201903322,2019-05-02,2019,5,Sun,23,23:48,18.500434,73.755228,Paud Road,Arterial,50,Junction,Clear,Dark - lit,Two-wheeler,Over-speeding,Fatal,1,2
PN201902859,2019-05-03,2019,5,Mon,9,09:53,18.608263,73.771434,Aundh Ravet Road,Arterial,50,Junction,Clear,Daylight,Auto-rickshaw,Over-speeding,Minor,0,0
PN201900442,2019-05-03,2019,5,Mon,15,15:35,18.43113,73.839975,Ambegaon Viaduct,Highway,75,Bridge/Slope,Clear,Daylight,Truck/Tempo,Over-speeding,Fatal,1,1
PN201903189,2019-05-04,2019,5,Tue,17,17:20,18.488251,73.794485,Katraj - Dehu Road Bypass,Highway,80,Mid-block,Clear,Daylight,Auto-rickshaw,Over-speeding,Grievous,0,3
PN201902414,2019-05-04,2019,5,Tue,23,23:46,18.55273,74.01924,(unnamed road),Collector,30,Mid-block,Clear,Dark - lit,Bus,Rash/careless driving,Minor,0,0
PN201902313,2019-05-05,2019,5,Wed,12,12:08,18.52738,73.784172,Pashan-Bavdhan Road,Arterial,50,Mid-block,Clear,Daylight,Auto-rickshaw,Pothole/road condition,Minor,0,1
PN201903379,2019-05-05,2019,5,Wed,17,17:13,18.563442,73.77426,(unnamed road),Local,30,Mid-block,Clear,Daylight,Car,Over-speeding,Minor,0,0
PN201900159,2019-05-05,2019,5,Wed,21,21:41,18.56158,73.93126,(unnamed road),Collector,40,Junction,Clear,Dark - lit,Two-wheeler,Over-speeding,Grievous,0,1
PN201900456,2019-05-06,2019,5,Thu,7,07:04,18.459902,73.823245,Katraj - Dehu Road Bypass,Highway,60,Junction,Clear,Daylight,Two-wheeler,Over-speeding,Fatal,1,2
PN201901351,2019-05-06,2019,5,Thu,10,10:41,18.66787,73.915572,(unnamed road),Local,30,Mid-block,Clear,Daylight,Two-wheeler,Pothole/road condition,Minor,0,1
PN201902830,2019-05-06,2019,5,Thu,17,17:54,18.445808,73.955333,(unnamed road),Collector,40,Mid-block,Clear,Daylight,Truck/Tempo,Other,Grievous,0,1
PN201902434,2019-05-06,2019,5,Thu,19,19:19,18.477473,73.79771,NDA Road,Arterial,50,Junction,Cloudy,Dark - lit,Pedestrian,Signal jumping,Fatal,1,1
PN201901909,2019-05-07,2019,5,Fri,11,11:54,18.661429,73.770908,Akurdi Chikhali Marg,Arterial,50,Mid-block,Clear,Daylight,Two-wheeler,Wrong-side driving,Fatal,2,2
PN201902355,2019-05-07,2019,5,Fri,13,13:09,18.566725,73.766743,Katraj - Dehu Road Bypass,Highway,80,Mid-block,Clear,Daylight,Two-wheeler,Signal jumping,Grievous,0,1
PN201901956,2019-05-08,2019,5,Sat,17,17:58,18.531706,73.852984,(unnamed road),Local,30,Junction,Clear,Daylight,Two-wheeler,Over-speeding,Grievous,0,1
PN201901053,2019-05-09,2019,5,Sun,16,16:22,18.438657,73.759049,SH59,Arterial,50,Mid-block,Clear,Daylight,Truck/Tempo,Drunk driving,Grievous,0,2
PN201901971,2019-05-09,2019,5,Sun,16,16:38,18.532623,73.917732,Mundhwa Road,Arterial,40,Mid-block,Clear,Daylight,Two-wheeler,Over-speeding,Grievous,0,1
PN201900344,2019-05-10,2019,5,Mon,12,12:37,18.432072,73.83826,Ambegaon Viaduct,Highway,75,Bridge/Slope,Cloudy,Daylight,Two-wheeler,Rash/careless driving,Grievous,0,3
PN201903566,2019-05-10,2019,5,Mon,17,17:18,18.666626,73.735107,(unnamed road),Local,30,Mid-block,Clear,Daylight,Two-wheeler,Over-speeding,Grievous,0,1
PN201900425,2019-05-11,2019,5,Tue,21,21:25,18.507115,73.78647,(unnamed road),Arterial,50,Junction,Clear,Dark - lit,Pedestrian,Over-speeding,Minor,0,2
PN201901865,2019-05-11,2019,5,Tue,23,23:46,18.408855,73.831678,(unnamed road),Local,30,Mid-block,Clear,Dark - lit,Two-wheeler,Rash/careless driving,Grievous,0,1
PN201902377,2019-05-12,2019,5,Wed,20,20:43,18.48448,73.889811,(unnamed road),Local,30,Junction,Clear,Dark - unlit,Pedestrian,Rash/careless driving,Minor,0,0
PN201901291,2019-05-13,2019,5,Thu,14,14:48,18.540048,73.851178,New Wakadewadi MSRTC Bus Stand Road,Collector,40,Mid-block,Clear,Daylight,Two-wheeler,Rash/careless driving,Grievous,0,3
PN201903008,2019-05-14,2019,5,Fri,5,05:04,18.555471,73.773384,Rohan Seher Lane,Collector,30,Mid-block,Clear,Dark - lit,Bus,Over-speeding,Fatal,1,0
PN201901459,2019-05-14,2019,5,Fri,15,15:49,18.50296,73.925706,Solapur Road,Highway,60,Mid-block,Clear,Daylight,Truck/Tempo,Over-speeding,Grievous,0,1
PN201903763,2019-05-16,2019,5,Sun,4,04:50,18.620191,73.811686,(unnamed road),Collector,40,Mid-block,Clear,Dark - lit,Two-wheeler,Rash/careless driving,Minor,0,0
PN201902625,2019-05-16,2019,5,Sun,15,15:21,18.597718,73.781643,Aundh Ravet Road Flyover,Arterial,50,Mid-block,Clear,Daylight,Car,Over-speeding,Grievous,0,1
PN201903215,2019-05-16,2019,5,Sun,19,19:54,18.487038,73.983106,(unnamed road),Local,30,Mid-block,Clear,Dark - lit,Pedestrian,Drunk driving,Minor,0,2
PN201902173,2019-05-17,2019,5,Mon,8,08:41,18.679385,73.732284,Dehu Road Flyover,Highway,60,Mid-block,Clear,Daylight,Two-wheeler,Over-speeding,Fatal,1,2
PN201902445,2019-05-17,2019,5,Mon,13,13:59,18.539076,73.861403,(unnamed road),Local,30,Mid-block,Clear,Daylight,Auto-rickshaw,Brake failure/vehicle defect,Grievous,0,2
PN201903036,2019-05-17,2019,5,Mon,20,20:57,18.44947,73.851544,(unnamed road),Local,30,Junction,Clear,Dark - lit,Two-wheeler,Other,Minor,0,0
PN201902449,2019-05-18,2019,5,Tue,0,00:26,18.476647,73.807816,Warje Exit,Collector,30,Junction,Clear,Dark - lit,Auto-rickshaw,Drunk driving,Minor,0,2
PN201900509,2019-05-18,2019,5,Tue,7,07:51,18.5335,73.933115,Magarpatta Road,Highway,40,Junction,Clear,Daylight,Truck/Tempo,Wrong-side driving,Fatal,1,0
PN201900973,2019-05-18,2019,5,Tue,12,12:42,18.565121,73.912058,Viman Nagar Road,Collector,40,Junction,Clear,Daylight,Bus,Other,Grievous,0,3
PN201903025,2019-05-19,2019,5,Wed,10,10:53,18.448414,73.833663,Katraj - Dehu Road Bypass,Highway,85,Mid-block,Clear,Daylight,Bus,Over-speeding,Minor,0,2
PN201903321,2019-05-19,2019,5,Wed,16,16:30,18.46777,73.857827,Sadguru Shankar Maharaj Uddanpul,Highway,60,Mid-block,Clear,Daylight,Two-wheeler,Other,Grievous,0,3
PN201901670,2019-05-19,2019,5,Wed,17,17:11,18.470888,73.769067,NDA Road,Collector,27,Mid-block,Clear,Daylight,Two-wheeler,Wrong-side driving,Grievous,0,3
PN201901855,2019-05-20,2019,5,Thu,9,09:57,18.626889,73.835332,Nigdi Bhosari Road,Arterial,50,Mid-block,Clear,Daylight,Bus,Over-speeding,Grievous,0,2
PN201903491,2019-05-20,2019,5,Thu,14,14:54,18.677881,73.747158,Old Pune–Mumbai Highway,Highway,60,Mid-block,Cloudy,Daylight,Car,Over-speeding,Fatal,1,0
PN201902823,2019-05-20,2019,5,Thu,17,17:41,18.480527,73.869986,Prabodhankar Thakare Path,Arterial,50,Junction,Clear,Daylight,Bicycle,Other,Minor,0,2
PN201903001,2019-05-20,2019,5,Thu,18,18:00,18.645357,73.791277,(unnamed road),Local,30,Mid-block,Clear,Dusk/Dawn,Two-wheeler,Wrong-side driving,Fatal,1,1
PN201903359,2019-05-21,2019,5,Fri,6,06:26,18.506539,73.884429,Solapur Road,Highway,60,Junction,Cloudy,Dusk/Dawn,Two-wheeler,Wrong-side driving,Minor,0,2
PN201901578,2019-05-21,2019,5,Fri,16,16:20,18.458381,73.99951,(unnamed road),Collector,30,Mid-block,Clear,Daylight,Car,Over-speeding,Grievous,0,1
PN201903856,2019-05-22,2019,5,Sat,2,02:45,18.502736,73.852271,(unnamed road),Local,30,Mid-block,Clear,Dark - lit,Two-wheeler,Over-speeding,Fatal,1,2
PN201903442,2019-05-22,2019,5,Sat,19,19:02,18.505842,73.898494,(unnamed road),Collector,40,Mid-block,Clear,Dark - lit,Two-wheeler,Over-speeding,Grievous,0,3
PN201902141,2019-05-22,2019,5,Sat,20,20:31,18.625857,73.826879,(unnamed road),Collector,30,Junction,Clear,Dark - lit,Pedestrian,Over-speeding,Minor,0,0
PN201901123,2019-05-23,2019,5,Sun,1,01:52,18.575296,73.961654,Nagar Road,Highway,60,Junction,Clear,Dark - unlit,Pedestrian,Over-speeding,Fatal,1,2
PN201900335,2019-05-23,2019,5,Sun,17,17:17,18.576153,73.907737,Airport New Road,Arterial,50,Junction,Clear,Daylight,Auto-rickshaw,Other,Grievous,0,3
PN201902475,2019-05-23,2019,5,Sun,17,17:22,18.654366,73.803543,Nigdi Bhosari Road,Arterial,50,Mid-block,Clear,Daylight,Car,Over-speeding,Grievous,0,2
PN201902241,2019-05-23,2019,5,Sun,18,18:25,18.631537,73.955686,Wadgaon Shinde Road,Collector,40,Mid-block,Clear,Dusk/Dawn,Truck/Tempo,Over-speeding,Grievous,0,1
PN201902194,2019-05-23,2019,5,Sun,19,19:16,18.560726,73.928109,Old Mundhwa Road,Collector,40,Junction,Clear,Dark - lit,Two-wheeler,Over-speeding,Fatal,1,0
PN201903135,2019-05-23,2019,5,Sun,22,22:59,18.452325,73.845175,(unnamed road),Collector,40,Junction,Clear,Dark - lit,Bus,Drunk driving,Grievous,0,2
PN201902071,2019-05-24,2019,5,Mon,19,19:57,18.626497,73.983348,(unnamed road),Collector,40,Mid-block,Clear,Dark - lit,Bus,Rash/careless driving,Minor,0,2
PN201903157,2019-05-25,2019,5,Tue,2,02:12,18.631586,73.946642,(unnamed road),Local,30,Mid-block,Clear,Dark - lit,Two-wheeler,Mobile phone use,Minor,0,2
PN201901307,2019-05-25,2019,5,Tue,20,20:45,18.60858,73.781213,Hedgewar road,Arterial,50,Mid-block,Cloudy,Dark - lit,Car,Over-speeding,Fatal,1,2
PN201902917,2019-05-27,2019,5,Thu,5,05:18,18.599284,73.786097,Shivraj Nagar - Kokane Chowk Road,Collector,40,Mid-block,Cloudy,Dark - lit,Two-wheeler,Over-speeding,Fatal,2,1
PN201901453,2019-05-27,2019,5,Thu,9,09:54,18.643615,73.775832,(unnamed road),Local,30,Junction,Clear,Daylight,Two-wheeler,Drunk driving,Minor,0,0
PN201903657,2019-05-27,2019,5,Thu,10,10:32,18.513949,73.828713,Shrikarrao Path,Local,30,Junction,Clear,Daylight,Two-wheeler,Over-speeding,Fatal,1,0
PN201902923,2019-05-28,2019,5,Fri,9,09:40,18.669177,73.729188,Dehu Road-Vikasnagar-Mukai Chowk Road,Arterial,50,Mid-block,Clear,Daylight,Auto-rickshaw,Brake failure/vehicle defect,Fatal,1,0
PN201903502,2019-06-01,2019,6,Tue,3,03:30,18.662485,73.897327,(unnamed road),Local,30,Junction,Rain,Dark - lit,Car,Wrong-side driving,Fatal,1,0
PN201902936,2019-06-01,2019,6,Tue,18,18:00,18.526014,73.89616,Ghorpadi Road,Arterial,30,Junction,Rain,Dusk/Dawn,Two-wheeler,Over-speeding,Grievous,0,2
PN201902605,2019-06-01,2019,6,Tue,20,20:40,18.671386,73.891829,Dehu - Alandi Road,Arterial,50,Junction,Clear,Dark - lit,Truck/Tempo,Brake failure/vehicle defect,Fatal,1,2
PN201902806,2019-06-02,2019,6,Wed,15,15:59,18.52883,73.876091,(unnamed road),Arterial,50,Mid-block,Clear,Daylight,Two-wheeler,Over-speeding,Minor,0,2
PN201902731,2019-06-02,2019,6,Wed,17,17:08,18.576609,73.942624,(unnamed road),Collector,40,Junction,Rain,Daylight,Two-wheeler,Over-speeding,Fatal,1,2
PN201901950,2019-06-02,2019,6,Wed,19,19:24,18.541536,73.823807,Dr. Homi Bhabha Marg,Arterial,50,Mid-block,Clear,Dark - lit,Car,Over-speeding,Fatal,2,1
PN201901025,2019-06-03,2019,6,Thu,5,05:18,18.451742,73.829779,Katraj - Dehu Road Bypass,Highway,85,Bridge/Slope,Cloudy,Dark - unlit,Truck/Tempo,Wrong-side driving,Grievous,0,2
PN201902034,2019-06-03,2019,6,Thu,5,05:51,18.658968,73.771208,Spine Road,Arterial,50,Mid-block,Rain,Dark - lit,Two-wheeler,Rash/careless driving,Grievous,0,2
PN201900365,2019-06-03,2019,6,Thu,11,11:19,18.507604,73.786287,Paud Road,Arterial,40,Junction,Rain,Daylight,Two-wheeler,Over-speeding,Grievous,0,2
PN201901784,2019-06-03,2019,6,Thu,16,16:16,18.555023,73.906315,East Avenue,Highway,40,Mid-block,Rain,Daylight,Two-wheeler,Other,Grievous,0,2
PN201901801,2019-06-03,2019,6,Thu,16,16:40,18.423802,73.877303,Gujar Wadi Road,Collector,40,Junction,Rain,Daylight,Two-wheeler,Over-speeding,Fatal,1,0
PN201901931,2019-06-03,2019,6,Thu,18,18:40,18.557705,73.849594,Field Marshal Cariappa Road,Collector,40,Junction,Cloudy,Dusk/Dawn,Auto-rickshaw,Over-speeding,Fatal,1,2
PN201903078,2019-06-04,2019,6,Fri,12,12:11,18.466566,73.911246,(unnamed road),Collector,40,Mid-block,Clear,Daylight,Pedestrian,Over-speeding,Fatal,1,1
PN201902474,2019-06-04,2019,6,Fri,18,18:23,18.528783,73.909442,BG Shirke Road,Collector,40,Junction,Clear,Dusk/Dawn,Auto-rickshaw,Over-speeding,Fatal,1,1
PN201902800,2019-06-04,2019,6,Fri,19,19:09,18.541659,73.829634,(unnamed road),Arterial,50,Junction,Rain,Dark - lit,Bicycle,Brake failure/vehicle defect,Fatal,1,2
PN201901958,2019-06-05,2019,6,Sat,11,11:46,18.576227,73.88619,(unnamed road),Local,30,Mid-block,Clear,Daylight,Car,Over-speeding,Minor,0,2
PN201901532,2019-06-05,2019,6,Sat,18,18:10,18.465929,73.959962,(unnamed road),Highway,40,Junction,Cloudy,Dusk/Dawn,Two-wheeler,Over-speeding,Grievous,0,1
PN201901099,2019-06-06,2019,6,Sun,8,08:49,18.626302,73.863009,Bhosari - Alandi Road,Arterial,50,Mid-block,Clear,Daylight,Bicycle,Over-speeding,Fatal,1,2
PN201903531,2019-06-06,2019,6,Sun,16,16:54,18.491519,73.716184,(unnamed road),Collector,30,Mid-block,Clear,Daylight,Two-wheeler,Over-speeding,Fatal,1,2
PN201900821,2019-06-06,2019,6,Sun,18,18:58,18.490145,74.014515,Solapur Road,Highway,60,Junction,Rain,Dusk/Dawn,Bus,Over-speeding,Minor,0,2
PN201903055,2019-06-07,2019,6,Mon,20,20:21,18.489187,73.934791,(unnamed road),Local,30,Mid-block,Clear,Dark - lit,Two-wheeler,Rash/careless driving,Minor,0,0
PN201903316,2019-06-07,2019,6,Mon,21,21:37,18.608929,73.77961,(unnamed road),Local,30,Mid-block,Rain,Dark - unlit,Two-wheeler,Brake failure/vehicle defect,Grievous,0,3
PN201901810,2019-06-08,2019,6,Tue,12,12:14,18.651972,73.77439,(unnamed road),Local,30,Junction,Rain,Daylight,Two-wheeler,Over-speeding,Minor,0,0
PN201901129,2019-06-09,2019,6,Wed,22,22:32,18.577124,73.969227,Nagar Road,Highway,60,Mid-block,Rain,Dark - unlit,Bus,Over-speeding,Grievous,0,1
PN201903681,2019-06-10,2019,6,Thu,20,20:04,18.433882,73.837695,Katraj - Dehu Road Bypass,Highway,85,Mid-block,Rain,Dark - unlit,Truck/Tempo,Over-speeding,Minor,0,1
PN201900557,2019-06-11,2019,6,Fri,2,02:28,18.578327,73.906502,(unnamed road),Arterial,50,Junction,Cloudy,Dark - lit,Bus,Rash/careless driving,Minor,0,0
PN201903823,2019-06-11,2019,6,Fri,14,14:17,18.671354,73.731763,Dehu Road-Vikasnagar-Mukai Chowk Road,Arterial,50,Junction,Clear,Daylight,Two-wheeler,Over-speeding,Fatal,1,2
PN201902840,2019-06-11,2019,6,Fri,18,18:48,18.551718,73.89548,Nagar Road,Highway,60,Mid-block,Clear,Dusk/Dawn,Car,Over-speeding,Fatal,1,1
PN201900988,2019-06-12,2019,6,Sat,0,00:30,18.454227,73.827707,Katraj - Dehu Road Bypass,Highway,85,Bridge/Slope,Cloudy,Dark - unlit,Two-wheeler,Over-speeding,Fatal,2,0
PN201903834,2019-06-13,2019,6,Sun,9,09:35,18.431508,73.797783,(unnamed road),Local,30,Mid-block,Rain,Daylight,Auto-rickshaw,Rash/careless driving,Grievous,0,1
PN201903251,2019-06-13,2019,6,Sun,14,14:01,18.469469,73.777665,(unnamed road),Collector,40,Mid-block,Rain,Daylight,Two-wheeler,Over-speeding,Fatal,1,0
PN201900364,2019-06-13,2019,6,Sun,20,20:28,18.557365,73.944672,(unnamed road),Collector,40,Junction,Cloudy,Dark - lit,Car,Over-speeding,Grievous,0,3
PN201900173,2019-06-13,2019,6,Sun,22,22:11,18.49618,73.943964,Saswad Road,Highway,60,Mid-block,Clear,Dark - unlit,Truck/Tempo,Drunk driving,Fatal,1,0
PN201902835,2019-06-14,2019,6,Mon,23,23:17,18.566218,73.944557,Nagar Road,Highway,60,Junction,Cloudy,Dark - unlit,Two-wheeler,Other,Fatal,1,2
PN201900242,2019-06-15,2019,6,Tue,4,04:48,18.453597,73.828412,Katraj - Dehu Road Bypass,Highway,85,Bridge/Slope,Cloudy,Dark - unlit,Truck/Tempo,Over-speeding,Minor,0,0
PN201900213,2019-06-15,2019,6,Tue,19,19:17,18.500657,73.791313,Katraj - Dehu Road Bypass,Highway,80,Bridge/Slope,Cloudy,Dark - unlit,Truck/Tempo,Over-speeding,Fatal,1,1
PN201901008,2019-06-15,2019,6,Tue,20,20:55,18.560827,73.931137,(unnamed road),Collector,40,Junction,Clear,Dark - unlit,Two-wheeler,Other,Grievous,0,1
PN201900179,2019-06-15,2019,6,Tue,21,21:14,18.503975,73.919453,(unnamed road),Collector,40,Junction,Rain,Dark - lit,Car,Over-speeding,Minor,0,1
PN201900022,2019-06-16,2019,6,Wed,9,09:06,18.459973,73.823175,Katraj - Dehu Road Bypass,Highway,60,Junction,Clear,Daylight,Truck/Tempo,Over-speeding,Fatal,1,1
PN201902302,2019-06-16,2019,6,Wed,16,16:47,18.509789,73.830071,Vishnushastri Chiplunkar Path,Arterial,50,Junction,Clear,Daylight,Two-wheeler,Wrong-side driving,Minor,0,1
PN201902053,2019-06-16,2019,6,Wed,17,17:24,18.561858,73.849848,(unnamed road),Local,30,Junction,Rain,Daylight,Two-wheeler,Over-speeding,Minor,0,2
PN201901939,2019-06-16,2019,6,Wed,19,19:35,18.528318,73.993288,(unnamed road),Local,30,Mid-block,Clear,Dark - lit,Car,Over-speeding,Grievous,0,1
PN201901421,2019-06-17,2019,6,Thu,18,18:53,18.589275,73.775927,Wakad Road,Arterial,50,Mid-block,Rain,Dusk/Dawn,Car,Over-speeding,Minor,0,2
PN201903240,2019-06-17,2019,6,Thu,22,22:31,18.658043,73.759529,Appu Ghar-Shubham Park Road,Arterial,50,Mid-block,Clear,Dark - lit,Car,Drunk driving,Grievous,0,1
PN201902611,2019-06-18,2019,6,Fri,7,07:54,18.641773,73.803379,Auto Cluster Back Side Road,Arterial,50,Mid-block,Clear,Daylight,Two-wheeler,Over-speeding,Fatal,1,1
PN201902577,2019-06-18,2019,6,Fri,23,23:46,18.476875,73.8854,Lane Number 30,Local,30,Junction,Rain,Dark - lit,Two-wheeler,Rash/careless driving,Minor,0,1
PN201901604,2019-06-20,2019,6,Sun,16,16:44,18.626626,73.719659,(unnamed road),Local,30,Junction,Rain,Daylight,Two-wheeler,Over-speeding,Grievous,0,2
PN201901525,2019-06-20,2019,6,Sun,16,16:50,18.527005,73.870758,Sassoon Marg,Arterial,50,Mid-block,Clear,Daylight,Bicycle,Rash/careless driving,Grievous,0,3
PN201902407,2019-06-21,2019,6,Mon,19,19:25,18.573095,73.728397,(unnamed road),Local,30,Mid-block,Rain,Dark - lit,Two-wheeler,Pothole/road condition,Grievous,0,3
PN201903765,2019-06-21,2019,6,Mon,21,21:59,18.478116,73.806206,Katraj - Dehu Road Bypass,Highway,80,Mid-block,Clear,Dark - unlit,Two-wheeler,Over-speeding,Fatal,2,1
PN201902159,2019-06-22,2019,6,Tue,2,02:26,18.431465,73.910539,(unnamed road),Local,30,Mid-block,Clear,Dark - unlit,Two-wheeler,Drunk driving,Grievous,0,1
PN201901312,2019-06-22,2019,6,Tue,9,09:14,18.609069,73.757667,Hinjawadi - Chinchwad Road,Arterial,50,Mid-block,Clear,Daylight,Two-wheeler,Signal jumping,Grievous,0,2
PN201900095,2019-06-23,2019,6,Wed,10,10:16,18.492369,73.999699,(unnamed road),Collector,40,Mid-block,Clear,Daylight,Two-wheeler,Over-speeding,Fatal,1,0
PN201901887,2019-06-23,2019,6,Wed,13,13:18,18.621273,73.809726,(unnamed road),Arterial,50,Mid-block,Clear,Daylight,Two-wheeler,Rash/careless driving,Grievous,0,2
PN201900779,2019-06-24,2019,6,Thu,3,03:29,18.459927,73.823778,Katraj - Dehu Road Bypass,Highway,60,Junction,Rain,Dark - unlit,Two-wheeler,Over-speeding,Fatal,1,1
PN201900104,2019-06-24,2019,6,Thu,18,18:33,18.606373,73.751471,Service Road,Arterial,50,Junction,Rain,Dusk/Dawn,Bicycle,Over-speeding,Grievous,0,3
PN201903687,2019-06-24,2019,6,Thu,23,23:35,18.642119,73.804304,Auto Cluster Back Side Road,Arterial,50,Mid-block,Rain,Dark - lit,Car,Over-speeding,Grievous,0,3
PN201900840,2019-06-25,2019,6,Fri,8,08:34,18.459868,73.823278,Katraj - Dehu Road Bypass,Highway,60,Junction,Cloudy,Daylight,Truck/Tempo,Brake failure/vehicle defect,Fatal,1,0
PN201902531,2019-06-26,2019,6,Sat,22,22:04,18.592549,73.891275,Dhanori Road,Arterial,50,Mid-block,Rain,Dark - lit,Car,Over-speeding,Grievous,0,3
PN201902477,2019-06-27,2019,6,Sun,12,12:10,18.634794,73.828113,Nigdi Bhosari Road,Arterial,50,Junction,Clear,Daylight,Truck/Tempo,Over-speeding,Minor,0,0
PN201901736,2019-06-28,2019,6,Mon,9,09:45,18.461666,73.865936,Swami Vivekanand Marg,Arterial,50,Mid-block,Rain,Daylight,Car,Wrong-side driving,Minor,0,1
PN201902582,2019-06-28,2019,6,Mon,12,12:37,18.549222,73.870103,Deccan College Road,Arterial,50,Mid-block,Clear,Daylight,Car,Rash/careless driving,Minor,0,0
PN201900249,2019-06-28,2019,6,Mon,14,14:46,18.576966,73.907837,Airport New Road,Arterial,50,Junction,Rain,Daylight,Two-wheeler,Pothole/road condition,Fatal,1,2
PN201900914,2019-06-28,2019,6,Mon,18,18:59,18.489928,74.015553,(unnamed road),Collector,40,Junction,Rain,Dusk/Dawn,Pedestrian,Pothole/road condition,Grievous,0,3
PN201903866,2019-07-01,2019,7,Fri,6,06:07,18.667889,73.72735,Katraj - Dehu Road Bypass,Highway,80,Junction,Rain,Dusk/Dawn,Auto-rickshaw,Pothole/road condition,Grievous,0,1
PN201900231,2019-07-01,2019,7,Fri,18,18:55,18.500592,73.791096,Katraj - Dehu Road Bypass,Highway,80,Bridge/Slope,Clear,Dusk/Dawn,Two-wheeler,Rash/careless driving,Grievous,0,2
PN201900723,2019-07-01,2019,7,Fri,20,20:29,18.49237,73.997997,(unnamed road),Collector,40,Junction,Clear,Dark - lit,Auto-rickshaw,Over-speeding,Grievous,0,2
PN201901858,2019-07-02,2019,7,Sat,1,01:14,18.639393,73.756996,(unnamed road),Arterial,50,Junction,Clear,Dark - lit,Truck/Tempo,Pothole/road condition,Minor,0,0
PN201902995,2019-07-03,2019,7,Sun,10,10:21,18.612137,73.749726,Katraj - Dehu Road Bypass,Highway,80,Mid-block,Cloudy,Daylight,Truck/Tempo,Over-speeding,Minor,0,0
PN201901549,2019-07-03,2019,7,Sun,21,21:27,18.517949,73.770496,Bavdhan Gaon Rd,Collector,30,Mid-block,Clear,Dark - lit,Two-wheeler,Over-speeding,Minor,0,1
PN201902909,2019-07-04,2019,7,Mon,10,10:42,18.494484,73.812234,Lane 3,Local,30,Mid-block,Rain,Daylight,Two-wheeler,Rash/careless driving,Grievous,0,3
PN201902416,2019-07-04,2019,7,Mon,15,15:00,18.622104,73.839576,Nigdi Bhosari Road,Arterial,50,Mid-block,Clear,Daylight,Two-wheeler,Other,Grievous,0,2
PN201901759,2019-07-05,2019,7,Tue,9,09:35,18.661091,73.889567,Charholi Road,Collector,40,Junction,Clear,Daylight,Two-wheeler,Over-speeding,Minor,0,0
PN201903876,2019-07-05,2019,7,Tue,14,14:34,18.453393,73.981546,Wadki Road,Collector,40,Junction,Clear,Daylight,Car,Wrong-side driving,Fatal,1,1
PN201900136,2019-07-06,2019,7,Wed,2,02:05,18.460515,73.823043,Katraj - Dehu Road Bypass,Highway,60,Junction,Rain,Dark - unlit,Truck/Tempo,Brake failure/vehicle defect,Grievous,0,3
PN201901255,2019-07-06,2019,7,Wed,9,09:02,18.605619,73.752323,Hinjawadi - Chinchwad Road,Arterial,50,Junction,Clear,Daylight,Truck/Tempo,Other,Grievous,0,1
PN201900177,2019-07-06,2019,7,Wed,9,09:09,18.507589,73.786111,Paud Road,Arterial,40,Junction,Rain,Daylight,Two-wheeler,Signal jumping,Minor,0,0
PN201901433,2019-07-06,2019,7,Wed,10,10:59,18.557912,73.932091,(unnamed road),Collector,40,Mid-block,Cloudy,Daylight,Bus,Over-speeding,Minor,0,2
PN201900542,2019-07-06,2019,7,Wed,20,20:17,18.442465,73.974173,NH965,Highway,60,Junction,Clear,Dark - unlit,Truck/Tempo,Wrong-side driving,Grievous,0,2
PN201900518,2019-07-07,2019,7,Thu,7,07:32,18.45934,73.82375,Katraj - Dehu Road Bypass,Highway,60,Junction,Clear,Daylight,Truck/Tempo,Pothole/road condition,Grievous,0,1
PN201902454,2019-07-07,2019,7,Thu,11,11:13,18.514644,73.943519,Crescent Road,Arterial,50,Mid-block,Clear,Daylight,Two-wheeler,Over-speeding,Fatal,1,1
PN201900861,2019-07-07,2019,7,Thu,12,12:17,18.605348,73.752161,Hinjawadi - Chinchwad Road,Arterial,50,Junction,Clear,Daylight,Two-wheeler,Over-speeding,Minor,0,1
PN201900841,2019-07-07,2019,7,Thu,13,13:02,18.49755,73.942121,Saswad Road,Highway,60,Mid-block,Rain,Daylight,Two-wheeler,Other,Grievous,0,1
PN201902792,2019-07-07,2019,7,Thu,13,13:39,18.48239,73.857356,Satara Road,Highway,60,Junction,Rain,Daylight,Two-wheeler,Over-speeding,Minor,0,0
PN201902831,2019-07-07,2019,7,Thu,23,23:29,18.422486,73.97329,(unnamed road),Collector,30,Junction,Rain,Dark - lit,Two-wheeler,Over-speeding,Grievous,0,1
PN201902373,2019-07-08,2019,7,Fri,15,15:13,18.569167,73.843031,Elphinstone Road,Arterial,50,Mid-block,Cloudy,Daylight,Car,Over-speeding,Grievous,0,3
PN201903101,2019-07-08,2019,7,Fri,15,15:23,18.514536,73.830815,Krushna Path,Local,30,Mid-block,Cloudy,Daylight,Bicycle,Over-speeding,Minor,0,2
PN201900909,2019-07-08,2019,7,Fri,19,19:36,18.495283,73.78777,Katraj - Dehu Road Bypass,Highway,80,Bridge/Slope,Clear,Dark - unlit,Pedestrian,Over-speeding,Fatal,2,0
PN201901181,2019-07-09,2019,7,Sat,0,00:27,18.4635,73.819207,Katraj - Dehu Road Bypass,Highway,80,Junction,Rain,Dark - unlit,Two-wheeler,Over-speeding,Minor,0,1
PN201902871,2019-07-09,2019,7,Sat,10,10:54,18.584482,73.979586,Bawadi Rd,Collector,40,Junction,Rain,Daylight,Two-wheeler,Over-speeding,Minor,0,1
PN201901510,2019-07-09,2019,7,Sat,17,17:55,18.664362,73.792507,(unnamed road),Local,30,Mid-block,Clear,Daylight,Two-wheeler,Other,Grievous,0,2
PN201903863,2019-07-10,2019,7,Sun,9,09:59,18.658007,73.723474,Gahunje - Mukai Chowk Kiwale - Ravet Road,Arterial,50,Mid-block,Clear,Daylight,Car,Mobile phone use,Grievous,0,2
PN201902263,2019-07-10,2019,7,Sun,12,12:15,18.567506,73.768125,Gopal Hari Deshmukh Marg,Arterial,50,Mid-block,Clear,Daylight,Auto-rickshaw,Over-speeding,Grievous,0,1
PN201900164,2019-07-10,2019,7,Sun,16,16:15,18.430528,73.840617,Ambegaon Viaduct,Highway,75,Bridge/Slope,Clear,Daylight,Car,Over-speeding,Grievous,0,2
PN201900845,2019-07-11,2019,7,Mon,16,16:58,18.495523,73.787776,Katraj - Dehu Road Bypass,Highway,80,Bridge/Slope,Cloudy,Daylight,Car,Over-speeding,Grievous,0,2
PN201903459,2019-07-11,2019,7,Mon,18,18:14,18.508139,73.793419,Paud Road,Arterial,50,Junction,Cloudy,Dusk/Dawn,Car,Over-speeding,Fatal,1,0
PN201902117,2019-07-11,2019,7,Mon,18,18:51,18.644729,73.847803,(unnamed road),Local,30,Junction,Clear,Dusk/Dawn,Two-wheeler,Pothole/road condition,Grievous,0,3
PN201901173,2019-07-12,2019,7,Tue,21,21:38,18.471843,74.017103,(unnamed road),Collector,30,Mid-block,Clear,Dark - lit,Two-wheeler,Signal jumping,Grievous,0,2
PN201900210,2019-07-13,2019,7,Wed,10,10:34,18.430054,73.841047,Katraj - Dehu Road Bypass,Highway,80,Bridge/Slope,Rain,Daylight,Two-wheeler,Pothole/road condition,Grievous,0,3
PN201903418,2019-07-13,2019,7,Wed,13,13:05,18.498563,73.712894,Paud Road,Arterial,50,Mid-block,Rain,Daylight,Two-wheeler,Over-speeding,Minor,0,2
PN201900184,2019-07-13,2019,7,Wed,13,13:28,18.496548,73.943474,Saswad Road,Highway,60,Junction,Clear,Daylight,Pedestrian,Wrong-side driving,Minor,0,1
PN201901669,2019-07-13,2019,7,Wed,20,20:16,18.47873,73.824723,(unnamed road),Local,30,Junction,Rain,Dark - lit,Auto-rickshaw,Over-speeding,Grievous,0,2
PN201903673,2019-07-14,2019,7,Thu,11,11:32,18.58077,73.980719,Nagar Road,Highway,60,Junction,Clear,Daylight,Bicycle,Pothole/road condition,Grievous,0,2
PN201902862,2019-07-15,2019,7,Fri,3,03:42,18.56132,73.776715,Baner - Balewadi Road,Collector,40,Mid-block,Rain,Dark - lit,Two-wheeler,Over-speeding,Grievous,0,1
PN201902157,2019-07-15,2019,7,Fri,13,13:20,18.449581,74.022331,(unnamed road),Collector,30,Mid-block,Clear,Daylight,Bicycle,Wrong-side driving,Grievous,0,1
PN201902776,2019-07-15,2019,7,Fri,13,13:37,18.6625,73.727619,Mumbai - Pune Expressway,Highway,100,Mid-block,Cloudy,Daylight,Truck/Tempo,Over-speeding,Fatal,1,1
PN201900091,2019-07-15,2019,7,Fri,14,14:39,18.502584,73.936691,Tupe Patil Road,Collector,40,Junction,Clear,Daylight,Two-wheeler,Over-speeding,Grievous,0,1
PN201900684,2019-07-15,2019,7,Fri,17,17:09,18.56075,73.931126,(unnamed road),Collector,40,Junction,Rain,Daylight,Two-wheeler,Pothole/road condition,Grievous,0,2
PN201902276,2019-07-15,2019,7,Fri,19,19:12,18.489228,74.021055,Solapur Road,Highway,60,Mid-block,Rain,Dark - unlit,Pedestrian,Other,Fatal,1,2
PN201902877,2019-07-15,2019,7,Fri,19,19:50,18.510539,73.868655,Mahatma Phule Path,Arterial,50,Junction,Clear,Dark - unlit,Truck/Tempo,Over-speeding,Grievous,0,1
PN201901282,2019-07-16,2019,7,Sat,7,07:36,18.501563,73.853995,Balaji Vishwanath Path,Highway,60,Junction,Cloudy,Daylight,Car,Rash/careless driving,Grievous,0,1
PN201903484,2019-07-16,2019,7,Sat,11,11:31,18.579111,73.993522,(unnamed road),Local,30,Junction,Clear,Daylight,Truck/Tempo,Over-speeding,Fatal,1,1
PN201900333,2019-07-17,2019,7,Sun,2,02:57,18.461305,73.821347,Katraj - Dehu Road Bypass,Highway,60,Bridge/Slope,Clear,Dark - unlit,Two-wheeler,Wrong-side driving,Fatal,1,0
PN201900907,2019-07-17,2019,7,Sun,9,09:06,18.502576,73.936807,Tupe Patil Road,Collector,40,Junction,Clear,Daylight,Car,Over-speeding,Minor,0,0
PN201902494,2019-07-17,2019,7,Sun,9,09:14,18.49231,73.758023,(unnamed road),Local,30,Mid-block,Rain,Daylight,Auto-rickshaw,Mobile phone use,Grievous,0,3
PN201902703,2019-07-17,2019,7,Sun,16,16:08,18.466562,73.826889,(unnamed road),Local,30,Mid-block,Rain,Daylight,Two-wheeler,Over-speeding,Grievous,0,3
PN201901419,2019-07-17,2019,7,Sun,20,20:27,18.579463,73.974914,Nagar Road,Highway,60,Junction,Clear,Dark - unlit,Bicycle,Rash/careless driving,Grievous,0,1
PN201900587,2019-07-18,2019,7,Mon,12,12:13,18.459916,73.823232,Katraj - Dehu Road Bypass,Highway,60,Junction,Rain,Daylight,Two-wheeler,Pothole/road condition,Grievous,0,1
PN201902090,2019-07-18,2019,7,Mon,15,15:21,18.691467,73.797313,(unnamed road),Collector,30,Mid-block,Cloudy,Daylight,Two-wheeler,Over-speeding,Grievous,0,1
PN201903320,2019-07-18,2019,7,Mon,19,19:32,18.717269,73.87475,Chakan-Alandi (Alankapuri) Road,Arterial,40,Mid-block,Clear,Dark - lit,Car,Over-speeding,Fatal,2,0
PN201901352,2019-07-18,2019,7,Mon,20,20:09,18.46155,73.929183,(unnamed road),Local,30,Junction,Clear,Dark - lit,Bus,Pothole/road condition,Minor,0,1
PN201902556,2019-07-19,2019,7,Tue,10,10:34,18.600417,73.942049,(unnamed road),Local,30,Junction,Rain,Daylight,Two-wheeler,Pothole/road condition,Grievous,0,1
PN201901779,2019-07-19,2019,7,Tue,21,21:24,18.473547,73.856474,Satara Road,Highway,60,Junction,Rain,Dark - unlit,Car,Over-speeding,Minor,0,0
PN201901834,2019-07-20,2019,7,Wed,0,00:31,18.545846,73.889278,Nagar Road,Highway,60,Mid-block,Clear,Dark - unlit,Two-wheeler,Over-speeding,Fatal,1,2
PN201900702,2019-07-20,2019,7,Wed,10,10:14,18.563429,73.934101,Nagar Road,Highway,60,Mid-block,Clear,Daylight,Pedestrian,Over-speeding,Fatal,1,1
PN201900742,2019-07-20,2019,7,Wed,12,12:34,18.550341,73.938176,Kharadi South Main Road,Arterial,50,Junction,Clear,Daylight,Car,Rash/careless driving,Grievous,0,1
PN201900525,2019-07-20,2019,7,Wed,12,12:50,18.454356,73.857237,Khashaba Jadhav Path | Lane Number 6,Collector,30,Junction,Rain,Daylight,Bus,Pothole/road condition,Fatal,1,2
PN201902372,2019-07-20,2019,7,Wed,21,21:05,18.58933,73.783781,Swapnil Joshi Road,Local,30,Junction,Rain,Dark - lit,Two-wheeler,Pothole/road condition,Fatal,1,2
PN201900839,2019-07-21,2019,7,Thu,7,07:26,18.485598,73.79852,Warje Road,Collector,30,Junction,Clear,Daylight,Pedestrian,Over-speeding,Fatal,1,2
PN201900296,2019-07-21,2019,7,Thu,17,17:05,18.49296,73.788638,Katraj - Dehu Road Bypass,Highway,80,Bridge/Slope,Clear,Daylight,Pedestrian,Over-speeding,Minor,0,0
PN201901457,2019-07-22,2019,7,Fri,5,05:44,18.435054,73.795472,Nandoshi Road,Local,30,Junction,Clear,Dark - lit,Two-wheeler,Signal jumping,Grievous,0,3
PN201901275,2019-07-22,2019,7,Fri,19,19:51,18.482491,73.78496,(unnamed road),Local,30,Junction,Rain,Dark - lit,Two-wheeler,Rash/careless driving,Grievous,0,3
PN201900596,2019-07-22,2019,7,Fri,22,22:40,18.455057,73.858764,Satara Road,Highway,60,Junction,Clear,Dark - unlit,Two-wheeler,Rash/careless driving,Fatal,1,0
PN201903074,2019-07-22,2019,7,Fri,23,23:22,18.630458,73.850533,Pune Nashik Road,Highway,60,Junction,Rain,Dark - unlit,Car,Rash/careless driving,Grievous,0,1
PN201903228,2019-07-23,2019,7,Sat,7,07:49,18.51922,73.940002,(unnamed road),Arterial,50,Junction,Rain,Daylight,Bus,Over-speeding,Grievous,0,2
PN201900535,2019-07-23,2019,7,Sat,19,19:12,18.490156,74.013997,(unnamed road),Collector,40,Junction,Rain,Dark - lit,Two-wheeler,Over-speeding,Grievous,0,3
PN201902429,2019-07-24,2019,7,Sun,13,13:56,18.627386,73.734764,(unnamed road),Local,30,Junction,Cloudy,Daylight,Pedestrian,Pothole/road condition,Fatal,1,2
PN201902451,2019-07-25,2019,7,Mon,15,15:27,18.652278,73.929566,(unnamed road),Collector,40,Mid-block,Clear,Daylight,Car,Other,Grievous,0,1
PN201903741,2019-07-25,2019,7,Mon,17,17:11,18.434702,73.955942,(unnamed road),Local,30,Mid-block,Rain,Daylight,Pedestrian,Over-speeding,Fatal,2,0
PN201900450,2019-07-25,2019,7,Mon,20,20:21,18.444801,73.972554,Saswad Road,Highway,60,Mid-block,Clear,Dark - unlit,Bus,Brake failure/vehicle defect,Minor,0,1
PN201903780,2019-07-25,2019,7,Mon,22,22:51,18.497298,73.821784,(unnamed road),Local,30,Junction,Rain,Dark - lit,Car,Mobile phone use,Grievous,0,2
PN201901263,2019-07-26,2019,7,Tue,7,07:39,18.619239,73.811953,(unnamed road),Arterial,40,Mid-block,Cloudy,Daylight,Two-wheeler,Wrong-side driving,Fatal,1,2
PN201903519,2019-07-26,2019,7,Tue,14,14:29,18.442524,73.88411,(unnamed road),Local,30,Junction,Clear,Daylight,Pedestrian,Over-speeding,Minor,0,0
PN201900211,2019-07-26,2019,7,Tue,21,21:52,18.455274,73.826805,Sinhagad Road Exit,Highway,40,Bridge/Slope,Clear,Dark - unlit,Two-wheeler,Over-speeding,Grievous,0,1
PN201900291,2019-07-27,2019,7,Wed,1,01:56,18.495109,73.787938,Katraj - Dehu Road Bypass,Highway,80,Bridge/Slope,Clear,Dark - unlit,Pedestrian,Rash/careless driving,Fatal,1,1
PN201900096,2019-07-27,2019,7,Wed,6,06:52,18.49428,73.787917,Katraj - Dehu Road Bypass,Highway,80,Bridge/Slope,Rain,Dusk/Dawn,Truck/Tempo,Over-speeding,Minor,0,0
PN201901098,2019-07-27,2019,7,Wed,9,09:50,18.466716,74.035156,(unnamed road),Collector,40,Mid-block,Rain,Daylight,Bicycle,Mobile phone use,Grievous,0,3
PN201903899,2019-07-27,2019,7,Wed,17,17:57,18.567912,73.729599,(unnamed road),Local,30,Mid-block,Clear,Daylight,Two-wheeler,Over-speeding,Minor,0,2
PN201903095,2019-07-27,2019,7,Wed,19,19:00,18.474658,73.833649,(unnamed road),Local,30,Junction,Clear,Dark - lit,Bicycle,Over-speeding,Grievous,0,3
PN201901507,2019-07-28,2019,7,Thu,1,01:50,18.555544,73.863186,(unnamed road),Collector,50,Junction,Clear,Dark - lit,Two-wheeler,Rash/careless driving,Fatal,1,1
PN201901630,2019-07-28,2019,7,Thu,3,03:10,18.678184,73.734781,Dehu Road Flyover,Highway,60,Mid-block,Cloudy,Dark - unlit,Two-wheeler,Over-speeding,Fatal,1,0
PN201901712,2019-07-28,2019,7,Thu,6,06:24,18.655009,73.850844,(unnamed road),Local,30,Junction,Clear,Dusk/Dawn,Two-wheeler,Mobile phone use,Grievous,0,2
PN201900867,2019-07-28,2019,7,Thu,16,16:27,18.608328,73.82103,Old Pune–Mumbai Highway,Highway,80,Junction,Clear,Daylight,Pedestrian,Other,Fatal,1,0
PN201901894,2019-07-28,2019,7,Thu,18,18:35,18.473917,73.856442,Satara Road,Highway,60,Junction,Clear,Dusk/Dawn,Two-wheeler,Over-speeding,Grievous,0,3
PN201902593,2019-08-01,2019,8,Mon,9,09:48,18.478167,74.011522,(unnamed road),Collector,30,Mid-block,Clear,Daylight,Pedestrian,Mobile phone use,Grievous,0,3
PN201902716,2019-08-01,2019,8,Mon,11,11:04,18.574339,73.959387,Nagar Road,Highway,60,Junction,Clear,Daylight,Car,Other,Fatal,1,1
PN201903715,2019-08-01,2019,8,Mon,15,15:32,18.480219,73.777248,NDA Road,Collector,27,Mid-block,Rain,Daylight,Two-wheeler,Over-speeding,Grievous,0,2
PN201900763,2019-08-01,2019,8,Mon,22,22:02,18.507512,73.788088,Katraj - Dehu Road Bypass,Highway,80,Junction,Clear,Dark - unlit,Truck/Tempo,Over-speeding,Grievous,0,3
PN201901334,2019-08-01,2019,8,Mon,22,22:51,18.487656,73.8705,Jawaharlal Nehru Marg,Arterial,50,Junction,Rain,Dark - unlit,Bus,Rash/careless driving,Minor,0,0
PN201903460,2019-08-01,2019,8,Mon,23,23:12,18.591036,73.949826,Lohgaon - Wagholi Road,Arterial,50,Junction,Clear,Dark - lit,Two-wheeler,Over-speeding,Minor,0,1
PN201902334,2019-08-02,2019,8,Tue,16,16:19,18.608967,73.757539,Hinjawadi - Chinchwad Road,Arterial,50,Mid-block,Clear,Daylight,Pedestrian,Over-speeding,Grievous,0,1
PN201901348,2019-08-02,2019,8,Tue,18,18:47,18.659045,73.828593,(unnamed road),Local,30,Junction,Rain,Dusk/Dawn,Two-wheeler,Over-speeding,Grievous,0,3
PN201900523,2019-08-02,2019,8,Tue,20,20:23,18.556592,73.943831,(unnamed road),Collector,40,Junction,Clear,Dark - lit,Car,Over-speeding,Minor,0,0
PN201903310,2019-08-04,2019,8,Thu,8,08:31,18.666117,73.814687,(unnamed road),Arterial,50,Mid-block,Clear,Daylight,Truck/Tempo,Over-speeding,Fatal,2,2
PN201900795,2019-08-05,2019,8,Fri,9,09:43,18.460158,73.822942,Katraj - Dehu Road Bypass,Highway,60,Junction,Clear,Daylight,Two-wheeler,Rash/careless driving,Minor,0,0
PN201903024,2019-08-05,2019,8,Fri,14,14:18,18.661181,73.779851,(unnamed road),Arterial,50,Mid-block,Clear,Daylight,Car,Over-speeding,Minor,0,0
PN201901247,2019-08-05,2019,8,Fri,22,22:26,18.650437,73.79147,(unnamed road),Local,30,Junction,Clear,Dark - unlit,Auto-rickshaw,Other,Grievous,0,3
PN201902928,2019-08-06,2019,8,Sat,18,18:33,18.54525,73.778224,Pashan-Sus Road,Arterial,50,Mid-block,Clear,Dusk/Dawn,Two-wheeler,Over-speeding,Fatal,2,1
PN201900224,2019-08-07,2019,8,Sun,1,01:36,18.507663,73.786978,Paud Road,Arterial,40,Junction,Clear,Dark - lit,Car,Other,Fatal,1,2
PN201902627,2019-08-07,2019,8,Sun,9,09:43,18.678362,73.733344,(unnamed road),Local,30,Junction,Rain,Daylight,Car,Over-speeding,Grievous,0,1
PN201902938,2019-08-07,2019,8,Sun,19,19:23,18.491627,73.789818,Katraj - Dehu Road Bypass,Highway,80,Mid-block,Clear,Dark - unlit,Two-wheeler,Over-speeding,Fatal,1,0
PN201902415,2019-08-08,2019,8,Mon,2,02:04,18.517919,73.839026,Bhandarkar Path,Collector,40,Junction,Clear,Dark - lit,Two-wheeler,Wrong-side driving,Fatal,1,1
PN201900592,2019-08-08,2019,8,Mon,19,19:53,18.46033,73.82332,Katraj - Dehu Road Bypass,Highway,60,Junction,Rain,Dark - unlit,Auto-rickshaw,Over-speeding,Grievous,0,2
PN201901707,2019-08-08,2019,8,Mon,21,21:36,18.483868,73.87148,Jawaharlal Nehru Marg,Arterial,50,Junction,Clear,Dark - lit,Two-wheeler,Over-speeding,Fatal,1,1
PN201902369,2019-08-09,2019,8,Tue,13,13:38,18.630308,73.742659,Service Road,Arterial,50,Mid-block,Clear,Daylight,Two-wheeler,Over-speeding,Minor,0,0
PN201900716,2019-08-09,2019,8,Tue,21,21:31,18.460262,73.823397,Katraj - Dehu Road Bypass,Highway,60,Junction,Clear,Dark - unlit,Two-wheeler,Brake failure/vehicle defect,Fatal,1,0
PN201902379,2019-08-09,2019,8,Tue,22,22:04,18.511278,73.781423,Lane 2,Collector,30,Mid-block,Clear,Dark - lit,Car,Over-speeding,Grievous,0,2
PN201900205,2019-08-10,2019,8,Wed,11,11:01,18.492531,73.998558,(unnamed road),Collector,40,Mid-block,Clear,Daylight,Truck/Tempo,Wrong-side driving,Grievous,0,1
PN201900991,2019-08-10,2019,8,Wed,14,14:32,18.577282,73.907965,Airport New Road,Arterial,50,Junction,Clear,Daylight,Bus,Pothole/road condition,Grievous,0,3
PN201900633,2019-08-10,2019,8,Wed,15,15:46,18.490174,74.013867,(unnamed road),Collector,40,Junction,Rain,Daylight,Truck/Tempo,Over-speeding,Grievous,0,3
PN201902072,2019-08-10,2019,8,Wed,20,20:22,18.66584,73.814142,Pawar Vasti Road,Local,30,Mid-block,Rain,Dark - lit,Auto-rickshaw,Over-speeding,Minor,0,2
PN201901751,2019-08-10,2019,8,Wed,20,20:23,18.660191,73.776284,(unnamed road),Arterial,50,Mid-block,Rain,Dark - lit,Bus,Wrong-side driving,Fatal,1,0
PN201900167,2019-08-11,2019,8,Thu,2,02:28,18.57816,73.90806,(unnamed road),Arterial,50,Junction,Clear,Dark - unlit,Two-wheeler,Signal jumping,Fatal,2,2
PN201902121,2019-08-11,2019,8,Thu,2,02:28,18.42144,73.859358,Katraj Ghat,Highway,50,Junction,Clear,Dark - unlit,Truck/Tempo,Rash/careless driving,Grievous,0,1
PN201903130,2019-08-11,2019,8,Thu,10,10:15,18.60465,73.901248,7th Heaven Road,Collector,40,Junction,Rain,Daylight,Two-wheeler,Over-speeding,Grievous,0,1
PN201903551,2019-08-11,2019,8,Thu,10,10:55,18.667739,73.78338,(unnamed road),Arterial,50,Junction,Clear,Daylight,Two-wheeler,Over-speeding,Grievous,0,2
PN201902962,2019-08-11,2019,8,Thu,19,19:44,18.639332,73.794369,(unnamed road),Arterial,50,Junction,Rain,Dark - lit,Car,Over-speeding,Grievous,0,2
PN201902954,2019-08-12,2019,8,Fri,10,10:47,18.642826,73.761759,(unnamed road),Local,30,Mid-block,Rain,Daylight,Two-wheeler,Over-speeding,Minor,0,2
PN201902711,2019-08-13,2019,8,Sat,6,06:11,18.682492,73.847495,Pune Nashik Road,Highway,60,Junction,Rain,Dusk/Dawn,Truck/Tempo,Rash/careless driving,Fatal,1,0
PN201900492,2019-08-13,2019,8,Sat,11,11:24,18.460072,73.823613,Katraj - Dehu Road Bypass,Highway,60,Bridge/Slope,Clear,Daylight,Car,Signal jumping,Minor,0,2
PN201901565,2019-08-13,2019,8,Sat,12,12:18,18.614425,73.815896,Old Mumbai Pune Highway,Highway,80,Mid-block,Rain,Daylight,Truck/Tempo,Mobile phone use,Grievous,0,2
PN201903615,2019-08-13,2019,8,Sat,15,15:33,18.6423,73.842249,(unnamed road),Local,30,Mid-block,Clear,Daylight,Bus,Over-speeding,Minor,0,2
PN201901660,2019-08-15,2019,8,Mon,2,02:36,18.487175,73.812801,Karvenagar Flyover,Arterial,50,Mid-block,Cloudy,Dark - lit,Two-wheeler,Wrong-side driving,Grievous,0,2
PN201900461,2019-08-15,2019,8,Mon,22,22:58,18.50321,73.79283,(unnamed road),Highway,40,Junction,Clear,Dark - unlit,Truck/Tempo,Over-speeding,Minor,0,2
PN201900319,2019-08-16,2019,8,Tue,15,15:51,18.50256,73.93705,Tupe Patil Road,Collector,40,Junction,Rain,Daylight,Auto-rickshaw,Over-speeding,Grievous,0,3
PN201903541,2019-08-16,2019,8,Tue,18,18:12,18.456317,74.01801,(unnamed road),Collector,30,Mid-block,Clear,Dusk/Dawn,Auto-rickshaw,Over-speeding,Minor,0,2
PN201902620,2019-08-17,2019,8,Wed,16,16:00,18.673042,73.800711,(unnamed road),Local,30,Mid-block,Rain,Daylight,Two-wheeler,Other,Grievous,0,3
PN201903419,2019-08-18,2019,8,Thu,12,12:49,18.43574,73.746426,(unnamed road),Collector,40,Mid-block,Clear,Daylight,Pedestrian,Rash/careless driving,Fatal,1,2
PN201901254,2019-08-18,2019,8,Thu,22,22:00,18.57376,73.888448,Vishrantwadi - Airport Road,Arterial,50,Junction,Cloudy,Dark - lit,Truck/Tempo,Wrong-side driving,Fatal,1,2
PN201901271,2019-08-19,2019,8,Fri,5,05:54,18.535224,73.851308,Old Pune–Mumbai Highway,Highway,40,Junction,Rain,Dark - unlit,Two-wheeler,Over-speeding,Fatal,1,1
PN201901140,2019-08-19,2019,8,Fri,9,09:13,18.476703,73.975463,(unnamed road),Local,30,Junction,Clear,Daylight,Two-wheeler,Signal jumping,Minor,0,2
PN201903700,2019-08-19,2019,8,Fri,13,13:20,18.58414,73.97519,Lohgaon - Wagholi Road,Arterial,50,Mid-block,Rain,Daylight,Pedestrian,Rash/careless driving,Grievous,0,2
PN201902554,2019-08-20,2019,8,Sat,3,03:04,18.610221,73.823413,Pune Nashik Road,Highway,60,Junction,Clear,Dark - unlit,Car,Over-speeding,Grievous,0,3
PN201900472,2019-08-20,2019,8,Sat,7,07:14,18.490014,74.014969,(unnamed road),Collector,40,Junction,Cloudy,Daylight,Two-wheeler,Other,Fatal,1,2
PN201900540,2019-08-20,2019,8,Sat,7,07:35,18.460419,73.823186,Katraj - Dehu Road Bypass,Highway,60,Junction,Clear,Daylight,Two-wheeler,Brake failure/vehicle defect,Fatal,1,1
PN201900432,2019-08-20,2019,8,Sat,12,12:04,18.45476,73.82727,Katraj - Dehu Road Bypass,Highway,85,Junction,Clear,Daylight,Two-wheeler,Over-speeding,Grievous,0,2
PN201903512,2019-08-20,2019,8,Sat,20,20:29,18.537016,73.795956,Pashan-Bavdhan Road,Arterial,50,Mid-block,Rain,Dark - lit,Car,Rash/careless driving,Minor,0,0
PN201902890,2019-08-21,2019,8,Sun,10,10:31,18.490501,73.877078,(unnamed road),Local,30,Mid-block,Rain,Daylight,Two-wheeler,Pothole/road condition,Grievous,0,1
PN201903935,2019-08-21,2019,8,Sun,17,17:01,18.506402,73.906148,Pune-Solapur Road,Highway,60,Mid-block,Rain,Daylight,Truck/Tempo,Over-speeding,Fatal,1,1
PN201900392,2019-08-22,2019,8,Mon,12,12:43,18.550527,73.937896,Kharadi South Main Road,Arterial,50,Junction,Rain,Daylight,Two-wheeler,Over-speeding,Grievous,0,2
PN201901859,2019-08-22,2019,8,Mon,14,14:14,18.65498,73.756044,(unnamed road),Local,30,Junction,Rain,Daylight,Two-wheeler,Over-speeding,Grievous,0,1
PN201900214,2019-08-23,2019,8,Tue,10,10:50,18.563097,73.932017,Nagar Road,Highway,60,Junction,Clear,Daylight,Two-wheeler,Pothole/road condition,Minor,0,0
PN201900787,2019-08-23,2019,8,Tue,19,19:53,18.496669,73.94331,Saswad Road,Highway,60,Junction,Clear,Dark - unlit,Car,Over-speeding,Fatal,1,2
PN201902685,2019-08-23,2019,8,Tue,21,21:22,18.548138,73.851565,Old Pune–Mumbai Highway,Highway,40,Mid-block,Clear,Dark - unlit,Car,Over-speeding,Minor,0,0
PN201900040,2019-08-24,2019,8,Wed,8,08:07,18.489982,74.01519,(unnamed road),Collector,40,Junction,Clear,Daylight,Two-wheeler,Signal jumping,Minor,0,0
PN201902026,2019-08-24,2019,8,Wed,16,16:33,18.65137,73.808398,KSB Chowk Underpass,Arterial,50,Mid-block,Clear,Daylight,Pedestrian,Other,Minor,0,1
PN201903448,2019-08-25,2019,8,Thu,0,00:01,18.600434,73.945543,(unnamed road),Local,30,Junction,Clear,Dark - lit,Car,Over-speeding,Fatal,2,0
PN201900805,2019-08-25,2019,8,Thu,9,09:18,18.483183,73.802087,(unnamed road),Collector,40,Junction,Rain,Daylight,Two-wheeler,Over-speeding,Grievous,0,2
PN201903908,2019-08-25,2019,8,Thu,10,10:25,18.560566,73.94564,Fountain Road,Collector,40,Junction,Rain,Daylight,Truck/Tempo,Pothole/road condition,Minor,0,2
PN201902258,2019-08-25,2019,8,Thu,12,12:35,18.438768,73.747423,SH59,Arterial,50,Mid-block,Clear,Daylight,Two-wheeler,Rash/careless driving,Fatal,1,2
PN201901588,2019-08-26,2019,8,Fri,9,09:38,18.524626,73.987064,(unnamed road),Local,30,Junction,Rain,Daylight,Pedestrian,Pothole/road condition,Minor,0,0
PN201900165,2019-08-27,2019,8,Sat,2,02:20,18.430563,73.840791,Ambegaon Viaduct,Highway,75,Bridge/Slope,Clear,Dark - unlit,Car,Wrong-side driving,Grievous,0,2
PN201903218,2019-08-27,2019,8,Sat,6,06:48,18.675494,73.759141,Old Pune–Mumbai Highway,Highway,60,Junction,Rain,Dusk/Dawn,Truck/Tempo,Other,Grievous,0,1
PN201903477,2019-08-27,2019,8,Sat,14,14:22,18.604083,73.750386,Laxmi Chowk road,Arterial,50,Junction,Rain,Daylight,Car,Pothole/road condition,Grievous,0,3
PN201901177,2019-08-27,2019,8,Sat,20,20:26,18.625729,73.798651,(unnamed road),Arterial,50,Junction,Clear,Dark - unlit,Pedestrian,Over-speeding,Fatal,1,1
PN201901641,2019-08-28,2019,8,Sun,6,06:22,18.591149,73.949388,Lohgaon - Wagholi Road,Arterial,50,Junction,Clear,Dusk/Dawn,Two-wheeler,Over-speeding,Grievous,0,3
PN201903244,2019-08-28,2019,8,Sun,8,08:09,18.593917,73.756229,Service road,Arterial,20,Mid-block,Cloudy,Daylight,Car,Over-speeding,Grievous,0,2
PN201902933,2019-08-28,2019,8,Sun,12,12:47,18.663559,73.808897,(unnamed road),Local,30,Mid-block,Clear,Daylight,Two-wheeler,Mobile phone use,Fatal,1,2
PN201902310,2019-09-02,2019,9,Fri,9,09:29,18.557906,73.792891,Gopal Hari Deshmukh Marg,Arterial,80,Mid-block,Rain,Daylight,Truck/Tempo,Over-speeding,Minor,0,2
PN201902192,2019-09-02,2019,9,Fri,20,20:18,18.666144,73.897153,(unnamed road),Local,30,Mid-block,Clear,Dark - lit,Car,Rash/careless driving,Minor,0,0
PN201900402,2019-09-03,2019,9,Sat,6,06:48,18.550174,73.936871,Kharadi Bypass,Highway,60,Junction,Clear,Dusk/Dawn,Two-wheeler,Other,Minor,0,2
PN201902880,2019-09-03,2019,9,Sat,7,07:00,18.413169,73.765038,Sinhagad Road,Arterial,50,Mid-block,Cloudy,Daylight,Two-wheeler,Rash/careless driving,Fatal,1,2
PN201901808,2019-09-03,2019,9,Sat,12,12:11,18.65063,73.860906,Alankapuram Road,Collector,40,Junction,Cloudy,Daylight,Car,Rash/careless driving,Grievous,0,1
PN201901934,2019-09-03,2019,9,Sat,19,19:43,18.589165,73.758318,Mumbai - Satara Highway,Highway,80,Mid-block,Rain,Dark - unlit,Pedestrian,Rash/careless driving,Grievous,0,2
PN201902765,2019-09-04,2019,9,Sun,11,11:30,18.600802,73.9374,(unnamed road),Local,30,Junction,Rain,Daylight,Pedestrian,Over-speeding,Minor,0,0
PN201902426,2019-09-05,2019,9,Mon,14,14:30,18.693749,73.847209,Pune Nashik Road,Highway,60,Junction,Clear,Daylight,Two-wheeler,Over-speeding,Grievous,0,2
PN201903005,2019-09-05,2019,9,Mon,16,16:17,18.58153,73.986659,Nagar Road,Highway,60,Junction,Clear,Daylight,Two-wheeler,Pothole/road condition,Fatal,1,1
PN201903572,2019-09-05,2019,9,Mon,17,17:40,18.627105,73.854037,(unnamed road),Local,30,Junction,Rain,Daylight,Pedestrian,Over-speeding,Minor,0,2
PN201900612,2019-09-06,2019,9,Tue,11,11:42,18.504604,73.918677,(unnamed road),Collector,40,Junction,Rain,Daylight,Car,Over-speeding,Grievous,0,2
PN201900505,2019-09-06,2019,9,Tue,16,16:28,18.55081,73.93701,Kharadi Bypass,Highway,60,Junction,Cloudy,Daylight,Two-wheeler,Over-speeding,Grievous,0,2
PN201901375,2019-09-06,2019,9,Tue,18,18:21,18.512552,73.947548,Bapusaheb Tupe Road,Collector,40,Junction,Clear,Dusk/Dawn,Two-wheeler,Wrong-side driving,Grievous,0,1
PN201901755,2019-09-06,2019,9,Tue,22,22:57,18.656593,73.771387,Akurdi Chikhali Marg,Arterial,50,Mid-block,Clear,Dark - unlit,Car,Other,Fatal,1,2
PN201901470,2019-09-07,2019,9,Wed,2,02:37,18.714855,73.848357,Pune Nashik Road,Highway,60,Mid-block,Rain,Dark - unlit,Bus,Rash/careless driving,Fatal,1,1
PN201901674,2019-09-07,2019,9,Wed,8,08:20,18.525311,74.023883,(unnamed road),Local,30,Mid-block,Cloudy,Daylight,Auto-rickshaw,Wrong-side driving,Minor,0,2
PN201901616,2019-09-07,2019,9,Wed,14,14:08,18.450028,73.913826,NH548DD,Highway,60,Junction,Rain,Daylight,Pedestrian,Over-speeding,Fatal,2,1
PN201903445,2019-09-07,2019,9,Wed,16,16:39,18.470201,73.909328,(unnamed road),Local,30,Mid-block,Rain,Daylight,Two-wheeler,Rash/careless driving,Minor,0,2
PN201901118,2019-09-07,2019,9,Wed,17,17:57,18.608787,73.781612,Hedgewar road,Arterial,50,Junction,Clear,Daylight,Two-wheeler,Over-speeding,Grievous,0,3
PN201903509,2019-09-08,2019,9,Thu,12,12:42,18.491487,74.004878,Solapur Road,Highway,60,Mid-block,Rain,Daylight,Car,Over-speeding,Grievous,0,2
PN201901586,2019-09-08,2019,9,Thu,14,14:54,18.560504,73.917347,Nagar Road,Highway,60,Mid-block,Clear,Daylight,Pedestrian,Wrong-side driving,Fatal,1,1
PN201901265,2019-09-08,2019,9,Thu,15,15:48,18.678234,73.735942,(unnamed road),Highway,60,Junction,Rain,Daylight,Pedestrian,Rash/careless driving,Grievous,0,1
PN201903388,2019-09-08,2019,9,Thu,18,18:54,18.526095,73.826949,Jethiram Bhima Shelar Path,Collector,40,Junction,Rain,Dusk/Dawn,Car,Over-speeding,Minor,0,0
PN201903186,2019-09-08,2019,9,Thu,20,20:26,18.485378,73.823312,(unnamed road),Local,30,Mid-block,Clear,Dark - lit,Truck/Tempo,Other,Fatal,1,1
PN201900575,2019-09-09,2019,9,Fri,12,12:41,18.455286,73.858577,Satara Road,Highway,60,Junction,Cloudy,Daylight,Two-wheeler,Pothole/road condition,Fatal,2,0
PN201901775,2019-09-09,2019,9,Fri,15,15:39,18.52802,73.863092,Arjunrao Pawar Path,Arterial,50,Junction,Clear,Daylight,Two-wheeler,Wrong-side driving,Fatal,1,0
PN201900561,2019-09-09,2019,9,Fri,19,19:39,18.430114,73.841202,Katraj - Dehu Road Bypass,Highway,80,Bridge/Slope,Clear,Dark - unlit,Bicycle,Drunk driving,Grievous,0,3
PN201903056,2019-09-10,2019,9,Sat,0,00:43,18.471582,73.856685,Satara Road,Highway,30,Mid-block,Clear,Dark - unlit,Pedestrian,Rash/careless driving,Fatal,1,1
PN201902394,2019-09-11,2019,9,Sun,9,09:47,18.621885,73.851245,(unnamed road),Arterial,50,Junction,Rain,Daylight,Bus,Rash/careless driving,Minor,0,0
PN201902304,2019-09-11,2019,9,Sun,18,18:18,18.570958,73.765153,Katraj - Dehu Road Bypass,Highway,80,Mid-block,Clear,Dusk/Dawn,Bicycle,Rash/careless driving,Grievous,0,3
PN201903498,2019-09-12,2019,9,Mon,9,09:17,18.48222,73.930174,(unnamed road),Local,30,Mid-block,Rain,Daylight,Pedestrian,Other,Grievous,0,3
PN201902252,2019-09-13,2019,9,Tue,2,02:51,18.662832,73.774192,(unnamed road),Highway,60,Mid-block,Clear,Dark - unlit,Two-wheeler,Over-speeding,Minor,0,1
PN201903571,2019-09-13,2019,9,Tue,4,04:10,18.685664,73.893415,Chakan-Alandi (Alankapuri) Road,Arterial,40,Junction,Clear,Dark - lit,Two-wheeler,Over-speeding,Fatal,1,1
PN201902693,2019-09-13,2019,9,Tue,14,14:34,18.613371,73.878632,(unnamed road),Local,30,Junction,Clear,Daylight,Two-wheeler,Over-speeding,Grievous,0,3
PN201903199,2019-09-14,2019,9,Wed,15,15:42,18.601536,73.755825,(unnamed road),Local,30,Junction,Clear,Daylight,Two-wheeler,Rash/careless driving,Minor,0,1
PN201900110,2019-09-14,2019,9,Wed,23,23:27,18.455572,73.858742,Satara Road,Highway,60,Junction,Cloudy,Dark - unlit,Two-wheeler,Drunk driving,Fatal,1,2
PN201903325,2019-09-15,2019,9,Thu,13,13:32,18.522492,73.840933,Gopal Krushna Gokhale Path,Arterial,50,Junction,Rain,Daylight,Car,Over-speeding,Grievous,0,3
PN201901611,2019-09-15,2019,9,Thu,21,21:29,18.599209,73.808609,Wakad - Bhosari BRTS Road | Pimple Saudagar Road | Wakad - Nashik Phata BRTS Road,Arterial,50,Junction,Clear,Dark - unlit,Two-wheeler,Over-speeding,Grievous,0,2
PN201902408,2019-09-16,2019,9,Fri,5,05:55,18.548882,73.936581,Kharadi Bypass,Highway,60,Mid-block,Clear,Dark - unlit,Car,Signal jumping,Fatal,1,1
PN201903381,2019-09-16,2019,9,Fri,9,09:49,18.660897,73.733056,Adarshnagar Road,Arterial,50,Mid-block,Rain,Daylight,Two-wheeler,Pothole/road condition,Fatal,1,2
PN201902741,2019-09-16,2019,9,Fri,10,10:38,18.605886,73.822985,(unnamed road),Arterial,40,Mid-block,Clear,Daylight,Car,Over-speeding,Minor,0,0
PN201900059,2019-09-16,2019,9,Fri,19,19:15,18.485211,73.798156,2nd Service Road,Collector,40,Junction,Clear,Dark - unlit,Two-wheeler,Other,Minor,0,1
PN201900738,2019-09-17,2019,9,Sat,16,16:36,18.604417,73.752614,Mumbai - Satara Highway,Highway,80,Junction,Clear,Daylight,Truck/Tempo,Over-speeding,Grievous,0,2
PN201901577,2019-09-17,2019,9,Sat,19,19:49,18.501324,73.750034,Paud Road,Arterial,50,Junction,Clear,Dark - unlit,Pedestrian,Over-speeding,Grievous,0,3
PN201902504,2019-09-18,2019,9,Sun,16,16:04,18.525873,73.77263,(unnamed road),Collector,40,Mid-block,Rain,Daylight,Two-wheeler,Over-speeding,Grievous,0,1
PN201903122,2019-09-18,2019,9,Sun,16,16:06,18.459447,73.823853,Navale Flyover,Highway,80,Mid-block,Clear,Daylight,Truck/Tempo,Over-speeding,Fatal,1,1
PN201902411,2019-09-18,2019,9,Sun,16,16:29,18.641587,73.845164,Vaishnao Mata Marg,Arterial,50,Junction,Rain,Daylight,Bicycle,Over-speeding,Fatal,1,2
PN201900141,2019-09-18,2019,9,Sun,20,20:15,18.501257,73.935648,Solapur Road,Arterial,50,Junction,Clear,Dark - unlit,Two-wheeler,Drunk driving,Grievous,0,2
PN201902094,2019-09-19,2019,9,Mon,11,11:12,18.630412,73.829705,Nehrunagar Road,Collector,40,Mid-block,Cloudy,Daylight,Two-wheeler,Over-speeding,Minor,0,2
PN201903666,2019-09-19,2019,9,Mon,12,12:36,18.651155,73.985522,(unnamed road),Local,30,Mid-block,Rain,Daylight,Two-wheeler,Over-speeding,Minor,0,0
PN201900952,2019-09-19,2019,9,Mon,16,16:06,18.55675,73.94407,(unnamed road),Collector,40,Junction,Clear,Daylight,Car,Other,Grievous,0,2
PN201901311,2019-09-19,2019,9,Mon,18,18:38,18.543404,73.876083,Sangamwadi Road,Arterial,85,Mid-block,Rain,Dusk/Dawn,Truck/Tempo,Over-speeding,Fatal,1,2
PN201902186,2019-09-19,2019,9,Mon,20,20:24,18.502283,73.92758,Solapur Road,Highway,60,Junction,Clear,Dark - unlit,Two-wheeler,Over-speeding,Fatal,1,2
PN201903884,2019-09-20,2019,9,Tue,9,09:11,18.438212,73.72376,(unnamed road),Collector,40,Mid-block,Clear,Daylight,Two-wheeler,Over-speeding,Fatal,1,2
PN201902412,2019-09-20,2019,9,Tue,22,22:51,18.683324,73.910289,(unnamed road),Local,30,Mid-block,Clear,Dark - unlit,Two-wheeler,Brake failure/vehicle defect,Minor,0,1
PN201901907,2019-09-21,2019,9,Wed,8,08:45,18.545497,73.940143,(unnamed road),Local,30,Junction,Cloudy,Daylight,Pedestrian,Over-speeding,Minor,0,1
PN201903250,2019-09-21,2019,9,Wed,9,09:05,18.489563,73.792606,Katraj - Dehu Road Bypass,Highway,80,Mid-block,Rain,Daylight,Two-wheeler,Over-speeding,Fatal,1,1
PN201903089,2019-09-21,2019,9,Wed,14,14:10,18.577899,73.986415,Manjari - Wagholi Road,Arterial,50,Junction,Rain,Daylight,Truck/Tempo,Pothole/road condition,Minor,0,0
PN201902406,2019-09-21,2019,9,Wed,19,19:02,18.502479,73.927397,Magarpatta Road Flyover,Highway,60,Junction,Clear,Dark - unlit,Pedestrian,Over-speeding,Fatal,1,0
PN201903272,2019-09-22,2019,9,Thu,2,02:42,18.452789,73.932786,Handewadi Road,Arterial,50,Junction,Clear,Dark - lit,Truck/Tempo,Over-speeding,Fatal,1,2
PN201903139,2019-09-22,2019,9,Thu,13,13:11,18.642686,73.850666,Pune Nashik Road,Highway,60,Junction,Rain,Daylight,Two-wheeler,Rash/careless driving,Minor,0,1
PN201903341,2019-09-22,2019,9,Thu,19,19:43,18.467005,74.015634,(unnamed road),Local,30,Mid-block,Cloudy,Dark - lit,Bicycle,Other,Minor,0,2
PN201901540,2019-09-23,2019,9,Fri,0,00:08,18.578485,73.905002,(unnamed road),Arterial,50,Mid-block,Rain,Dark - lit,Car,Over-speeding,Fatal,1,1
PN201902615,2019-09-23,2019,9,Fri,2,02:04,18.495102,73.947149,(unnamed road),Local,30,Junction,Rain,Dark - lit,Auto-rickshaw,Rash/careless driving,Minor,0,2
PN201900957,2019-09-23,2019,9,Fri,3,03:44,18.460078,73.823606,Katraj - Dehu Road Bypass,Highway,60,Bridge/Slope,Clear,Dark - unlit,Two-wheeler,Over-speeding,Fatal,2,2
PN201903692,2019-09-23,2019,9,Fri,11,11:49,18.564543,73.943299,Nagar Road,Highway,60,Mid-block,Rain,Daylight,Truck/Tempo,Pothole/road condition,Minor,0,2
PN201900349,2019-09-23,2019,9,Fri,12,12:07,18.431575,73.839038,Ambegaon Viaduct,Highway,75,Bridge/Slope,Clear,Daylight,Truck/Tempo,Wrong-side driving,Grievous,0,1
PN201902869,2019-09-23,2019,9,Fri,16,16:23,18.536597,73.933931,Mundhwa Bridge,Highway,40,Mid-block,Clear,Daylight,Truck/Tempo,Rash/careless driving,Grievous,0,3
PN201901142,2019-09-23,2019,9,Fri,18,18:05,18.661403,73.828439,Moshi High Street Link Road,Collector,40,Mid-block,Clear,Dusk/Dawn,Pedestrian,Over-speeding,Fatal,1,2
PN201902160,2019-09-24,2019,9,Sat,11,11:43,18.526572,73.869745,Sassoon Marg,Arterial,50,Mid-block,Clear,Daylight,Auto-rickshaw,Wrong-side driving,Minor,0,1
PN201901752,2019-09-24,2019,9,Sat,13,13:23,18.472745,73.958908,Fursungi Flyover,Highway,60,Mid-block,Rain,Daylight,Two-wheeler,Over-speeding,Grievous,0,3
PN201901758,2019-09-24,2019,9,Sat,20,20:29,18.480522,73.791046,(unnamed road),Local,30,Mid-block,Rain,Dark - lit,Two-wheeler,Pothole/road condition,Minor,0,0
PN201903934,2019-09-25,2019,9,Sun,7,07:36,18.679879,73.900022,(unnamed road),Arterial,50,Junction,Clear,Daylight,Bus,Over-speeding,Grievous,0,3
PN201900233,2019-09-25,2019,9,Sun,13,13:26,18.608426,73.820117,Kasarwadi - Pimple Gurav Road,Arterial,50,Junction,Rain,Daylight,Auto-rickshaw,Other,Minor,0,1
PN201901573,2019-09-25,2019,9,Sun,21,21:04,18.492574,73.997079,Solapur Road,Highway,60,Mid-block,Rain,Dark - unlit,Pedestrian,Over-speeding,Fatal,2,2
PN201903774,2019-09-25,2019,9,Sun,22,22:51,18.489362,73.830996,Sinhagad Road Flyover,Arterial,50,Mid-block,Rain,Dark - lit,Two-wheeler,Drunk driving,Fatal,1,2
PN201903680,2019-09-25,2019,9,Sun,23,23:06,18.594089,73.748053,New Wakad - Hinjawadi Link Road,Arterial,50,Mid-block,Clear,Dark - unlit,Car,Over-speeding,Minor,0,0
PN201900041,2019-09-26,2019,9,Mon,18,18:49,18.460797,73.822609,Katraj - Dehu Road Bypass,Highway,60,Junction,Clear,Dusk/Dawn,Two-wheeler,Wrong-side driving,Grievous,0,1
PN201900659,2019-09-27,2019,9,Tue,14,14:11,18.49952,73.790369,Katraj - Dehu Road Bypass,Highway,80,Bridge/Slope,Cloudy,Daylight,Car,Over-speeding,Fatal,1,0
PN201902064,2019-09-27,2019,9,Tue,19,19:46,18.686066,73.722706,Old Pune–Mumbai Highway,Highway,60,Mid-block,Cloudy,Dark - unlit,Two-wheeler,Signal jumping,Grievous,0,1
PN201902886,2019-09-28,2019,9,Wed,2,02:09,18.643203,73.768803,Akurdi Chikhali Road,Arterial,60,Junction,Clear,Dark - lit,Two-wheeler,Brake failure/vehicle defect,Fatal,2,1
PN201902425,2019-09-28,2019,9,Wed,15,15:31,18.555636,73.906886,Nagar Road,Highway,60,Junction,Rain,Daylight,Two-wheeler,Over-speeding,Grievous,0,2
PN201902045,2019-09-28,2019,9,Wed,15,15:52,18.592459,73.999203,Nagar Road,Highway,60,Mid-block,Cloudy,Daylight,Two-wheeler,Over-speeding,Fatal,2,1
PN201900133,2019-09-28,2019,9,Wed,19,19:04,18.501499,73.791832,Katraj - Dehu Road Bypass,Highway,80,Bridge/Slope,Clear,Dark - unlit,Two-wheeler,Over-speeding,Fatal,1,1
PN201900322,2019-09-28,2019,9,Wed,20,20:11,18.45622,73.858656,Satara Road,Highway,60,Junction,Cloudy,Dark - unlit,Truck/Tempo,Over-speeding,Fatal,1,0
PN201901121,2019-10-01,2019,10,Sun,19,19:20,18.586188,73.833348,Old Mumbai-Pune Highway New Service Lane,Arterial,60,Mid-block,Clear,Dark - lit,Car,Pothole/road condition,Grievous,0,3
PN201903716,2019-10-01,2019,10,Sun,23,23:39,18.574218,73.764093,exit to baner,Arterial,20,Mid-block,Clear,Dark - unlit,Two-wheeler,Over-speeding,Fatal,1,0
PN201903869,2019-10-02,2019,10,Mon,0,00:44,18.546097,73.905105,Central Avenue,Collector,40,Junction,Cloudy,Dark - lit,Car,Rash/careless driving,Minor,0,2
PN201903850,2019-10-02,2019,10,Mon,3,03:38,18.545368,73.94011,(unnamed road),Local,30,Junction,Clear,Dark - lit,Car,Over-speeding,Fatal,1,0
PN201902385,2019-10-02,2019,10,Mon,23,23:24,18.481097,73.825811,Sinhagad Road Flyover,Arterial,50,Mid-block,Clear,Dark - unlit,Pedestrian,Other,Minor,0,1
PN201902807,2019-10-03,2019,10,Tue,9,09:13,18.559967,73.788836,Gopal Hari Deshmukh Marg,Arterial,80,Junction,Clear,Daylight,Car,Mobile phone use,Minor,0,0
PN201900058,2019-10-03,2019,10,Tue,11,11:41,18.429696,73.841319,Katraj - Dehu Road Bypass,Highway,80,Bridge/Slope,Clear,Daylight,Truck/Tempo,Brake failure/vehicle defect,Grievous,0,2
PN201901514,2019-10-03,2019,10,Tue,18,18:52,18.667314,73.727559,Katraj - Dehu Road Bypass,Highway,80,Junction,Clear,Dusk/Dawn,Car,Signal jumping,Grievous,0,2
PN201901242,2019-10-04,2019,10,Wed,12,12:51,18.579304,73.974322,Nagar Road,Highway,60,Junction,Clear,Daylight,Truck/Tempo,Over-speeding,Grievous,0,1
PN201901650,2019-10-04,2019,10,Wed,12,12:54,18.61401,74.018887,NH753F,Highway,60,Mid-block,Cloudy,Daylight,Pedestrian,Signal jumping,Minor,0,1
PN201900735,2019-10-04,2019,10,Wed,23,23:13,18.495603,73.944624,Saswad Road,Highway,60,Mid-block,Clear,Dark - unlit,Auto-rickshaw,Rash/careless driving,Grievous,0,3
PN201901677,2019-10-05,2019,10,Thu,7,07:15,18.661557,74.006779,SH58,Arterial,50,Mid-block,Clear,Daylight,Car,Over-speeding,Minor,0,1
PN201903549,2019-10-05,2019,10,Thu,13,13:28,18.563951,73.781976,Gopal Hari Deshmukh Marg,Arterial,50,Junction,Clear,Daylight,Two-wheeler,Rash/careless driving,Minor,0,0
PN201903041,2019-10-05,2019,10,Thu,18,18:43,18.529194,73.906179,Shreenath Mhaskoba Flyover,Collector,40,Junction,Cloudy,Dusk/Dawn,Two-wheeler,Rash/careless driving,Fatal,1,0
PN201900801,2019-10-05,2019,10,Thu,19,19:55,18.533417,73.930383,Mundhwa Road,Arterial,40,Bridge/Slope,Cloudy,Dark - lit,Two-wheeler,Wrong-side driving,Minor,0,2
PN201900520,2019-10-05,2019,10,Thu,20,20:33,18.534278,73.928599,Mundhwa Road,Arterial,40,Junction,Clear,Dark - lit,Two-wheeler,Over-speeding,Fatal,1,0
PN201900220,2019-10-07,2019,10,Sat,18,18:17,18.445051,73.836208,Katraj - Dehu Road Bypass,Highway,85,Bridge/Slope,Clear,Dusk/Dawn,Truck/Tempo,Rash/careless driving,Minor,0,2
PN201901141,2019-10-09,2019,10,Mon,2,02:50,18.631643,73.986064,(unnamed road),Collector,40,Mid-block,Clear,Dark - lit,Pedestrian,Rash/careless driving,Minor,0,0
PN201901936,2019-10-09,2019,10,Mon,13,13:36,18.55366,73.955795,Grant Road,Arterial,50,Mid-block,Clear,Daylight,Car,Rash/careless driving,Minor,0,2
PN201903690,2019-10-10,2019,10,Tue,10,10:57,18.527625,73.945207,(unnamed road),Local,30,Junction,Clear,Daylight,Two-wheeler,Wrong-side driving,Grievous,0,3
PN201903454,2019-10-11,2019,10,Wed,23,23:00,18.436878,73.896197,Saswad-Bopdev-Pune Road,Arterial,50,Junction,Clear,Dark - lit,Two-wheeler,Drunk driving,Fatal,1,0
PN201903040,2019-10-12,2019,10,Thu,14,14:09,18.645405,73.740085,Gahunje - Mukai Chowk Kiwale - Ravet Road,Arterial,50,Junction,Clear,Daylight,Two-wheeler,Wrong-side driving,Minor,0,1
PN201903312,2019-10-12,2019,10,Thu,15,15:46,18.472596,73.826279,(unnamed road),Local,30,Junction,Clear,Daylight,Two-wheeler,Pothole/road condition,Grievous,0,2
PN201900978,2019-10-12,2019,10,Thu,23,23:11,18.458768,73.825596,Katraj - Dehu Road Bypass,Highway,60,Junction,Clear,Dark - unlit,Truck/Tempo,Brake failure/vehicle defect,Grievous,0,1
PN201901731,2019-10-13,2019,10,Fri,12,12:42,18.599663,73.754538,Highway bypass,Arterial,20,Mid-block,Clear,Daylight,Car,Over-speeding,Grievous,0,3
PN201903363,2019-10-15,2019,10,Sun,3,03:33,18.562969,73.940688,(unnamed road),Highway,50,Mid-block,Clear,Dark - unlit,Truck/Tempo,Mobile phone use,Grievous,0,3
PN201902532,2019-10-15,2019,10,Sun,11,11:56,18.479469,73.927958,(unnamed road),Collector,40,Mid-block,Clear,Daylight,Two-wheeler,Rash/careless driving,Grievous,0,3
PN201901682,2019-10-16,2019,10,Mon,8,08:50,18.574055,73.978456,Baif Road,Local,30,Junction,Clear,Daylight,Bicycle,Signal jumping,Grievous,0,1
PN201902825,2019-10-16,2019,10,Mon,14,14:59,18.502688,73.917054,Dr Helenkelar Path,Collector,40,Junction,Clear,Daylight,Auto-rickshaw,Mobile phone use,Grievous,0,2
PN201902058,2019-10-16,2019,10,Mon,20,20:43,18.57263,74.007128,(unnamed road),Local,30,Junction,Clear,Dark - lit,Two-wheeler,Mobile phone use,Minor,0,0
PN201901171,2019-10-18,2019,10,Wed,6,06:10,18.506305,73.908142,Pune-Solapur Road,Highway,60,Junction,Clear,Dusk/Dawn,Truck/Tempo,Wrong-side driving,Fatal,1,0
PN201903783,2019-10-18,2019,10,Wed,15,15:58,18.689671,73.684939,Mumbai - Pune Expressway,Highway,100,Mid-block,Rain,Daylight,Pedestrian,Pothole/road condition,Minor,0,0
PN201900005,2019-10-18,2019,10,Wed,16,16:53,18.4596,73.82418,Katraj - Dehu Road Bypass,Highway,60,Junction,Clear,Daylight,Two-wheeler,Over-speeding,Fatal,1,2
PN201901487,2019-10-18,2019,10,Wed,23,23:56,18.660551,73.892974,Charholi Road,Collector,40,Mid-block,Clear,Dark - lit,Auto-rickshaw,Drunk driving,Minor,0,1
PN201902680,2019-10-19,2019,10,Thu,2,02:44,18.450777,73.883364,Katraj Bypass Road | Katraj - Kondhwa Road,Highway,60,Mid-block,Clear,Dark - unlit,Two-wheeler,Over-speeding,Fatal,2,2
PN201900632,2019-10-19,2019,10,Thu,2,02:56,18.429439,73.841484,Katraj - Dehu Road Bypass,Highway,80,Bridge/Slope,Cloudy,Dark - unlit,Car,Over-speeding,Fatal,1,1
PN201903661,2019-10-19,2019,10,Thu,10,10:00,18.665864,73.742773,(unnamed road),Arterial,50,Mid-block,Clear,Daylight,Two-wheeler,Rash/careless driving,Grievous,0,3
PN201901921,2019-10-19,2019,10,Thu,18,18:52,18.64486,73.78983,Old Pune–Mumbai Highway,Highway,80,Mid-block,Clear,Dusk/Dawn,Two-wheeler,Over-speeding,Minor,0,0
PN201901403,2019-10-19,2019,10,Thu,19,19:56,18.555347,73.770803,Katraj - Dehu Road Bypass,Highway,80,Mid-block,Clear,Dark - unlit,Truck/Tempo,Pothole/road condition,Fatal,2,1
PN201901491,2019-10-19,2019,10,Thu,21,21:10,18.616561,73.869427,(unnamed road),Local,30,Junction,Clear,Dark - lit,Two-wheeler,Rash/careless driving,Grievous,0,3
PN201900358,2019-10-19,2019,10,Thu,22,22:19,18.501591,73.792033,Katraj - Dehu Road Bypass,Highway,80,Bridge/Slope,Clear,Dark - unlit,Two-wheeler,Over-speeding,Minor,0,1
PN201902832,2019-10-20,2019,10,Fri,6,06:16,18.50186,73.92943,Magarpatta Road Flyover,Highway,60,Mid-block,Clear,Dusk/Dawn,Car,Over-speeding,Fatal,2,2
PN201903281,2019-10-20,2019,10,Fri,8,08:48,18.508789,73.92497,(unnamed road),Local,30,Junction,Clear,Daylight,Two-wheeler,Over-speeding,Grievous,0,1
PN201902575,2019-10-21,2019,10,Sat,0,00:43,18.527232,73.783319,Pashan-Bavdhan Road,Arterial,50,Mid-block,Clear,Dark - unlit,Car,Over-speeding,Minor,0,2
PN201902222,2019-10-21,2019,10,Sat,8,08:08,18.5303,73.838879,Lakaki Road,Arterial,50,Junction,Clear,Daylight,Two-wheeler,Wrong-side driving,Grievous,0,2
PN201902919,2019-10-21,2019,10,Sat,9,09:34,18.636946,73.826146,Nigdi Bhosari Road,Arterial,50,Mid-block,Clear,Daylight,Car,Over-speeding,Grievous,0,2
PN201900611,2019-10-21,2019,10,Sat,11,11:04,18.500084,73.790835,Katraj - Dehu Road Bypass,Highway,80,Bridge/Slope,Rain,Daylight,Two-wheeler,Rash/careless driving,Minor,0,2
PN201900002,2019-10-21,2019,10,Sat,17,17:56,18.453146,73.828792,Katraj - Dehu Road Bypass,Highway,85,Bridge/Slope,Cloudy,Daylight,Two-wheeler,Rash/careless driving,Fatal,1,2
PN201903609,2019-10-21,2019,10,Sat,18,18:42,18.552168,73.889457,National Games Marg,Arterial,50,Junction,Clear,Dusk/Dawn,Car,Rash/careless driving,Grievous,0,3
PN201900191,2019-10-22,2019,10,Sun,19,19:33,18.456014,73.858496,Satara Road,Highway,60,Junction,Cloudy,Dark - unlit,Car,Over-speeding,Fatal,2,1
PN201901994,2019-10-23,2019,10,Mon,14,14:07,18.437021,73.74484,(unnamed road),Collector,40,Mid-block,Clear,Daylight,Car,Drunk driving,Fatal,1,1
PN201900819,2019-10-24,2019,10,Tue,9,09:00,18.507852,73.788108,Paud Road,Arterial,40,Junction,Clear,Daylight,Two-wheeler,Rash/careless driving,Grievous,0,3
PN201902376,2019-10-25,2019,10,Wed,3,03:25,18.448354,73.866579,Katraj-Kondhwa Road,Highway,60,Junction,Clear,Dark - unlit,Truck/Tempo,Mobile phone use,Fatal,2,2
PN201901508,2019-10-25,2019,10,Wed,11,11:06,18.401032,73.856875,Katraj Ghat,Highway,50,Mid-block,Clear,Daylight,Two-wheeler,Rash/careless driving,Fatal,1,2
PN201901228,2019-10-25,2019,10,Wed,16,16:27,18.523364,73.850098,(unnamed road),Local,30,Junction,Clear,Daylight,Two-wheeler,Rash/careless driving,Grievous,0,1
PN201902566,2019-10-26,2019,10,Thu,12,12:29,18.629998,73.802838,MIDC Road | Morawadi Road | Pimpri - Chikhali Road,Arterial,50,Junction,Clear,Daylight,Pedestrian,Over-speeding,Fatal,1,0
PN201901539,2019-10-27,2019,10,Fri,20,20:29,18.608123,73.751231,Katraj - Dehu Road Bypass,Highway,80,Mid-block,Clear,Dark - unlit,Two-wheeler,Wrong-side driving,Fatal,1,2
PN201903112,2019-10-28,2019,10,Sat,1,01:43,18.447468,73.860669,Katraj Kondhwa Road,Collector,40,Junction,Clear,Dark - lit,Truck/Tempo,Brake failure/vehicle defect,Grievous,0,3
PN201901451,2019-10-28,2019,10,Sat,9,09:36,18.562793,73.940043,Nagar Road,Highway,60,Junction,Clear,Daylight,Two-wheeler,Rash/careless driving,Grievous,0,2
PN201900178,2019-10-28,2019,10,Sat,11,11:11,18.507581,73.786017,Paud Road,Arterial,40,Junction,Clear,Daylight,Truck/Tempo,Wrong-side driving,Grievous,0,1
PN201903772,2019-10-28,2019,10,Sat,11,11:27,18.589616,73.738334,Hinjawadi Phase 1 road,Arterial,50,Junction,Clear,Daylight,Two-wheeler,Pothole/road condition,Minor,0,1
PN201902123,2019-10-28,2019,10,Sat,14,14:09,18.514614,73.769534,Service Rd,Collector,40,Mid-block,Clear,Daylight,Two-wheeler,Over-speeding,Grievous,0,3
PN201902651,2019-10-28,2019,10,Sat,20,20:57,18.427609,73.875044,Gujar Wadi Road,Collector,40,Mid-block,Clear,Dark - unlit,Two-wheeler,Over-speeding,Fatal,1,0
PN201900755,2019-10-28,2019,10,Sat,23,23:43,18.500607,73.791271,Katraj - Dehu Road Bypass,Highway,80,Bridge/Slope,Clear,Dark - unlit,Bicycle,Over-speeding,Fatal,1,1
PN201900493,2019-10-28,2019,10,Sat,23,23:47,18.454173,73.827752,Katraj - Dehu Road Bypass,Highway,85,Bridge/Slope,Clear,Dark - unlit,Two-wheeler,Over-speeding,Fatal,2,2
PN201900674,2019-11-01,2019,11,Wed,3,03:12,18.485458,73.954691,Fursungi Bhekrai Road,Collector,40,Junction,Clear,Dark - unlit,Pedestrian,Over-speeding,Minor,0,2
PN201900161,2019-11-01,2019,11,Wed,7,07:20,18.608119,73.821066,(unnamed road),Arterial,40,Junction,Clear,Daylight,Pedestrian,Other,Fatal,1,1
PN201900591,2019-11-01,2019,11,Wed,13,13:18,18.604935,73.751424,(unnamed road),Arterial,40,Junction,Clear,Daylight,Two-wheeler,Signal jumping,Minor,0,0
PN201903128,2019-11-01,2019,11,Wed,15,15:23,18.622363,73.80911,Old Pune–Mumbai Highway,Highway,80,Mid-block,Cloudy,Daylight,Truck/Tempo,Over-speeding,Minor,0,0
PN201901230,2019-11-01,2019,11,Wed,22,22:18,18.55574,73.907008,Nagar Road,Highway,60,Junction,Clear,Dark - unlit,Truck/Tempo,Drunk driving,Grievous,0,2
PN201900196,2019-11-02,2019,11,Thu,2,02:17,18.564276,73.914069,Viman Nagar Avenue 2,Collector,40,Junction,Clear,Dark - unlit,Car,Over-speeding,Grievous,0,1
PN201901133,2019-11-02,2019,11,Thu,21,21:19,18.52478,73.771951,Katraj - Dehu Road Bypass,Highway,80,Mid-block,Clear,Dark - unlit,Truck/Tempo,Rash/careless driving,Grievous,0,3
PN201900912,2019-11-03,2019,11,Fri,20,20:36,18.459663,73.823479,Katraj - Dehu Road Bypass,Highway,60,Junction,Clear,Dark - unlit,Two-wheeler,Other,Fatal,1,2
PN201901658,2019-11-04,2019,11,Sat,16,16:36,18.678542,73.723604,Katraj - Dehu Road Bypass,Highway,80,Junction,Clear,Daylight,Auto-rickshaw,Over-speeding,Minor,0,2
PN201903669,2019-11-06,2019,11,Mon,15,15:58,18.545876,73.888609,Nagar Road,Highway,60,Junction,Clear,Daylight,Truck/Tempo,Other,Minor,0,1
PN201901422,2019-11-07,2019,11,Tue,3,03:40,18.509606,73.832982,Karve Road,Arterial,50,Mid-block,Clear,Dark - unlit,Bus,Over-speeding,Fatal,1,0
PN201901302,2019-11-07,2019,11,Tue,12,12:40,18.500182,73.864105,(unnamed road),Collector,40,Junction,Cloudy,Daylight,Pedestrian,Signal jumping,Grievous,0,1
PN201903278,2019-11-07,2019,11,Tue,16,16:31,18.466236,73.83521,(unnamed road),Local,30,Junction,Clear,Daylight,Two-wheeler,Brake failure/vehicle defect,Minor,0,0
PN201901234,2019-11-07,2019,11,Tue,20,20:57,18.42379,73.858703,(unnamed road),Local,30,Junction,Clear,Dark - unlit,Auto-rickshaw,Over-speeding,Fatal,1,2
PN201900086,2019-11-10,2019,11,Fri,6,06:08,18.454631,73.827561,Katraj - Dehu Road Bypass,Highway,85,Junction,Clear,Dusk/Dawn,Pedestrian,Over-speeding,Fatal,1,0
PN201902849,2019-11-10,2019,11,Fri,15,15:35,18.560714,73.849654,General Thimayya Road,Arterial,50,Mid-block,Cloudy,Daylight,Auto-rickshaw,Rash/careless driving,Grievous,0,2
PN201903807,2019-11-10,2019,11,Fri,23,23:09,18.453622,73.72189,(unnamed road),Collector,30,Junction,Clear,Dark - lit,Car,Drunk driving,Minor,0,1
PN201900108,2019-11-11,2019,11,Sat,20,20:37,18.444972,73.836086,Katraj - Dehu Road Bypass,Highway,85,Bridge/Slope,Cloudy,Dark - unlit,Two-wheeler,Over-speeding,Fatal,1,2
PN201902717,2019-11-12,2019,11,Sun,21,21:38,18.515987,73.860979,Laxmi Path,Collector,40,Junction,Clear,Dark - unlit,Two-wheeler,Over-speeding,Minor,0,2
PN201901097,2019-11-13,2019,11,Mon,7,07:10,18.594107,73.783136,(unnamed road),Local,30,Mid-block,Clear,Daylight,Car,Over-speeding,Grievous,0,3
PN201901513,2019-11-13,2019,11,Mon,13,13:48,18.57323,73.692707,Maan Road,Arterial,50,Mid-block,Clear,Daylight,Two-wheeler,Over-speeding,Grievous,0,2
PN201900267,2019-11-13,2019,11,Mon,23,23:55,18.609358,73.819338,Kasarwadi - Pimple Gurav Road,Arterial,50,Junction,Clear,Dark - unlit,Two-wheeler,Over-speeding,Fatal,1,2
PN201903739,2019-11-14,2019,11,Tue,2,02:26,18.435657,73.949895,(unnamed road),Collector,40,Mid-block,Clear,Dark - unlit,Car,Over-speeding,Fatal,1,1
PN201901872,2019-11-14,2019,11,Tue,23,23:36,18.632013,73.8999,(unnamed road),Local,30,Junction,Clear,Dark - unlit,Two-wheeler,Rash/careless driving,Grievous,0,2
PN201903801,2019-11-17,2019,11,Fri,8,08:18,18.46598,73.917833,(unnamed road),Arterial,50,Junction,Clear,Daylight,Two-wheeler,Over-speeding,Grievous,0,1
PN201900989,2019-11-17,2019,11,Fri,10,10:49,18.606964,73.751339,Service Road,Arterial,50,Junction,Clear,Daylight,Two-wheeler,Wrong-side driving,Minor,0,1
PN201901227,2019-11-18,2019,11,Sat,7,07:48,18.494616,73.873076,(unnamed road),Local,30,Mid-block,Clear,Daylight,Car,Signal jumping,Grievous,0,2
PN201902878,2019-11-18,2019,11,Sat,9,09:11,18.608974,73.820331,(unnamed road),Arterial,40,Junction,Clear,Daylight,Auto-rickshaw,Over-speeding,Grievous,0,1
PN201901602,2019-11-19,2019,11,Sun,10,10:17,18.588116,73.733016,Rajiv Gandhi MIDC Road,Arterial,30,Mid-block,Clear,Daylight,Two-wheeler,Other,Grievous,0,3
PN201903703,2019-11-19,2019,11,Sun,15,15:24,18.496312,73.89485,Prince Of Wales Drive,Collector,60,Junction,Clear,Daylight,Bicycle,Over-speeding,Fatal,2,2
PN201901676,2019-11-19,2019,11,Sun,19,19:22,18.58692,73.73656,Hinjawadi Phase 1 road,Arterial,20,Junction,Clear,Dark - lit,Pedestrian,Over-speeding,Minor,0,0
PN201901642,2019-11-20,2019,11,Mon,7,07:00,18.478976,73.734373,(unnamed road),Collector,40,Mid-block,Clear,Daylight,Two-wheeler,Wrong-side driving,Minor,0,1
PN201900280,2019-11-20,2019,11,Mon,10,10:50,18.431092,73.840036,Ambegaon Viaduct,Highway,75,Bridge/Slope,Clear,Daylight,Car,Over-speeding,Fatal,1,2
PN201903679,2019-11-20,2019,11,Mon,13,13:20,18.649482,73.810705,(unnamed road),Arterial,40,Mid-block,Clear,Daylight,Two-wheeler,Over-speeding,Fatal,1,2
PN201901924,2019-11-20,2019,11,Mon,15,15:02,18.602634,73.726113,(unnamed road),Collector,30,Mid-block,Clear,Daylight,Two-wheeler,Over-speeding,Minor,0,0
PN201903065,2019-11-20,2019,11,Mon,18,18:59,18.56193,73.89239,National Games Marg,Arterial,50,Mid-block,Clear,Dusk/Dawn,Car,Over-speeding,Fatal,1,2
PN201902743,2019-11-20,2019,11,Mon,22,22:18,18.508481,73.831552,(unnamed road),Arterial,40,Junction,Clear,Dark - unlit,Car,Over-speeding,Fatal,2,0
PN201903439,2019-11-21,2019,11,Tue,16,16:55,18.657931,73.759286,Nigdi-Kiwale Road,Arterial,50,Mid-block,Clear,Daylight,Two-wheeler,Over-speeding,Grievous,0,1
PN201900258,2019-11-22,2019,11,Wed,19,19:57,18.50524,73.917489,Solapur Road Flyover,Highway,60,Junction,Cloudy,Dark - unlit,Truck/Tempo,Pothole/road condition,Grievous,0,3
PN201900109,2019-11-23,2019,11,Thu,1,01:21,18.453579,73.858369,Satara Road,Highway,60,Junction,Clear,Dark - unlit,Two-wheeler,Over-speeding,Grievous,0,2
PN201900946,2019-11-23,2019,11,Thu,16,16:14,18.492234,73.998983,(unnamed road),Collector,40,Mid-block,Clear,Daylight,Two-wheeler,Over-speeding,Grievous,0,3
PN201900717,2019-11-23,2019,11,Thu,19,19:18,18.557395,73.944912,(unnamed road),Collector,40,Junction,Clear,Dark - lit,Auto-rickshaw,Rash/careless driving,Grievous,0,3
PN201900189,2019-11-23,2019,11,Thu,22,22:32,18.606464,73.754132,Hinjawadi - Chinchwad Road,Arterial,50,Junction,Clear,Dark - lit,Two-wheeler,Wrong-side driving,Fatal,1,2
PN201903198,2019-11-23,2019,11,Thu,22,22:57,18.458452,73.90761,(unnamed road),Collector,40,Mid-block,Clear,Dark - lit,Two-wheeler,Over-speeding,Grievous,0,1
PN201902016,2019-11-24,2019,11,Fri,11,11:10,18.507308,73.783059,Katraj - Dehu Road Bypass,Highway,80,Mid-block,Clear,Daylight,Car,Over-speeding,Grievous,0,2
PN201903131,2019-11-24,2019,11,Fri,12,12:32,18.682526,73.744537,Old Pune Mumbai Highway-Dehu Gaon Road,Arterial,50,Mid-block,Clear,Daylight,Two-wheeler,Over-speeding,Minor,0,2
PN201902557,2019-11-24,2019,11,Fri,21,21:08,18.441887,73.916382,(unnamed road),Local,30,Mid-block,Cloudy,Dark - lit,Two-wheeler,Rash/careless driving,Minor,0,0
PN201900877,2019-11-25,2019,11,Sat,6,06:23,18.502902,73.91689,Dr Helenkelar Path,Collector,40,Junction,Cloudy,Dusk/Dawn,Truck/Tempo,Over-speeding,Minor,0,0
PN201903760,2019-11-25,2019,11,Sat,12,12:13,18.50931,73.930613,Mundhwa Road,Highway,60,Junction,Clear,Daylight,Truck/Tempo,Over-speeding,Fatal,1,1
PN201900863,2019-11-25,2019,11,Sat,13,13:21,18.496239,73.943738,Saswad Road,Highway,60,Junction,Clear,Daylight,Truck/Tempo,Over-speeding,Minor,0,0
PN201902430,2019-11-25,2019,11,Sat,17,17:51,18.464696,73.773983,NDA Road,Arterial,50,Mid-block,Clear,Daylight,Two-wheeler,Over-speeding,Grievous,0,1
PN201903559,2019-11-26,2019,11,Sun,1,01:12,18.481347,73.720288,(unnamed road),Collector,30,Mid-block,Clear,Dark - lit,Car,Over-speeding,Grievous,0,3
PN201901608,2019-11-26,2019,11,Sun,20,20:49,18.622088,73.819435,Bhosari-YCM Hospital Road,Local,30,Junction,Clear,Dark - unlit,Two-wheeler,Over-speeding,Minor,0,0
PN201903137,2019-11-27,2019,11,Mon,3,03:39,18.580955,73.978551,(unnamed road),Highway,40,Junction,Clear,Dark - unlit,Two-wheeler,Over-speeding,Fatal,1,0
PN201902508,2019-11-27,2019,11,Mon,15,15:00,18.513596,73.907142,(unnamed road),Collector,40,Junction,Clear,Daylight,Auto-rickshaw,Signal jumping,Minor,0,1
PN201901407,2019-11-27,2019,11,Mon,15,15:25,18.509563,73.843739,Krushnahardas Path,Collector,40,Junction,Clear,Daylight,Pedestrian,Over-speeding,Minor,0,0
PN201901585,2019-11-28,2019,11,Tue,9,09:42,18.592581,73.821528,(unnamed road),Local,30,Junction,Rain,Daylight,Pedestrian,Over-speeding,Fatal,2,2
PN201902720,2019-12-01,2019,12,Sat,8,08:06,18.487831,73.828986,Sinhagad Road,Arterial,50,Junction,Mist/Fog,Daylight,Two-wheeler,Brake failure/vehicle defect,Grievous,0,1
PN201901343,2019-12-01,2019,12,Sat,13,13:53,18.487938,73.794452,Warje Road,Collector,40,Junction,Clear,Daylight,Two-wheeler,Over-speeding,Minor,0,2
PN201900669,2019-12-01,2019,12,Sat,20,20:14,18.608459,73.820663,Bharatratna J.R.D Tata Flyover Ramp,Arterial,40,Junction,Clear,Dark - lit,Two-wheeler,Over-speeding,Minor,0,0
PN201903194,2019-12-01,2019,12,Sat,20,20:40,18.637649,73.874996,Sant Dyaneshwar Marg,Arterial,50,Mid-block,Clear,Dark - lit,Two-wheeler,Over-speeding,Fatal,1,2
PN201900279,2019-12-02,2019,12,Sun,13,13:50,18.56518,73.914284,Viman Nagar Road,Collector,40,Junction,Clear,Daylight,Car,Rash/careless driving,Minor,0,2
PN201903480,2019-12-02,2019,12,Sun,16,16:31,18.568998,73.765885,Katraj - Dehu Road Bypass,Highway,80,Mid-block,Clear,Daylight,Pedestrian,Over-speeding,Grievous,0,2
PN201900846,2019-12-02,2019,12,Sun,23,23:15,18.502583,73.936704,Tupe Patil Road,Collector,40,Junction,Clear,Dark - lit,Two-wheeler,Over-speeding,Grievous,0,3
PN201900739,2019-12-03,2019,12,Mon,7,07:35,18.484782,73.799674,Warje Road,Collector,30,Junction,Clear,Daylight,Car,Brake failure/vehicle defect,Minor,0,2
PN201901030,2019-12-04,2019,12,Tue,10,10:51,18.489843,74.016129,(unnamed road),Collector,40,Junction,Rain,Daylight,Two-wheeler,Mobile phone use,Minor,0,0
PN201901301,2019-12-04,2019,12,Tue,11,11:04,18.50492,73.933742,(unnamed road),Local,30,Junction,Cloudy,Daylight,Two-wheeler,Over-speeding,Grievous,0,3
PN201901226,2019-12-04,2019,12,Tue,15,15:49,18.524065,73.84481,Ghole Road,Collector,40,Mid-block,Clear,Daylight,Two-wheeler,Over-speeding,Grievous,0,1
PN201900479,2019-12-06,2019,12,Thu,5,05:19,18.507803,73.787882,Paud Road,Arterial,40,Junction,Clear,Dark - lit,Pedestrian,Over-speeding,Fatal,1,2
PN201903587,2019-12-06,2019,12,Thu,15,15:35,18.667257,73.786426,(unnamed road),Arterial,50,Junction,Clear,Daylight,Two-wheeler,Over-speeding,Grievous,0,2
PN201902713,2019-12-06,2019,12,Thu,17,17:59,18.570022,73.952337,Nagar Road,Highway,60,Mid-block,Clear,Daylight,Two-wheeler,Drunk driving,Fatal,1,2
PN201903088,2019-12-06,2019,12,Thu,20,20:58,18.638401,73.789451,(unnamed road),Local,30,Junction,Clear,Dark - lit,Two-wheeler,Signal jumping,Minor,0,2
PN201900731,2019-12-07,2019,12,Fri,12,12:43,18.495119,73.787939,Katraj - Dehu Road Bypass,Highway,80,Bridge/Slope,Clear,Daylight,Car,Over-speeding,Fatal,1,1
PN201901706,2019-12-08,2019,12,Sat,13,13:35,18.458092,73.947001,NH548DD,Highway,60,Mid-block,Clear,Daylight,Two-wheeler,Over-speeding,Minor,0,1
PN201902042,2019-12-09,2019,12,Sun,7,07:44,18.504842,73.9183,Solapur Road Flyover,Highway,60,Mid-block,Clear,Daylight,Truck/Tempo,Other,Grievous,0,3
PN201900618,2019-12-09,2019,12,Sun,15,15:48,18.496125,73.944038,Saswad Road,Highway,60,Mid-block,Cloudy,Daylight,Car,Over-speeding,Grievous,0,1
PN201902560,2019-12-09,2019,12,Sun,16,16:25,18.512664,73.916236,(unnamed road),Collector,40,Mid-block,Clear,Daylight,Two-wheeler,Wrong-side driving,Grievous,0,3
PN201902511,2019-12-10,2019,12,Mon,12,12:19,18.489914,73.837242,(unnamed road),Local,30,Mid-block,Cloudy,Daylight,Pedestrian,Drunk driving,Fatal,1,2
PN201900504,2019-12-11,2019,12,Tue,4,04:56,18.563866,73.914024,Viman Nagar Avenue 2,Collector,40,Junction,Clear,Dark - lit,Auto-rickshaw,Signal jumping,Grievous,0,1
PN201901296,2019-12-11,2019,12,Tue,8,08:24,18.552117,73.873597,Loop Road,Arterial,50,Junction,Clear,Daylight,Pedestrian,Pothole/road condition,Grievous,0,3
PN201903231,2019-12-11,2019,12,Tue,18,18:49,18.416266,73.759761,Sinhagad Road,Arterial,50,Mid-block,Clear,Dusk/Dawn,Two-wheeler,Over-speeding,Minor,0,1
PN201903532,2019-12-11,2019,12,Tue,18,18:52,18.457352,73.800692,Nanded City Road,Collector,40,Mid-block,Clear,Dusk/Dawn,Truck/Tempo,Over-speeding,Fatal,1,0
PN201902378,2019-12-12,2019,12,Wed,1,01:01,18.562642,73.789362,Aundh-Baner Link Road,Arterial,30,Junction,Clear,Dark - lit,Two-wheeler,Over-speeding,Fatal,1,2
PN201902269,2019-12-12,2019,12,Wed,16,16:45,18.516946,73.919246,Magarpatta Rear Approach Road,Collector,30,Mid-block,Clear,Daylight,Two-wheeler,Over-speeding,Grievous,0,3
PN201902670,2019-12-12,2019,12,Wed,19,19:18,18.669479,73.726765,Katraj - Dehu Road Bypass,Highway,80,Mid-block,Rain,Dark - unlit,Two-wheeler,Over-speeding,Fatal,1,1
PN201903535,2019-12-13,2019,12,Thu,5,05:58,18.616817,73.76776,Babasaheb Ambedkar Path,Collector,40,Mid-block,Clear,Dark - lit,Pedestrian,Over-speeding,Minor,0,1
PN201902206,2019-12-13,2019,12,Thu,18,18:58,18.594796,73.758275,(unnamed road),Local,30,Junction,Cloudy,Dusk/Dawn,Two-wheeler,Mobile phone use,Grievous,0,1
PN201901933,2019-12-14,2019,12,Fri,8,08:06,18.680316,73.848881,(unnamed road),Local,30,Junction,Clear,Daylight,Two-wheeler,Other,Grievous,0,3
PN201902437,2019-12-14,2019,12,Fri,9,09:59,18.579902,73.800157,Aundh Ravet Road,Arterial,50,Mid-block,Clear,Daylight,Car,Drunk driving,Grievous,0,1
PN201901000,2019-12-14,2019,12,Fri,13,13:32,18.507635,73.786648,Paud Road,Arterial,40,Junction,Clear,Daylight,Two-wheeler,Over-speeding,Grievous,0,2
PN201902686,2019-12-15,2019,12,Sat,10,10:58,18.558493,73.911452,Nagar Road,Highway,60,Junction,Clear,Daylight,Truck/Tempo,Rash/careless driving,Fatal,2,0
PN201903932,2019-12-15,2019,12,Sat,13,13:59,18.66182,73.822282,Spine Road,Arterial,50,Mid-block,Clear,Daylight,Two-wheeler,Over-speeding,Grievous,0,2
PN201901598,2019-12-16,2019,12,Sun,9,09:12,18.623961,73.748731,Ashok Nagar Road,Collector,40,Junction,Clear,Daylight,Two-wheeler,Over-speeding,Grievous,0,1
PN201902714,2019-12-16,2019,12,Sun,20,20:25,18.496292,73.970772,Solapur Road,Highway,60,Junction,Clear,Dark - unlit,Pedestrian,Over-speeding,Fatal,1,1
PN201900145,2019-12-17,2019,12,Mon,9,09:34,18.492648,73.997738,(unnamed road),Collector,40,Mid-block,Clear,Daylight,Car,Rash/careless driving,Fatal,1,1
PN201901294,2019-12-17,2019,12,Mon,9,09:43,18.643437,73.806092,Auto Cluster Back Side Road,Arterial,50,Mid-block,Cloudy,Daylight,Car,Rash/careless driving,Grievous,0,3
PN201900565,2019-12-17,2019,12,Mon,9,09:57,18.456003,73.858497,Satara Road,Highway,60,Junction,Clear,Daylight,Two-wheeler,Rash/careless driving,Grievous,0,1
PN201902606,2019-12-17,2019,12,Mon,11,11:42,18.609602,73.742052,(unnamed road),Local,30,Junction,Clear,Daylight,Two-wheeler,Over-speeding,Minor,0,0
PN201902795,2019-12-18,2019,12,Tue,1,01:02,18.660281,73.730599,Gramdaivat Shree Bapdev Maharaj Flyover,Highway,80,Junction,Mist/Fog,Dark - unlit,Two-wheeler,Over-speeding,Fatal,1,2
PN201900515,2019-12-18,2019,12,Tue,16,16:32,18.45984,73.823305,Katraj - Dehu Road Bypass,Highway,60,Junction,Rain,Daylight,Truck/Tempo,Over-speeding,Grievous,0,2
PN201902015,2019-12-19,2019,12,Wed,0,00:10,18.489523,74.019601,Solapur Road,Highway,60,Mid-block,Mist/Fog,Dark - unlit,Two-wheeler,Wrong-side driving,Grievous,0,2
PN201901802,2019-12-19,2019,12,Wed,6,06:36,18.571059,73.860651,Khadki Bazar-Vishrantwadi Road,Collector,40,Mid-block,Mist/Fog,Dusk/Dawn,Two-wheeler,Other,Fatal,1,0
PN201900174,2019-12-19,2019,12,Wed,8,08:22,18.502409,73.792288,Katraj - Dehu Road Bypass,Highway,80,Junction,Mist/Fog,Daylight,Two-wheeler,Pothole/road condition,Fatal,1,0
PN201903094,2019-12-19,2019,12,Wed,20,20:14,18.529312,73.744051,FLAME University Path,Collector,30,Mid-block,Clear,Dark - lit,Two-wheeler,Over-speeding,Fatal,1,2
PN201903654,2019-12-20,2019,12,Thu,0,00:37,18.606595,73.751669,Katraj - Dehu Road Bypass,Highway,80,Mid-block,Clear,Dark - unlit,Two-wheeler,Over-speeding,Fatal,1,0
PN201902479,2019-12-21,2019,12,Fri,0,00:53,18.645342,73.828303,(unnamed road),Arterial,50,Mid-block,Cloudy,Dark - lit,Car,Over-speeding,Minor,0,0
PN201902709,2019-12-21,2019,12,Fri,7,07:31,18.510019,73.93121,(unnamed road),Highway,40,Junction,Mist/Fog,Daylight,Auto-rickshaw,Other,Grievous,0,2
PN201902245,2019-12-22,2019,12,Sat,12,12:21,18.522511,73.77739,(unnamed road),Local,30,Junction,Cloudy,Daylight,Pedestrian,Other,Minor,0,0
PN201900808,2019-12-22,2019,12,Sat,14,14:16,18.49531,73.945166,Saswad Road,Highway,60,Mid-block,Clear,Daylight,Auto-rickshaw,Over-speeding,Fatal,1,1
PN201901914,2019-12-22,2019,12,Sat,17,17:37,18.604958,73.74219,(unnamed road),Local,30,Junction,Clear,Daylight,Bus,Rash/careless driving,Grievous,0,1
PN201903399,2019-12-22,2019,12,Sat,19,19:43,18.44265,73.819277,Shree Control Chowk Road,Collector,40,Mid-block,Clear,Dark - lit,Two-wheeler,Over-speeding,Grievous,0,2
PN201903061,2019-12-23,2019,12,Sun,21,21:19,18.58378,73.897787,(unnamed road),Local,30,Mid-block,Clear,Dark - lit,Two-wheeler,Over-speeding,Minor,0,0
PN201901740,2019-12-24,2019,12,Mon,8,08:38,18.473337,73.824698,New Canal Road,Collector,40,Mid-block,Clear,Daylight,Bus,Over-speeding,Fatal,1,0
PN201901170,2019-12-24,2019,12,Mon,10,10:34,18.638005,73.826012,MIDC Road,Arterial,50,Mid-block,Clear,Daylight,Two-wheeler,Mobile phone use,Grievous,0,2
PN201900531,2019-12-24,2019,12,Mon,12,12:56,18.503198,73.792478,Katraj - Dehu Road Bypass,Highway,80,Junction,Clear,Daylight,Two-wheeler,Wrong-side driving,Fatal,2,2
PN201900433,2019-12-25,2019,12,Tue,10,10:56,18.459592,73.823548,Katraj - Dehu Road Bypass,Highway,60,Junction,Cloudy,Daylight,Two-wheeler,Over-speeding,Fatal,1,0
PN201903261,2019-12-25,2019,12,Tue,22,22:26,18.490417,74.013677,(unnamed road),Collector,40,Mid-block,Clear,Dark - lit,Car,Rash/careless driving,Grievous,0,3
PN201903815,2019-12-25,2019,12,Tue,23,23:31,18.578638,73.903971,(unnamed road),Arterial,50,Junction,Clear,Dark - lit,Truck/Tempo,Signal jumping,Grievous,0,3
PN201900917,2019-12-26,2019,12,Wed,0,00:35,18.445221,73.835911,Katraj - Dehu Road Bypass,Highway,85,Bridge/Slope,Clear,Dark - unlit,Truck/Tempo,Mobile phone use,Fatal,1,1
PN201903087,2019-12-26,2019,12,Wed,3,03:38,18.579893,73.761671,Katraj - Dehu Road Bypass,Highway,80,Mid-block,Clear,Dark - unlit,Car,Other,Grievous,0,2
PN201903280,2019-12-26,2019,12,Wed,10,10:24,18.619061,73.812106,(unnamed road),Arterial,40,Junction,Clear,Daylight,Two-wheeler,Signal jumping,Grievous,0,3
PN201900491,2019-12-26,2019,12,Wed,12,12:22,18.454498,73.827485,Katraj - Dehu Road Bypass,Highway,85,Bridge/Slope,Clear,Daylight,Truck/Tempo,Over-speeding,Fatal,1,2
PN201902458,2019-12-26,2019,12,Wed,21,21:41,18.577798,73.994716,(unnamed road),Local,30,Junction,Clear,Dark - lit,Two-wheeler,Over-speeding,Fatal,1,2
PN201901892,2019-12-27,2019,12,Thu,9,09:35,18.69262,73.865959,Chimbali Phata-Alandi {Alankapuri) Road,Arterial,40,Mid-block,Clear,Daylight,Bus,Wrong-side driving,Grievous,0,3
PN201902675,2019-12-27,2019,12,Thu,20,20:32,18.507253,73.805097,Paud Road,Arterial,50,Mid-block,Clear,Dark - lit,Two-wheeler,Drunk driving,Grievous,0,3
PN201903841,2019-12-28,2019,12,Fri,21,21:59,18.565912,73.746063,(unnamed road),Collector,30,Mid-block,Clear,Dark - unlit,Truck/Tempo,Over-speeding,Grievous,0,2
PN202001369,2020-01-01,2020,1,Tue,3,03:46,18.666997,73.727686,Katraj - Dehu Road Bypass,Highway,80,Mid-block,Mist/Fog,Dark - unlit,Truck/Tempo,Brake failure/vehicle defect,Minor,0,0
PN202000127,2020-01-01,2020,1,Tue,6,06:22,18.563431,73.93417,Nagar Road,Highway,60,Junction,Mist/Fog,Dusk/Dawn,Car,Over-speeding,Minor,0,2
PN202000772,2020-01-02,2020,1,Wed,10,10:31,18.500326,73.938855,(unnamed road),Highway,60,Junction,Clear,Daylight,Pedestrian,Pothole/road condition,Minor,0,2
PN202000750,2020-01-02,2020,1,Wed,14,14:30,18.551367,73.937108,Kharadi Bypass,Highway,60,Junction,Clear,Daylight,Two-wheeler,Over-speeding,Fatal,1,1
PN202002639,2020-01-04,2020,1,Fri,0,00:54,18.507309,73.78949,Katraj - Dehu Road Bypass,Highway,80,Mid-block,Mist/Fog,Dark - unlit,Truck/Tempo,Over-speeding,Minor,0,2
PN202003523,2020-01-04,2020,1,Fri,9,09:39,18.560088,73.87626,(unnamed road),Collector,40,Mid-block,Clear,Daylight,Two-wheeler,Over-speeding,Minor,0,2
PN202003699,2020-01-04,2020,1,Fri,19,19:07,18.510463,73.81819,(unnamed road),Arterial,50,Mid-block,Clear,Dark - lit,Two-wheeler,Pothole/road condition,Minor,0,0
PN202000813,2020-01-04,2020,1,Fri,21,21:56,18.444354,73.836518,Katraj - Dehu Road Bypass,Highway,85,Bridge/Slope,Cloudy,Dark - unlit,Bus,Brake failure/vehicle defect,Fatal,2,1
PN202003745,2020-01-05,2020,1,Sat,20,20:57,18.675696,73.797228,Indra Market Road,Collector,40,Junction,Clear,Dark - lit,Two-wheeler,Over-speeding,Grievous,0,2
PN202001346,2020-01-06,2020,1,Sun,14,14:51,18.673308,73.826662,(unnamed road),Local,30,Mid-block,Clear,Daylight,Car,Over-speeding,Grievous,0,2
PN202003704,2020-01-07,2020,1,Mon,17,17:43,18.487508,73.794827,2nd Service Road,Collector,40,Mid-block,Clear,Daylight,Truck/Tempo,Rash/careless driving,Grievous,0,3
PN202003457,2020-01-08,2020,1,Tue,18,18:25,18.509644,73.859434,Jedhe Prasad Road,Collector,40,Junction,Clear,Dusk/Dawn,Car,Pothole/road condition,Grievous,0,3
PN202003649,2020-01-08,2020,1,Tue,20,20:51,18.542534,73.883811,Babasaheb Ambedkar Bridge,Highway,60,Mid-block,Clear,Dark - unlit,Truck/Tempo,Other,Fatal,1,2
PN202000287,2020-01-09,2020,1,Wed,23,23:17,18.430597,73.840539,Ambegaon Viaduct,Highway,75,Bridge/Slope,Clear,Dark - unlit,Truck/Tempo,Brake failure/vehicle defect,Fatal,2,0
PN202000857,2020-01-10,2020,1,Thu,6,06:23,18.459582,73.823754,Navale Flyover,Highway,80,Bridge/Slope,Mist/Fog,Dusk/Dawn,Two-wheeler,Wrong-side driving,Grievous,0,3
PN202001471,2020-01-10,2020,1,Thu,13,13:59,18.461203,73.872459,Swami Vivekanand Marg,Arterial,50,Junction,Clear,Daylight,Two-wheeler,Over-speeding,Fatal,2,0
PN202003313,2020-01-10,2020,1,Thu,23,23:35,18.50643,73.883533,Solapur Road,Highway,60,Junction,Rain,Dark - unlit,Two-wheeler,Over-speeding,Fatal,1,1
PN202003178,2020-01-11,2020,1,Fri,9,09:26,18.66892,73.788512,Spine Road,Arterial,50,Junction,Clear,Daylight,Two-wheeler,Over-speeding,Fatal,1,2
PN202000686,2020-01-12,2020,1,Sat,18,18:30,18.501705,73.937336,(unnamed road),Collector,40,Junction,Clear,Dusk/Dawn,Truck/Tempo,Rash/careless driving,Grievous,0,1
PN202003643,2020-01-12,2020,1,Sat,20,20:06,18.539458,73.784787,Sutarwadi-Pashan Link Road,Collector,40,Junction,Rain,Dark - lit,Pedestrian,Pothole/road condition,Minor,0,2
PN202001124,2020-01-12,2020,1,Sat,21,21:48,18.61944,73.746737,Katraj - Dehu Road Bypass,Highway,80,Mid-block,Clear,Dark - unlit,Car,Over-speeding,Minor,0,0
PN202002100,2020-01-13,2020,1,Sun,19,19:52,18.50657,73.90296,Solapur Road,Highway,60,Junction,Clear,Dark - unlit,Truck/Tempo,Over-speeding,Minor,0,0
PN202001558,2020-01-14,2020,1,Mon,2,02:21,18.497195,73.96524,Solapur Road,Highway,60,Mid-block,Clear,Dark - unlit,Car,Over-speeding,Fatal,1,2
PN202000154,2020-01-14,2020,1,Mon,13,13:51,18.455696,73.858729,Satara Road,Highway,60,Junction,Clear,Daylight,Car,Over-speeding,Grievous,0,3
PN202000250,2020-01-15,2020,1,Tue,9,09:39,18.564416,73.914084,Viman Nagar Avenue 2,Collector,40,Junction,Clear,Daylight,Two-wheeler,Over-speeding,Minor,0,2
PN202001059,2020-01-15,2020,1,Tue,11,11:48,18.580148,73.884623,(unnamed road),Local,30,Junction,Clear,Daylight,Pedestrian,Signal jumping,Minor,0,1
PN202003106,2020-01-15,2020,1,Tue,21,21:04,18.456267,73.96769,(unnamed road),Local,30,Junction,Clear,Dark - lit,Car,Over-speeding,Minor,0,1
PN202002452,2020-01-15,2020,1,Tue,21,21:19,18.575262,73.708881,Maan Road,Arterial,50,Mid-block,Cloudy,Dark - lit,Car,Over-speeding,Grievous,0,2
PN202001522,2020-01-15,2020,1,Tue,22,22:27,18.470244,73.910572,(unnamed road),Collector,40,Junction,Clear,Dark - lit,Two-wheeler,Over-speeding,Grievous,0,1
PN202002861,2020-01-16,2020,1,Wed,9,09:12,18.592491,73.737132,Hinjawadi Phase 2 Road,Arterial,20,Junction,Cloudy,Daylight,Pedestrian,Over-speeding,Grievous,0,3
PN202003529,2020-01-17,2020,1,Thu,12,12:18,18.450394,73.880456,Katraj Bypass Road | Katraj - Kondhwa Road,Highway,60,Junction,Clear,Daylight,Truck/Tempo,Over-speeding,Fatal,1,2
PN202000297,2020-01-17,2020,1,Thu,22,22:53,18.46037,73.822634,Katraj - Dehu Road Bypass,Highway,60,Bridge/Slope,Clear,Dark - unlit,Two-wheeler,Other,Grievous,0,3
PN202002512,2020-01-18,2020,1,Fri,19,19:05,18.588876,73.777183,(unnamed road),Arterial,50,Junction,Clear,Dark - lit,Two-wheeler,Over-speeding,Fatal,1,2
PN202001101,2020-01-18,2020,1,Fri,19,19:44,18.485623,73.860364,(unnamed road),Local,30,Mid-block,Clear,Dark - lit,Auto-rickshaw,Over-speeding,Minor,0,2
PN202001383,2020-01-19,2020,1,Sat,0,00:14,18.662593,73.774177,Jagadguru Sant Tukaram Maharaj and Chhatrapati Shivaji Maharaj Flyover,Highway,80,Mid-block,Clear,Dark - unlit,Truck/Tempo,Drunk driving,Grievous,0,1
PN202002591,2020-01-19,2020,1,Sat,13,13:40,18.447385,73.854279,Janseva Colony Road,Local,30,Junction,Clear,Daylight,Car,Over-speeding,Fatal,1,1
PN202001809,2020-01-19,2020,1,Sat,16,16:08,18.649783,73.839217,Spine Road,Arterial,50,Junction,Clear,Daylight,Car,Over-speeding,Grievous,0,3
PN202001835,2020-01-19,2020,1,Sat,20,20:31,18.57346,73.696883,Maan Road,Arterial,50,Mid-block,Rain,Dark - lit,Car,Over-speeding,Grievous,0,1
PN202000277,2020-01-20,2020,1,Sun,3,03:27,18.550036,73.93684,Kharadi Bypass,Highway,60,Junction,Cloudy,Dark - unlit,Truck/Tempo,Drunk driving,Fatal,2,2
PN202001694,2020-01-20,2020,1,Sun,6,06:25,18.482053,73.947333,(unnamed road),Local,30,Junction,Clear,Dusk/Dawn,Two-wheeler,Rash/careless driving,Grievous,0,3
PN202001980,2020-01-20,2020,1,Sun,19,19:05,18.608669,73.820593,(unnamed road),Arterial,40,Mid-block,Clear,Dark - lit,Two-wheeler,Over-speeding,Grievous,0,2
PN202002354,2020-01-21,2020,1,Mon,17,17:21,18.488111,73.820762,Anandrao Thorat Path,Collector,30,Junction,Clear,Daylight,Car,Over-speeding,Minor,0,0
PN202001445,2020-01-23,2020,1,Wed,1,01:38,18.545015,73.846008,Rangehills Marg,Arterial,50,Mid-block,Cloudy,Dark - lit,Two-wheeler,Over-speeding,Grievous,0,1
PN202000140,2020-01-24,2020,1,Thu,12,12:10,18.46003,73.823662,Katraj - Dehu Road Bypass,Highway,60,Junction,Clear,Daylight,Two-wheeler,Rash/careless driving,Fatal,1,0
PN202000351,2020-01-24,2020,1,Thu,23,23:00,18.604646,73.751105,(unnamed road),Arterial,40,Junction,Clear,Dark - lit,Two-wheeler,Mobile phone use,Grievous,0,1
PN202003714,2020-01-25,2020,1,Fri,13,13:13,18.443203,73.873483,(unnamed road),Local,30,Junction,Clear,Daylight,Pedestrian,Over-speeding,Fatal,1,2
PN202002544,2020-01-26,2020,1,Sat,12,12:02,18.448598,73.833701,Katraj - Dehu Road Bypass,Highway,85,Mid-block,Clear,Daylight,Pedestrian,Over-speeding,Grievous,0,2
PN202002567,2020-01-26,2020,1,Sat,20,20:57,18.455757,73.826781,(unnamed road),Collector,40,Junction,Clear,Dark - lit,Auto-rickshaw,Pothole/road condition,Grievous,0,3
PN202002207,2020-01-27,2020,1,Sun,19,19:39,18.499139,73.842909,Sinhagad Road,Arterial,50,Junction,Clear,Dark - unlit,Two-wheeler,Over-speeding,Fatal,1,0
PN202001876,2020-01-28,2020,1,Mon,18,18:24,18.494337,73.85799,(unnamed road),Highway,60,Junction,Clear,Dusk/Dawn,Two-wheeler,Over-speeding,Minor,0,1
PN202001209,2020-02-02,2020,2,Sat,6,06:16,18.631759,73.742083,Service Road,Arterial,50,Junction,Clear,Dusk/Dawn,Bus,Rash/careless driving,Grievous,0,1
PN202000529,2020-02-02,2020,2,Sat,12,12:43,18.486037,73.953741,Fursungi Bhekrai Road,Collector,40,Junction,Clear,Daylight,Two-wheeler,Over-speeding,Minor,0,2
PN202003779,2020-02-03,2020,2,Sun,6,06:55,18.629646,73.802774,(unnamed road),Arterial,50,Junction,Clear,Dusk/Dawn,Pedestrian,Rash/careless driving,Fatal,1,2
PN202001428,2020-02-03,2020,2,Sun,16,16:14,18.618248,73.800178,(unnamed road),Local,30,Junction,Clear,Daylight,Truck/Tempo,Over-speeding,Grievous,0,1
PN202000215,2020-02-03,2020,2,Sun,16,16:51,18.503099,73.792464,Katraj - Dehu Road Bypass,Highway,80,Junction,Clear,Daylight,Two-wheeler,Over-speeding,Fatal,1,1
PN202002299,2020-02-03,2020,2,Sun,23,23:50,18.492056,74.001555,Solapur Road,Highway,60,Mid-block,Clear,Dark - unlit,Car,Pothole/road condition,Minor,0,2
PN202001771,2020-02-04,2020,2,Mon,3,03:33,18.600173,73.813063,Late Manohar Parikar Underpass,Arterial,50,Mid-block,Clear,Dark - lit,Truck/Tempo,Over-speeding,Fatal,2,2
PN202000639,2020-02-04,2020,2,Mon,10,10:59,18.604232,73.752969,Highway bypass,Arterial,20,Junction,Clear,Daylight,Pedestrian,Over-speeding,Fatal,1,0
PN202002783,2020-02-04,2020,2,Mon,20,20:42,18.597508,73.828297,Old Pune–Mumbai Highway,Highway,60,Mid-block,Clear,Dark - unlit,Pedestrian,Over-speeding,Grievous,0,1
PN202001888,2020-02-05,2020,2,Tue,12,12:12,18.661473,73.887484,Charholi Road,Collector,40,Junction,Clear,Daylight,Two-wheeler,Over-speeding,Grievous,0,2
PN202000643,2020-02-05,2020,2,Tue,18,18:00,18.484156,73.800555,Warje Exit,Collector,30,Junction,Clear,Dusk/Dawn,Two-wheeler,Pothole/road condition,Grievous,0,2
PN202001547,2020-02-06,2020,2,Wed,13,13:38,18.620669,73.947873,(unnamed road),Local,30,Junction,Clear,Daylight,Two-wheeler,Over-speeding,Fatal,1,0
PN202001082,2020-02-06,2020,2,Wed,18,18:30,18.685266,73.721138,Katraj - Dehu Road Bypass,Highway,80,Mid-block,Clear,Dusk/Dawn,Car,Signal jumping,Minor,0,1
PN202003211,2020-02-06,2020,2,Wed,19,19:15,18.636633,73.836315,(unnamed road),Collector,40,Mid-block,Clear,Dark - unlit,Two-wheeler,Wrong-side driving,Fatal,2,2
PN202003161,2020-02-07,2020,2,Thu,23,23:37,18.720397,73.820679,(unnamed road),Collector,40,Mid-block,Clear,Dark - lit,Two-wheeler,Over-speeding,Minor,0,0
PN202001768,2020-02-08,2020,2,Fri,4,04:04,18.465167,73.962482,Saswad Road,Highway,60,Junction,Clear,Dark - unlit,Pedestrian,Over-speeding,Minor,0,1
PN202003662,2020-02-08,2020,2,Fri,17,17:01,18.532514,73.834423,(unnamed road),Collector,40,Junction,Clear,Daylight,Two-wheeler,Over-speeding,Minor,0,2
PN202001861,2020-02-09,2020,2,Sat,0,00:14,18.489036,73.930633,(unnamed road),Local,30,Junction,Cloudy,Dark - lit,Two-wheeler,Pothole/road condition,Minor,0,0
PN202001927,2020-02-09,2020,2,Sat,13,13:35,18.569203,73.982481,(unnamed road),Local,30,Junction,Clear,Daylight,Bicycle,Over-speeding,Minor,0,1
PN202003488,2020-02-09,2020,2,Sat,18,18:23,18.496073,73.827867,Appasaheb Kulkarni Path,Collector,40,Junction,Clear,Dusk/Dawn,Two-wheeler,Over-speeding,Minor,0,1
PN202001770,2020-02-10,2020,2,Sun,6,06:13,18.605952,73.873335,Sant Dyaneshwar Marg,Arterial,50,Mid-block,Clear,Dusk/Dawn,Two-wheeler,Rash/careless driving,Grievous,0,1
PN202003265,2020-02-10,2020,2,Sun,13,13:13,18.564666,73.78605,Pimple Nilakh Road,Arterial,50,Mid-block,Cloudy,Daylight,Truck/Tempo,Over-speeding,Fatal,1,2
PN202000761,2020-02-10,2020,2,Sun,22,22:10,18.497454,73.788508,Katraj - Dehu Road Bypass,Highway,80,Bridge/Slope,Clear,Dark - unlit,Two-wheeler,Over-speeding,Fatal,1,0
PN202001693,2020-02-11,2020,2,Mon,18,18:29,18.693384,73.847006,Pune Nashik Road,Highway,60,Junction,Clear,Dusk/Dawn,Two-wheeler,Over-speeding,Minor,0,0
PN202002359,2020-02-11,2020,2,Mon,22,22:20,18.550339,73.847505,(unnamed road),Local,30,Junction,Clear,Dark - lit,Two-wheeler,Over-speeding,Grievous,0,1
PN202000844,2020-02-12,2020,2,Tue,17,17:09,18.485468,73.953123,Saswad Road,Highway,60,Junction,Clear,Daylight,Truck/Tempo,Over-speeding,Fatal,1,1
PN202000866,2020-02-13,2020,2,Wed,9,09:52,18.444127,73.836693,Katraj - Dehu Road Bypass,Highway,85,Bridge/Slope,Clear,Daylight,Bicycle,Over-speeding,Fatal,1,1
PN202001444,2020-02-15,2020,2,Fri,6,06:48,18.431888,73.980864,(unnamed road),Local,30,Mid-block,Clear,Dusk/Dawn,Two-wheeler,Pothole/road condition,Minor,0,1
PN202000017,2020-02-15,2020,2,Fri,23,23:00,18.57816,73.90806,(unnamed road),Arterial,50,Junction,Clear,Dark - lit,Pedestrian,Mobile phone use,Grievous,0,3
PN202001340,2020-02-16,2020,2,Sat,13,13:12,18.693863,73.847246,Pune Nashik Road,Highway,60,Junction,Clear,Daylight,Truck/Tempo,Over-speeding,Grievous,0,2
PN202002277,2020-02-16,2020,2,Sat,15,15:21,18.560414,73.809229,ITI Road,Arterial,30,Junction,Clear,Daylight,Bicycle,Over-speeding,Grievous,0,2
PN202002912,2020-02-16,2020,2,Sat,23,23:13,18.505487,73.798535,(unnamed road),Local,30,Junction,Clear,Dark - lit,Two-wheeler,Drunk driving,Fatal,2,0
PN202003893,2020-02-17,2020,2,Sun,13,13:18,18.457887,73.783113,Nanded City Road,Collector,40,Junction,Clear,Daylight,Two-wheeler,Over-speeding,Fatal,1,0
PN202003118,2020-02-19,2020,2,Tue,6,06:23,18.547017,73.88026,(unnamed road),Local,30,Junction,Clear,Dusk/Dawn,Pedestrian,Pothole/road condition,Grievous,0,2
PN202003472,2020-02-19,2020,2,Tue,8,08:49,18.518458,73.840847,(unnamed road),Local,30,Junction,Clear,Daylight,Two-wheeler,Drunk driving,Grievous,0,2
PN202000418,2020-02-19,2020,2,Tue,10,10:15,18.557352,73.944645,(unnamed road),Collector,40,Junction,Clear,Daylight,Two-wheeler,Over-speeding,Fatal,1,2
PN202000032,2020-02-19,2020,2,Tue,14,14:33,18.443502,73.973273,Saswad Road,Highway,60,Junction,Clear,Daylight,Pedestrian,Over-speeding,Minor,0,0
PN202000212,2020-02-21,2020,2,Thu,11,11:35,18.4899,74.015742,(unnamed road),Collector,40,Junction,Clear,Daylight,Two-wheeler,Wrong-side driving,Minor,0,1
PN202003050,2020-02-21,2020,2,Thu,17,17:11,18.561652,73.755074,(unnamed road),Local,30,Mid-block,Clear,Daylight,Bus,Drunk driving,Fatal,1,0
PN202003796,2020-02-22,2020,2,Fri,11,11:42,18.559031,73.912432,Nagar Road,Highway,60,Mid-block,Clear,Daylight,Two-wheeler,Brake failure/vehicle defect,Minor,0,2
PN202001610,2020-02-22,2020,2,Fri,19,19:19,18.545477,73.774322,Katraj - Dehu Road Bypass,Highway,80,Mid-block,Clear,Dark - unlit,Two-wheeler,Mobile phone use,Grievous,0,3
PN202000034,2020-02-22,2020,2,Fri,23,23:30,18.453899,73.827976,Katraj - Dehu Road Bypass,Highway,85,Bridge/Slope,Cloudy,Dark - unlit,Two-wheeler,Other,Minor,0,0
PN202003835,2020-02-23,2020,2,Sat,4,04:08,18.657594,73.930136,(unnamed road),Local,30,Junction,Cloudy,Dark - lit,Two-wheeler,Over-speeding,Minor,0,0
PN202001664,2020-02-23,2020,2,Sat,6,06:51,18.540108,73.866388,Sangamwadi Road,Arterial,85,Mid-block,Clear,Dusk/Dawn,Two-wheeler,Rash/careless driving,Fatal,1,1
PN202001990,2020-02-23,2020,2,Sat,14,14:59,18.430073,73.934714,(unnamed road),Local,30,Mid-block,Clear,Daylight,Two-wheeler,Rash/careless driving,Grievous,0,2
PN202001545,2020-02-23,2020,2,Sat,15,15:59,18.693143,73.796946,Dehu - Alandi Road,Arterial,50,Mid-block,Clear,Daylight,Pedestrian,Over-speeding,Minor,0,1
PN202003521,2020-02-23,2020,2,Sat,20,20:48,18.455041,73.932788,Handewadi Road,Arterial,50,Junction,Clear,Dark - unlit,Two-wheeler,Over-speeding,Grievous,0,3
PN202000362,2020-02-24,2020,2,Sun,17,17:42,18.557583,73.945317,(unnamed road),Collector,40,Junction,Clear,Daylight,Pedestrian,Over-speeding,Fatal,1,1
PN202000443,2020-02-24,2020,2,Sun,22,22:46,18.504737,73.918664,Solapur Road Flyover,Highway,60,Junction,Clear,Dark - unlit,Truck/Tempo,Rash/careless driving,Grievous,0,2
PN202000936,2020-02-24,2020,2,Sun,23,23:54,18.492289,73.9986,(unnamed road),Collector,40,Junction,Clear,Dark - lit,Truck/Tempo,Rash/careless driving,Minor,0,0
PN202002682,2020-02-25,2020,2,Mon,19,19:01,18.449694,73.851858,Katraj Ambegaon Khurd Road,Collector,40,Junction,Clear,Dark - lit,Pedestrian,Over-speeding,Fatal,1,0
PN202000292,2020-02-25,2020,2,Mon,21,21:18,18.431443,73.839248,Ambegaon Viaduct,Highway,75,Bridge/Slope,Cloudy,Dark - unlit,Two-wheeler,Wrong-side driving,Fatal,1,1
PN202002209,2020-02-26,2020,2,Tue,15,15:43,18.563013,73.731567,Mhalunge - Nande Road,Collector,40,Mid-block,Clear,Daylight,Truck/Tempo,Over-speeding,Grievous,0,1
PN202002749,2020-02-26,2020,2,Tue,18,18:22,18.601855,73.920079,(unnamed road),Local,30,Mid-block,Clear,Dusk/Dawn,Car,Over-speeding,Minor,0,2
PN202000194,2020-02-27,2020,2,Wed,14,14:04,18.606593,73.752052,Service Road,Arterial,50,Junction,Rain,Daylight,Car,Signal jumping,Grievous,0,2
PN202001442,2020-02-27,2020,2,Wed,18,18:24,18.664765,73.709337,Mumbai - Pune Expressway,Highway,100,Mid-block,Cloudy,Dusk/Dawn,Two-wheeler,Over-speeding,Fatal,1,2
PN202003114,2020-02-28,2020,2,Thu,11,11:23,18.502401,73.903189,(unnamed road),Local,30,Mid-block,Clear,Daylight,Car,Wrong-side driving,Grievous,0,1
PN202003746,2020-02-28,2020,2,Thu,12,12:42,18.541922,73.974251,(unnamed road),Collector,40,Mid-block,Clear,Daylight,Car,Signal jumping,Minor,0,0
PN202003843,2020-03-01,2020,3,Mon,15,15:50,18.678031,73.735412,Dehu Road Bazar Road,Arterial,50,Mid-block,Clear,Daylight,Two-wheeler,Over-speeding,Minor,0,0
PN202000172,2020-03-01,2020,3,Mon,18,18:50,18.605515,73.752388,(unnamed road),Arterial,40,Junction,Rain,Dusk/Dawn,Truck/Tempo,Over-speeding,Minor,0,1
PN202000537,2020-03-01,2020,3,Mon,19,19:06,18.49492,73.787774,Katraj - Dehu Road Bypass,Highway,80,Bridge/Slope,Cloudy,Dark - unlit,Truck/Tempo,Over-speeding,Grievous,0,1
PN202001135,2020-03-02,2020,3,Tue,2,02:48,18.47044,73.793838,Ram Nagar Road,Collector,40,Junction,Clear,Dark - unlit,Two-wheeler,Rash/careless driving,Minor,0,0
PN202001158,2020-03-02,2020,3,Tue,16,16:45,18.519589,73.862793,Mudaliar Road,Collector,40,Junction,Clear,Daylight,Truck/Tempo,Mobile phone use,Grievous,0,2
PN202000327,2020-03-03,2020,3,Wed,4,04:28,18.444128,73.836877,Katraj - Dehu Road Bypass,Highway,85,Bridge/Slope,Cloudy,Dark - unlit,Two-wheeler,Drunk driving,Fatal,1,2
PN202002524,2020-03-03,2020,3,Wed,14,14:49,18.518012,73.856225,Shivaji Road,Highway,15,Junction,Clear,Daylight,Two-wheeler,Over-speeding,Fatal,1,0
PN202002273,2020-03-03,2020,3,Wed,17,17:08,18.646887,73.742338,Aundh-Ravet Road,Arterial,50,Mid-block,Clear,Daylight,Two-wheeler,Drunk driving,Grievous,0,2
PN202000553,2020-03-04,2020,3,Thu,9,09:05,18.460717,73.82233,Navale Flyover,Highway,80,Bridge/Slope,Clear,Daylight,Two-wheeler,Drunk driving,Minor,0,1
PN202002722,2020-03-04,2020,3,Thu,10,10:39,18.563176,73.848873,Breman Chowk - Khadki Bazar Road,Arterial,50,Mid-block,Clear,Daylight,Car,Rash/careless driving,Grievous,0,2
PN202000688,2020-03-04,2020,3,Thu,12,12:44,18.578473,73.905118,(unnamed road),Arterial,50,Junction,Clear,Daylight,Two-wheeler,Mobile phone use,Minor,0,0
PN202003886,2020-03-04,2020,3,Thu,15,15:41,18.663441,73.71884,Gahunje - Mukai Chowk Kiwale Road,Collector,40,Junction,Clear,Daylight,Two-wheeler,Over-speeding,Grievous,0,1
PN202001236,2020-03-06,2020,3,Sat,9,09:20,18.561905,73.92228,Nagar Road,Highway,60,Junction,Clear,Daylight,Bus,Drunk driving,Fatal,1,0
PN202001975,2020-03-07,2020,3,Sun,7,07:25,18.612817,73.783358,Babasaheb Ambedkar Path,Collector,40,Mid-block,Cloudy,Daylight,Truck/Tempo,Rash/careless driving,Grievous,0,2
PN202000517,2020-03-07,2020,3,Sun,18,18:34,18.533226,73.931265,Mundhwa Road,Arterial,40,Junction,Clear,Dusk/Dawn,Car,Signal jumping,Minor,0,1
PN202000428,2020-03-08,2020,3,Mon,19,19:20,18.489861,74.016008,(unnamed road),Collector,40,Junction,Clear,Dark - unlit,Two-wheeler,Over-speeding,Fatal,1,1
PN202001678,2020-03-09,2020,3,Tue,16,16:13,18.518645,73.874794,(unnamed road),Local,30,Mid-block,Clear,Daylight,Auto-rickshaw,Over-speeding,Minor,0,2
PN202000581,2020-03-09,2020,3,Tue,20,20:08,18.565136,73.912655,Viman Nagar Road,Collector,40,Junction,Clear,Dark - unlit,Car,Over-speeding,Fatal,1,2
PN202001325,2020-03-10,2020,3,Wed,0,00:24,18.501904,73.853824,Balaji Vishwanath Path,Highway,60,Junction,Cloudy,Dark - unlit,Two-wheeler,Over-speeding,Fatal,1,1
PN202000318,2020-03-11,2020,3,Thu,14,14:21,18.452912,73.828989,Katraj - Dehu Road Bypass,Highway,85,Bridge/Slope,Clear,Daylight,Two-wheeler,Over-speeding,Fatal,1,1
PN202000881,2020-03-12,2020,3,Fri,20,20:56,18.609241,73.819462,Kasarwadi - Pimple Gurav Road,Arterial,50,Junction,Clear,Dark - lit,Car,Drunk driving,Grievous,0,1
PN202000983,2020-03-13,2020,3,Sat,11,11:38,18.499732,73.790541,Katraj - Dehu Road Bypass,Highway,80,Bridge/Slope,Clear,Daylight,Two-wheeler,Over-speeding,Fatal,1,0
PN202000311,2020-03-14,2020,3,Sun,20,20:08,18.507274,73.788109,Ved Bhavan Marg,Collector,40,Junction,Clear,Dark - unlit,Two-wheeler,Over-speeding,Minor,0,0
PN202002644,2020-03-14,2020,3,Sun,23,23:24,18.508326,73.945552,(unnamed road),Local,30,Junction,Clear,Dark - lit,Two-wheeler,Drunk driving,Minor,0,2
PN202002226,2020-03-15,2020,3,Mon,22,22:04,18.663279,73.729353,Katraj - Dehu Road Bypass,Highway,80,Mid-block,Clear,Dark - unlit,Two-wheeler,Over-speeding,Fatal,1,1
PN202000791,2020-03-16,2020,3,Tue,14,14:12,18.556707,73.944007,(unnamed road),Collector,40,Junction,Clear,Daylight,Auto-rickshaw,Over-speeding,Minor,0,0
PN202003258,2020-03-16,2020,3,Tue,17,17:31,18.681152,73.850202,(unnamed road),Local,30,Junction,Clear,Daylight,Pedestrian,Over-speeding,Minor,0,1
PN202002154,2020-03-18,2020,3,Thu,10,10:41,18.551298,73.872409,Sant Jnaneshwar Marg,Collector,40,Mid-block,Clear,Daylight,Car,Over-speeding,Grievous,0,2
PN202000533,2020-03-18,2020,3,Thu,16,16:34,18.461004,73.821734,Katraj - Dehu Road Bypass,Highway,60,Junction,Clear,Daylight,Two-wheeler,Other,Grievous,0,1
PN202003423,2020-03-18,2020,3,Thu,18,18:46,18.506289,73.927951,Mundhwa Road,Highway,60,Mid-block,Cloudy,Dusk/Dawn,Car,Over-speeding,Grievous,0,2
PN202000849,2020-03-18,2020,3,Thu,22,22:02,18.460389,73.823232,Katraj - Dehu Road Bypass,Highway,60,Junction,Clear,Dark - unlit,Truck/Tempo,Rash/careless driving,Fatal,1,0
PN202000744,2020-03-19,2020,3,Fri,13,13:15,18.455464,73.858566,Satara Road,Highway,60,Junction,Clear,Daylight,Car,Over-speeding,Grievous,0,2
PN202003865,2020-03-19,2020,3,Fri,19,19:15,18.59407,73.81662,(unnamed road),Local,30,Mid-block,Clear,Dark - unlit,Pedestrian,Rash/careless driving,Fatal,1,1
PN202002586,2020-03-19,2020,3,Fri,20,20:21,18.649856,73.839333,Spine Road,Arterial,50,Junction,Clear,Dark - unlit,Pedestrian,Over-speeding,Minor,0,1
PN202003473,2020-03-19,2020,3,Fri,20,20:27,18.59623,73.773795,Rambhau Kalate path,Arterial,50,Junction,Clear,Dark - lit,Pedestrian,Rash/careless driving,Grievous,0,3
PN202001780,2020-03-20,2020,3,Sat,15,15:01,18.68291,73.903774,(unnamed road),Local,30,Junction,Cloudy,Daylight,Two-wheeler,Over-speeding,Minor,0,2
PN202003347,2020-03-20,2020,3,Sat,18,18:38,18.611626,73.911506,Porwal Road,Collector,40,Junction,Clear,Dusk/Dawn,Car,Over-speeding,Grievous,0,3
PN202002366,2020-03-21,2020,3,Sun,9,09:00,18.597237,73.812575,Pimple Saudagar Road,Collector,40,Mid-block,Cloudy,Daylight,Truck/Tempo,Mobile phone use,Grievous,0,3
PN202002236,2020-03-21,2020,3,Sun,19,19:30,18.518872,73.907347,(unnamed road),Local,30,Mid-block,Clear,Dark - unlit,Pedestrian,Rash/careless driving,Fatal,1,1
PN202001012,2020-03-21,2020,3,Sun,23,23:04,18.494067,73.788165,Katraj - Dehu Road Bypass,Highway,80,Bridge/Slope,Cloudy,Dark - unlit,Bus,Over-speeding,Fatal,2,1
PN202002548,2020-03-22,2020,3,Mon,11,11:01,18.585917,73.733225,(unnamed road),Arterial,50,Junction,Clear,Daylight,Two-wheeler,Over-speeding,Grievous,0,3
PN202003808,2020-03-22,2020,3,Mon,15,15:46,18.607449,73.970185,(unnamed road),Local,30,Junction,Clear,Daylight,Two-wheeler,Rash/careless driving,Minor,0,2
PN202003543,2020-03-23,2020,3,Tue,16,16:16,18.529541,73.943083,(unnamed road),Local,30,Mid-block,Clear,Daylight,Car,Over-speeding,Minor,0,2
PN202003252,2020-03-24,2020,3,Wed,12,12:08,18.593458,73.906679,(unnamed road),Local,30,Mid-block,Clear,Daylight,Auto-rickshaw,Pothole/road condition,Minor,0,1
PN202001237,2020-03-24,2020,3,Wed,15,15:37,18.481339,73.803464,Katraj - Dehu Road Bypass,Highway,80,Mid-block,Cloudy,Daylight,Two-wheeler,Brake failure/vehicle defect,Fatal,1,1
PN202000397,2020-03-24,2020,3,Wed,19,19:23,18.461278,73.82179,Navale Flyover,Highway,80,Bridge/Slope,Clear,Dark - unlit,Two-wheeler,Other,Fatal,1,2
PN202001750,2020-03-24,2020,3,Wed,23,23:25,18.490536,73.832556,Sinhagad Road,Arterial,50,Junction,Clear,Dark - lit,Two-wheeler,Pothole/road condition,Grievous,0,2
PN202001414,2020-03-25,2020,3,Thu,15,15:07,18.635925,73.797251,Service Road,Arterial,50,Junction,Clear,Daylight,Two-wheeler,Over-speeding,Minor,0,0
PN202000395,2020-03-26,2020,3,Fri,14,14:10,18.500032,73.790627,Katraj - Dehu Road Bypass,Highway,80,Bridge/Slope,Clear,Daylight,Truck/Tempo,Over-speeding,Fatal,1,1
PN202002282,2020-03-26,2020,3,Fri,22,22:34,18.601512,73.748951,(unnamed road),Local,30,Mid-block,Clear,Dark - lit,Two-wheeler,Rash/careless driving,Grievous,0,2
PN202002505,2020-03-27,2020,3,Sat,6,06:43,18.512362,73.861894,Maharana Pratapsinh Marg,Collector,40,Junction,Clear,Dusk/Dawn,Car,Brake failure/vehicle defect,Grievous,0,1
PN202003494,2020-03-27,2020,3,Sat,21,21:46,18.486756,73.812248,Karve Road,Arterial,50,Junction,Clear,Dark - unlit,Two-wheeler,Over-speeding,Minor,0,0
PN202003504,2020-03-28,2020,3,Sun,9,09:08,18.659499,73.730902,Gramdaivat Shree Bapdev Maharaj Flyover,Highway,80,Mid-block,Clear,Daylight,Car,Over-speeding,Grievous,0,2
PN202002932,2020-04-02,2020,4,Fri,2,02:02,18.682826,73.729648,Dehu Road Bazar Road,Arterial,50,Junction,Clear,Dark - lit,Two-wheeler,Rash/careless driving,Fatal,1,2
PN202001454,2020-04-02,2020,4,Fri,6,06:07,18.626484,73.852189,Bhosari Flyover,Highway,40,Mid-block,Clear,Dusk/Dawn,Car,Other,Grievous,0,3
PN202003619,2020-04-02,2020,4,Fri,15,15:48,18.449375,73.892189,(unnamed road),Arterial,50,Mid-block,Clear,Daylight,Two-wheeler,Over-speeding,Fatal,2,2
PN202001804,2020-04-02,2020,4,Fri,16,16:35,18.460431,74.029485,(unnamed road),Collector,40,Mid-block,Clear,Daylight,Pedestrian,Rash/careless driving,Fatal,1,2
PN202003682,2020-04-03,2020,4,Sat,13,13:37,18.458269,73.86575,(unnamed road),Local,30,Junction,Clear,Daylight,Two-wheeler,Pothole/road condition,Grievous,0,2
PN202001555,2020-04-03,2020,4,Sat,20,20:49,18.685594,73.747503,Old Pune Mumbai Highway-Dehu Gaon Road,Arterial,50,Mid-block,Clear,Dark - lit,Auto-rickshaw,Brake failure/vehicle defect,Fatal,1,0
PN202003872,2020-04-04,2020,4,Sun,14,14:46,18.560173,73.848825,General Thimayya Road,Arterial,50,Junction,Cloudy,Daylight,Two-wheeler,Other,Minor,0,0
PN202001692,2020-04-05,2020,4,Mon,0,00:25,18.457584,73.828031,Katraj - Dehu Road Bypass,Highway,60,Mid-block,Clear,Dark - unlit,Truck/Tempo,Over-speeding,Fatal,2,0
PN202003031,2020-04-05,2020,4,Mon,8,08:21,18.496566,73.943449,Saswad Road,Highway,60,Junction,Clear,Daylight,Two-wheeler,Over-speeding,Grievous,0,1
PN202001039,2020-04-05,2020,4,Mon,13,13:14,18.430112,73.841003,Katraj - Dehu Road Bypass,Highway,80,Bridge/Slope,Clear,Daylight,Two-wheeler,Signal jumping,Grievous,0,1
PN202003003,2020-04-06,2020,4,Tue,13,13:17,18.626758,73.874595,Sant Dyaneshwar Marg,Arterial,50,Mid-block,Clear,Daylight,Bicycle,Over-speeding,Grievous,0,2
PN202000334,2020-04-06,2020,4,Tue,13,13:44,18.45297,73.828742,Katraj - Dehu Road Bypass,Highway,85,Junction,Clear,Daylight,Truck/Tempo,Drunk driving,Fatal,1,1
PN202002417,2020-04-06,2020,4,Tue,18,18:42,18.645019,73.789809,Old Pune–Mumbai Highway,Highway,80,Mid-block,Clear,Dusk/Dawn,Truck/Tempo,Rash/careless driving,Grievous,0,1
PN202002905,2020-04-06,2020,4,Tue,21,21:05,18.633683,73.741048,Katraj - Dehu Road Bypass,Highway,80,Mid-block,Clear,Dark - unlit,Pedestrian,Over-speeding,Fatal,2,2
PN202003612,2020-04-07,2020,4,Wed,0,00:54,18.576197,73.770683,(unnamed road),Collector,40,Junction,Clear,Dark - lit,Car,Over-speeding,Minor,0,2
PN202001073,2020-04-08,2020,4,Thu,11,11:11,18.581359,73.760965,Hinjawadi Service Road,Arterial,40,Mid-block,Clear,Daylight,Bicycle,Mobile phone use,Minor,0,2
PN202002169,2020-04-09,2020,4,Fri,18,18:02,18.475535,73.928389,(unnamed road),Local,30,Junction,Clear,Dusk/Dawn,Bus,Rash/careless driving,Minor,0,1
PN202000560,2020-04-09,2020,4,Fri,18,18:19,18.485498,73.954623,Fursungi Bhekrai Road,Collector,40,Junction,Clear,Dusk/Dawn,Pedestrian,Over-speeding,Grievous,0,3
PN202002130,2020-04-09,2020,4,Fri,23,23:04,18.504957,73.844116,Anant Kanhere Path,Arterial,50,Junction,Clear,Dark - lit,Truck/Tempo,Over-speeding,Grievous,0,1
PN202001742,2020-04-10,2020,4,Sat,6,06:45,18.572427,73.764318,Hinjawadi Service Road,Arterial,40,Mid-block,Clear,Dusk/Dawn,Truck/Tempo,Other,Grievous,0,2
PN202001944,2020-04-10,2020,4,Sat,8,08:53,18.473283,73.724397,(unnamed road),Local,30,Mid-block,Clear,Daylight,Auto-rickshaw,Mobile phone use,Grievous,0,3
PN202001599,2020-04-10,2020,4,Sat,14,14:07,18.625488,73.757042,Aundh Ravet Road,Arterial,40,Junction,Clear,Daylight,Car,Mobile phone use,Grievous,0,1
PN202000259,2020-04-10,2020,4,Sat,20,20:54,18.608146,73.821941,(unnamed road),Highway,40,Junction,Clear,Dark - unlit,Bicycle,Pothole/road condition,Fatal,1,2
PN202000577,2020-04-11,2020,4,Sun,5,05:13,18.484357,73.800283,Warje Exit,Collector,30,Junction,Clear,Dark - lit,Auto-rickshaw,Over-speeding,Grievous,0,2
PN202003226,2020-04-11,2020,4,Sun,15,15:24,18.565447,73.767042,Katraj - Dehu Road Bypass,Highway,80,Mid-block,Clear,Daylight,Two-wheeler,Over-speeding,Minor,0,2
PN202003015,2020-04-11,2020,4,Sun,16,16:16,18.616538,73.748069,Katraj - Dehu Road Bypass,Highway,80,Mid-block,Clear,Daylight,Two-wheeler,Over-speeding,Minor,0,2
PN202002266,2020-04-11,2020,4,Sun,16,16:30,18.52903,73.829426,Janawadi Road,Collector,40,Mid-block,Clear,Daylight,Two-wheeler,Over-speeding,Grievous,0,1
PN202002298,2020-04-11,2020,4,Sun,20,20:20,18.58733,73.776572,(unnamed road),Arterial,50,Mid-block,Clear,Dark - lit,Two-wheeler,Over-speeding,Fatal,1,2
PN202002963,2020-04-12,2020,4,Mon,11,11:19,18.48995,73.930653,(unnamed road),Local,30,Junction,Clear,Daylight,Two-wheeler,Brake failure/vehicle defect,Grievous,0,3
PN202003565,2020-04-13,2020,4,Tue,17,17:07,18.695046,73.813093,(unnamed road),Local,30,Mid-block,Clear,Daylight,Two-wheeler,Over-speeding,Minor,0,1
PN202001535,2020-04-14,2020,4,Wed,8,08:41,18.641234,73.756291,Ravet - Walhekarwadi Road,Arterial,50,Junction,Clear,Daylight,Two-wheeler,Over-speeding,Fatal,1,2
PN202002539,2020-04-14,2020,4,Wed,14,14:16,18.475127,73.874249,Gangadham - Shatrunjay Road,Arterial,50,Junction,Clear,Daylight,Two-wheeler,Over-speeding,Grievous,0,1
PN202003722,2020-04-14,2020,4,Wed,18,18:29,18.489343,73.748647,(unnamed road),Local,30,Junction,Clear,Dusk/Dawn,Two-wheeler,Over-speeding,Grievous,0,2
PN202002180,2020-04-16,2020,4,Fri,11,11:25,18.427235,73.813945,(unnamed road),Local,30,Mid-block,Clear,Daylight,Two-wheeler,Mobile phone use,Grievous,0,3
PN202002151,2020-04-17,2020,4,Sat,2,02:24,18.560574,73.917566,Nagar Road,Highway,60,Mid-block,Clear,Dark - unlit,Two-wheeler,Pothole/road condition,Fatal,1,1
PN202000079,2020-04-17,2020,4,Sat,23,23:00,18.50528,73.917339,Solapur Road Flyover,Highway,60,Junction,Clear,Dark - unlit,Bicycle,Over-speeding,Fatal,1,2
PN202001998,2020-04-19,2020,4,Mon,11,11:47,18.643083,73.750639,(unnamed road),Arterial,50,Junction,Cloudy,Daylight,Truck/Tempo,Other,Grievous,0,2
PN202001009,2020-04-19,2020,4,Mon,15,15:51,18.507515,73.788223,Katraj - Dehu Road Bypass,Highway,80,Junction,Clear,Daylight,Bus,Rash/careless driving,Minor,0,2
PN202001119,2020-04-19,2020,4,Mon,18,18:41,18.719919,73.850628,Pune Nashik Road,Highway,60,Mid-block,Cloudy,Dusk/Dawn,Two-wheeler,Other,Minor,0,2
PN202003273,2020-04-20,2020,4,Tue,12,12:43,18.46644,73.973426,(unnamed road),Local,30,Junction,Clear,Daylight,Two-wheeler,Over-speeding,Grievous,0,1
PN202000245,2020-04-21,2020,4,Wed,16,16:41,18.460569,73.822961,Katraj - Dehu Road Bypass,Highway,60,Junction,Clear,Daylight,Two-wheeler,Over-speeding,Grievous,0,3
PN202001570,2020-04-21,2020,4,Wed,17,17:53,18.506735,73.896864,Solapur Road,Highway,60,Junction,Clear,Daylight,Car,Over-speeding,Minor,0,1
PN202002678,2020-04-22,2020,4,Thu,14,14:03,18.618649,73.842538,Bhosari Telco Road,Arterial,50,Junction,Clear,Daylight,Two-wheeler,Over-speeding,Fatal,1,1
PN202001336,2020-04-22,2020,4,Thu,19,19:10,18.561756,73.761297,North Road,Local,30,Junction,Clear,Dark - lit,Pedestrian,Pothole/road condition,Grievous,0,3
PN202000704,2020-04-23,2020,4,Fri,10,10:00,18.454104,73.827808,Katraj - Dehu Road Bypass,Highway,85,Bridge/Slope,Clear,Daylight,Auto-rickshaw,Over-speeding,Minor,0,2
PN202000784,2020-04-25,2020,4,Sun,9,09:24,18.459123,73.824975,Katraj - Dehu Road Bypass,Highway,60,Bridge/Slope,Clear,Daylight,Two-wheeler,Signal jumping,Minor,0,0
PN202000629,2020-04-25,2020,4,Sun,17,17:29,18.606796,73.751958,Service Road,Arterial,50,Junction,Clear,Daylight,Car,Over-speeding,Grievous,0,3
PN202002068,2020-04-25,2020,4,Sun,19,19:25,18.672069,73.83117,DP Road,Collector,40,Mid-block,Clear,Dark - lit,Car,Rash/careless driving,Grievous,0,1
PN202003146,2020-04-26,2020,4,Mon,20,20:46,18.486879,73.796205,Katraj - Dehu Road Bypass,Highway,80,Mid-block,Clear,Dark - unlit,Two-wheeler,Mobile phone use,Grievous,0,2
PN202000264,2020-04-27,2020,4,Tue,2,02:25,18.60712,73.751311,Service Road,Arterial,50,Junction,Clear,Dark - lit,Two-wheeler,Signal jumping,Fatal,1,0
PN202000094,2020-04-27,2020,4,Tue,11,11:08,18.459683,73.823459,Katraj - Dehu Road Bypass,Highway,60,Junction,Clear,Daylight,Car,Rash/careless driving,Grievous,0,3
PN202003236,2020-04-28,2020,4,Wed,21,21:24,18.460182,73.790446,Nanded City Road,Collector,40,Junction,Clear,Dark - lit,Two-wheeler,Other,Minor,0,2
PN202002730,2020-04-28,2020,4,Wed,22,22:18,18.579654,73.894606,(unnamed road),Local,30,Junction,Clear,Dark - lit,Two-wheeler,Over-speeding,Grievous,0,1
PN202000510,2020-05-01,2020,5,Sun,17,17:51,18.461314,73.821857,Katraj - Dehu Road Bypass,Highway,60,Bridge/Slope,Clear,Daylight,Pedestrian,Other,Fatal,1,1
PN202003449,2020-05-01,2020,5,Sun,19,19:05,18.612101,73.987305,(unnamed road),Collector,40,Mid-block,Clear,Dark - unlit,Bus,Over-speeding,Minor,0,1
PN202001426,2020-05-01,2020,5,Sun,20,20:16,18.691087,73.683793,Mumbai - Pune Expressway,Highway,100,Mid-block,Rain,Dark - unlit,Truck/Tempo,Drunk driving,Grievous,0,2
PN202002951,2020-05-01,2020,5,Sun,22,22:36,18.506527,73.888862,Solapur Road,Highway,60,Junction,Clear,Dark - unlit,Two-wheeler,Rash/careless driving,Fatal,1,1
PN202001730,2020-05-02,2020,5,Mon,10,10:17,18.533184,73.890383,South Main Road,Arterial,50,Junction,Clear,Daylight,Two-wheeler,Wrong-side driving,Minor,0,0
PN202000514,2020-05-03,2020,5,Tue,16,16:10,18.564378,73.910937,(unnamed road),Collector,40,Junction,Clear,Daylight,Two-wheeler,Mobile phone use,Minor,0,0
PN202002074,2020-05-03,2020,5,Tue,18,18:25,18.422885,73.982852,Saswad Road,Highway,60,Mid-block,Clear,Dusk/Dawn,Car,Over-speeding,Fatal,1,2
PN202001537,2020-05-04,2020,5,Wed,11,11:21,18.586412,73.814535,(unnamed road),Local,30,Junction,Cloudy,Daylight,Two-wheeler,Rash/careless driving,Grievous,0,3
PN202003824,2020-05-04,2020,5,Wed,13,13:17,18.668144,73.795077,Spine Road,Collector,40,Mid-block,Clear,Daylight,Car,Over-speeding,Fatal,2,2
PN202002295,2020-05-04,2020,5,Wed,15,15:00,18.590761,73.751684,Hinjawadi Road,Arterial,40,Junction,Clear,Daylight,Two-wheeler,Over-speeding,Grievous,0,2
PN202002323,2020-05-05,2020,5,Thu,11,11:30,18.72598,73.94446,(unnamed road),Arterial,50,Mid-block,Clear,Daylight,Car,Over-speeding,Grievous,0,3
PN202000862,2020-05-05,2020,5,Thu,14,14:50,18.505965,73.917775,(unnamed road),Collector,40,Junction,Clear,Daylight,Two-wheeler,Over-speeding,Minor,0,1
PN202003926,2020-05-05,2020,5,Thu,18,18:33,18.597605,73.828377,(unnamed road),Arterial,40,Mid-block,Clear,Dusk/Dawn,Bicycle,Pothole/road condition,Fatal,1,1
PN202000371,2020-05-05,2020,5,Thu,20,20:35,18.50086,73.937,Solapur Road,Arterial,50,Junction,Clear,Dark - lit,Pedestrian,Over-speeding,Minor,0,0
PN202001900,2020-05-06,2020,5,Fri,11,11:43,18.581595,73.884623,(unnamed road),Local,30,Junction,Cloudy,Daylight,Two-wheeler,Over-speeding,Fatal,2,0
PN202000366,2020-05-07,2020,5,Sat,0,00:13,18.549972,73.93699,Kharadi Bypass,Highway,60,Junction,Clear,Dark - unlit,Car,Rash/careless driving,Grievous,0,1
PN202000727,2020-05-07,2020,5,Sat,6,06:31,18.507686,73.787252,Paud Road,Arterial,40,Junction,Clear,Dusk/Dawn,Car,Rash/careless driving,Minor,0,0
PN202001155,2020-05-07,2020,5,Sat,10,10:31,18.529853,73.869341,Raja Bahadur Mill Marg,Highway,60,Mid-block,Clear,Daylight,Truck/Tempo,Over-speeding,Fatal,1,1
PN202002759,2020-05-08,2020,5,Sun,23,23:22,18.529654,73.8624,Raja Bahadur Mill Marg,Highway,60,Mid-block,Clear,Dark - unlit,Pedestrian,Rash/careless driving,Grievous,0,3
PN202003097,2020-05-09,2020,5,Mon,10,10:45,18.552641,73.873715,Sant Jnaneshwar Marg,Collector,40,Junction,Clear,Daylight,Pedestrian,Over-speeding,Minor,0,1
PN202000265,2020-05-09,2020,5,Mon,18,18:57,18.548583,73.936667,Kharadi Bypass,Highway,60,Junction,Clear,Dusk/Dawn,Two-wheeler,Pothole/road condition,Minor,0,0
PN202003306,2020-05-11,2020,5,Wed,5,05:58,18.445253,73.811477,(unnamed road),Local,30,Junction,Clear,Dark - lit,Two-wheeler,Over-speeding,Grievous,0,2
PN202000953,2020-05-11,2020,5,Wed,23,23:08,18.565158,73.913436,Viman Nagar Road,Collector,40,Junction,Clear,Dark - unlit,Car,Over-speeding,Minor,0,0
PN202001629,2020-05-13,2020,5,Fri,11,11:09,18.696459,73.752109,(unnamed road),Collector,30,Mid-block,Clear,Daylight,Bus,Rash/careless driving,Minor,0,0
PN202001300,2020-05-14,2020,5,Sat,7,07:42,18.564086,73.79772,Aundh-Baner Link Road,Arterial,30,Junction,Clear,Daylight,Auto-rickshaw,Over-speeding,Grievous,0,1
PN202003501,2020-05-15,2020,5,Sun,7,07:43,18.525451,73.956831,Mundhwa Road,Arterial,40,Junction,Cloudy,Daylight,Car,Over-speeding,Minor,0,2
PN202000276,2020-05-15,2020,5,Sun,19,19:03,18.61029,73.818226,Kasarwadi - Pimple Gurav Road,Arterial,50,Junction,Clear,Dark - lit,Bus,Over-speeding,Minor,0,0
PN202003788,2020-05-15,2020,5,Sun,20,20:49,18.599504,73.811423,(unnamed road),Arterial,50,Mid-block,Clear,Dark - lit,Bus,Over-speeding,Grievous,0,3
PN202002441,2020-05-17,2020,5,Tue,6,06:11,18.585927,73.734286,Hinjawadi Phase 1 road,Arterial,50,Junction,Clear,Dusk/Dawn,Truck/Tempo,Over-speeding,Grievous,0,2
PN202001806,2020-05-18,2020,5,Wed,13,13:52,18.524704,73.780872,Pashan-Bavdhan Road,Arterial,50,Mid-block,Clear,Daylight,Car,Brake failure/vehicle defect,Grievous,0,2
PN202001150,2020-05-18,2020,5,Wed,21,21:31,18.530157,73.836054,(unnamed road),Collector,40,Junction,Clear,Dark - lit,Bicycle,Over-speeding,Fatal,1,1
PN202001345,2020-05-18,2020,5,Wed,22,22:09,18.510252,73.931344,Mundhwa Road,Highway,60,Junction,Clear,Dark - unlit,Car,Over-speeding,Minor,0,2
PN202002496,2020-05-19,2020,5,Thu,9,09:07,18.507708,73.782268,Service Rd,Arterial,40,Junction,Clear,Daylight,Car,Over-speeding,Minor,0,1
PN202000340,2020-05-20,2020,5,Fri,13,13:16,18.605976,73.752313,(unnamed road),Arterial,50,Junction,Clear,Daylight,Car,Drunk driving,Grievous,0,1
PN202001789,2020-05-20,2020,5,Fri,15,15:42,18.632111,73.741674,Katraj - Dehu Road Bypass,Highway,80,Mid-block,Clear,Daylight,Truck/Tempo,Over-speeding,Grievous,0,2
PN202001857,2020-05-21,2020,5,Sat,16,16:38,18.504421,73.853616,Chimaji Appa Peshwe Path,Highway,60,Junction,Cloudy,Daylight,Car,Over-speeding,Minor,0,2
PN202000112,2020-05-21,2020,5,Sat,18,18:45,18.459668,73.823474,Katraj - Dehu Road Bypass,Highway,60,Junction,Clear,Dusk/Dawn,Bus,Over-speeding,Fatal,1,2
PN202000122,2020-05-22,2020,5,Sun,15,15:09,18.492531,73.998561,(unnamed road),Collector,40,Mid-block,Clear,Daylight,Bicycle,Wrong-side driving,Minor,0,1
PN202001937,2020-05-23,2020,5,Mon,11,11:53,18.476306,73.866095,(unnamed road),Local,30,Mid-block,Rain,Daylight,Auto-rickshaw,Over-speeding,Minor,0,0
PN202000396,2020-05-24,2020,5,Tue,10,10:03,18.461733,73.821355,Katraj - Dehu Road Bypass,Highway,60,Junction,Clear,Daylight,Car,Mobile phone use,Minor,0,0
PN202001864,2020-05-24,2020,5,Tue,12,12:05,18.674562,73.884202,Dehu - Alandi Road,Arterial,50,Junction,Clear,Daylight,Two-wheeler,Pothole/road condition,Grievous,0,1
PN202000543,2020-05-25,2020,5,Wed,14,14:44,18.504865,73.917651,(unnamed road),Collector,40,Junction,Clear,Daylight,Bus,Over-speeding,Grievous,0,2
PN202000831,2020-05-26,2020,5,Thu,9,09:05,18.563145,73.932589,Nagar Road,Highway,60,Junction,Clear,Daylight,Car,Rash/careless driving,Minor,0,2
PN202002947,2020-05-26,2020,5,Thu,15,15:46,18.677156,73.87202,(unnamed road),Local,30,Junction,Clear,Daylight,Auto-rickshaw,Wrong-side driving,Minor,0,0
PN202003546,2020-05-26,2020,5,Thu,20,20:23,18.593985,73.75636,Mumbai - Satara Highway,Highway,80,Mid-block,Clear,Dark - unlit,Two-wheeler,Wrong-side driving,Fatal,2,0
PN202003386,2020-05-26,2020,5,Thu,20,20:37,18.627497,73.874498,Sant Dyaneshwar Marg,Arterial,50,Mid-block,Clear,Dark - lit,Two-wheeler,Over-speeding,Grievous,0,1
PN202000534,2020-05-27,2020,5,Fri,10,10:57,18.459345,73.823746,Katraj - Dehu Road Bypass,Highway,60,Junction,Clear,Daylight,Car,Over-speeding,Minor,0,1
PN202000718,2020-05-27,2020,5,Fri,17,17:06,18.604386,73.756028,Shivrajnagar Road,Collector,40,Junction,Clear,Daylight,Car,Drunk driving,Grievous,0,3
PN202001246,2020-05-27,2020,5,Fri,18,18:56,18.602868,74.011385,NH753F,Highway,60,Mid-block,Clear,Dusk/Dawn,Two-wheeler,Over-speeding,Grievous,0,1
PN202002822,2020-05-28,2020,5,Sat,20,20:44,18.492949,73.86313,(unnamed road),Local,30,Mid-block,Clear,Dark - unlit,Car,Drunk driving,Minor,0,2
PN202002616,2020-06-01,2020,6,Wed,13,13:03,18.470417,73.891342,(unnamed road),Local,30,Mid-block,Rain,Daylight,Pedestrian,Signal jumping,Minor,0,1
PN202000274,2020-06-02,2020,6,Thu,0,00:17,18.484712,73.953438,Saswad Road,Highway,60,Junction,Rain,Dark - unlit,Truck/Tempo,Over-speeding,Minor,0,1
PN202000107,2020-06-02,2020,6,Thu,18,18:22,18.565163,73.91357,Viman Nagar Road,Collector,40,Junction,Cloudy,Dusk/Dawn,Bus,Over-speeding,Minor,0,0
PN202002297,2020-06-04,2020,6,Sat,19,19:38,18.587476,73.981716,Bawadi Rd,Collector,40,Junction,Rain,Dark - lit,Truck/Tempo,Wrong-side driving,Minor,0,2
PN202000809,2020-06-05,2020,6,Sun,19,19:16,18.549921,73.936978,Kharadi Bypass,Highway,60,Junction,Rain,Dark - unlit,Truck/Tempo,Signal jumping,Fatal,1,1
PN202002308,2020-06-06,2020,6,Mon,15,15:04,18.567734,73.831818,Bhau Patil Path,Arterial,50,Mid-block,Rain,Daylight,Car,Other,Grievous,0,2
PN202003818,2020-06-06,2020,6,Mon,18,18:23,18.690481,73.964045,(unnamed road),Collector,30,Mid-block,Rain,Dusk/Dawn,Car,Over-speeding,Minor,0,2
PN202000570,2020-06-07,2020,6,Tue,12,12:13,18.444441,73.836457,Katraj - Dehu Road Bypass,Highway,85,Bridge/Slope,Cloudy,Daylight,Two-wheeler,Over-speeding,Minor,0,1
PN202002657,2020-06-07,2020,6,Tue,13,13:50,18.710886,73.848531,Pune Nashik Road,Highway,60,Mid-block,Rain,Daylight,Bicycle,Signal jumping,Minor,0,0
PN202001303,2020-06-07,2020,6,Tue,21,21:47,18.517961,73.880834,(unnamed road),Collector,40,Junction,Clear,Dark - lit,Two-wheeler,Over-speeding,Fatal,1,2
PN202002318,2020-06-08,2020,6,Wed,1,01:19,18.457199,73.944548,NH548DD,Highway,60,Mid-block,Clear,Dark - unlit,Two-wheeler,Pothole/road condition,Grievous,0,2
PN202000496,2020-06-08,2020,6,Wed,16,16:16,18.496691,73.788082,Katraj - Dehu Road Bypass,Highway,80,Bridge/Slope,Clear,Daylight,Two-wheeler,Over-speeding,Grievous,0,2
PN202003777,2020-06-08,2020,6,Wed,16,16:29,18.530305,73.902671,Mundhwa Road,Arterial,50,Mid-block,Clear,Daylight,Two-wheeler,Over-speeding,Minor,0,1
PN202003831,2020-06-08,2020,6,Wed,17,17:10,18.584836,73.981049,(unnamed road),Local,30,Junction,Clear,Daylight,Two-wheeler,Over-speeding,Grievous,0,2
PN202000341,2020-06-10,2020,6,Fri,22,22:25,18.533654,73.929813,Mundhwa Road,Arterial,40,Junction,Clear,Dark - lit,Two-wheeler,Over-speeding,Fatal,2,1
PN202002431,2020-06-11,2020,6,Sat,2,02:04,18.621656,73.850928,(unnamed road),Arterial,50,Junction,Rain,Dark - lit,Two-wheeler,Over-speeding,Grievous,0,1
PN202000693,2020-06-11,2020,6,Sat,12,12:31,18.60426,73.750991,Hinjawadi - Chinchwad Road,Arterial,50,Junction,Rain,Daylight,Two-wheeler,Mobile phone use,Fatal,2,0
PN202002156,2020-06-11,2020,6,Sat,12,12:31,18.48827,73.744557,(unnamed road),Local,30,Junction,Rain,Daylight,Two-wheeler,Over-speeding,Minor,0,1
PN202000283,2020-06-12,2020,6,Sun,3,03:44,18.492383,73.999598,(unnamed road),Collector,40,Mid-block,Rain,Dark - lit,Pedestrian,Rash/careless driving,Grievous,0,2
PN202003020,2020-06-12,2020,6,Sun,18,18:03,18.494371,73.946509,Saswad Road,Highway,60,Junction,Cloudy,Dusk/Dawn,Two-wheeler,Over-speeding,Fatal,1,0
PN202002533,2020-06-13,2020,6,Mon,13,13:29,18.607887,73.778448,(unnamed road),Local,30,Junction,Clear,Daylight,Bicycle,Over-speeding,Grievous,0,1
PN202002856,2020-06-14,2020,6,Tue,7,07:13,18.549091,73.851173,(unnamed road),Collector,40,Junction,Clear,Daylight,Two-wheeler,Over-speeding,Fatal,1,0
PN202001880,2020-06-14,2020,6,Tue,14,14:07,18.573786,73.854985,Khadki Bazar-Vishrantwadi Road,Local,40,Mid-block,Rain,Daylight,Two-wheeler,Drunk driving,Grievous,0,3
PN202001479,2020-06-14,2020,6,Tue,15,15:04,18.655769,73.735862,Aundh-Ravet Road,Arterial,50,Junction,Rain,Daylight,Car,Over-speeding,Minor,0,1
PN202003155,2020-06-14,2020,6,Tue,15,15:13,18.569856,73.763579,Mhalunge - Baner Road,Arterial,50,Mid-block,Cloudy,Daylight,Two-wheeler,Over-speeding,Grievous,0,3
PN202002142,2020-06-14,2020,6,Tue,17,17:00,18.545903,73.839018,(unnamed road),Local,30,Junction,Cloudy,Daylight,Bicycle,Signal jumping,Minor,0,0
PN202000729,2020-06-15,2020,6,Wed,10,10:24,18.562854,73.929505,Nagar Road,Highway,60,Junction,Rain,Daylight,Auto-rickshaw,Over-speeding,Fatal,1,1
PN202001207,2020-06-16,2020,6,Thu,23,23:05,18.57391,73.976178,(unnamed road),Collector,40,Junction,Clear,Dark - lit,Pedestrian,Wrong-side driving,Fatal,1,1
PN202001108,2020-06-19,2020,6,Sun,9,09:56,18.467829,73.978937,Wadki Road,Collector,40,Junction,Clear,Daylight,Bus,Over-speeding,Fatal,1,1
PN202002622,2020-06-19,2020,6,Sun,22,22:43,18.662545,73.749892,Nigdi-Kiwale Road,Arterial,50,Mid-block,Rain,Dark - lit,Two-wheeler,Drunk driving,Grievous,0,3
PN202001041,2020-06-20,2020,6,Mon,18,18:52,18.561244,73.830168,(unnamed road),Local,30,Mid-block,Rain,Dusk/Dawn,Car,Over-speeding,Fatal,1,0
PN202003337,2020-06-21,2020,6,Tue,1,01:39,18.667373,73.727755,Katraj - Dehu Road Bypass,Highway,80,Mid-block,Clear,Dark - unlit,Car,Over-speeding,Fatal,1,0
PN202003140,2020-06-22,2020,6,Wed,21,21:26,18.459865,73.902546,Bajirao Road,Collector,40,Junction,Rain,Dark - unlit,Two-wheeler,Over-speeding,Fatal,1,2
PN202001476,2020-06-23,2020,6,Thu,6,06:54,18.486085,73.748567,(unnamed road),Local,30,Mid-block,Cloudy,Dusk/Dawn,Bicycle,Over-speeding,Fatal,1,2
PN202002242,2020-06-23,2020,6,Thu,19,19:20,18.516789,73.744469,(unnamed road),Local,30,Mid-block,Clear,Dark - lit,Two-wheeler,Over-speeding,Grievous,0,1
PN202002619,2020-06-24,2020,6,Fri,2,02:44,18.672088,73.786729,Talawade Road,Arterial,50,Junction,Clear,Dark - lit,Auto-rickshaw,Rash/careless driving,Minor,0,2
PN202001688,2020-06-24,2020,6,Fri,5,05:09,18.523111,73.854091,Congress Bhavan Path,Arterial,50,Mid-block,Rain,Dark - unlit,Two-wheeler,Signal jumping,Grievous,0,3
PN202002802,2020-06-24,2020,6,Fri,8,08:23,18.586613,73.832926,Old Pune–Mumbai Highway,Highway,60,Mid-block,Clear,Daylight,Bus,Over-speeding,Grievous,0,2
PN202001832,2020-06-24,2020,6,Fri,19,19:02,18.60048,74.008918,NH753F,Highway,60,Mid-block,Clear,Dark - unlit,Two-wheeler,Over-speeding,Minor,0,2
PN202001797,2020-06-24,2020,6,Fri,19,19:40,18.658447,73.890631,(unnamed road),Local,30,Mid-block,Clear,Dark - lit,Two-wheeler,Rash/careless driving,Minor,0,0
PN202002384,2020-06-24,2020,6,Fri,23,23:06,18.670006,73.950285,(unnamed road),Local,30,Junction,Cloudy,Dark - unlit,Car,Drunk driving,Fatal,1,1
PN202002396,2020-06-26,2020,6,Sun,13,13:47,18.523715,73.870376,Babasaheb Ambedkar Marg,Arterial,50,Junction,Clear,Daylight,Two-wheeler,Over-speeding,Grievous,0,3
PN202002652,2020-06-26,2020,6,Sun,15,15:50,18.682074,73.81269,Chikhali-Akurdi Road,Arterial,50,Junction,Clear,Daylight,Two-wheeler,Wrong-side driving,Minor,0,0
PN202002758,2020-06-26,2020,6,Sun,20,20:35,18.601776,73.822131,Kasarwadi - Pimple Gurav Road,Collector,40,Junction,Rain,Dark - lit,Car,Over-speeding,Minor,0,0
PN202003570,2020-06-27,2020,6,Mon,3,03:56,18.664561,73.843387,(unnamed road),Local,30,Mid-block,Clear,Dark - lit,Two-wheeler,Over-speeding,Minor,0,1
PN202001280,2020-06-28,2020,6,Tue,10,10:36,18.482426,73.764391,(unnamed road),Collector,40,Mid-block,Rain,Daylight,Two-wheeler,Over-speeding,Minor,0,0
PN202002967,2020-07-01,2020,7,Sat,12,12:09,18.503974,73.868767,Jawaharlal Nehru Marg,Arterial,50,Junction,Clear,Daylight,Two-wheeler,Rash/careless driving,Grievous,0,1
PN202001996,2020-07-01,2020,7,Sat,14,14:02,18.453308,73.82846,Katraj - Dehu Road Bypass,Highway,85,Junction,Rain,Daylight,Truck/Tempo,Over-speeding,Fatal,1,2
PN202001168,2020-07-01,2020,7,Sat,18,18:59,18.441643,73.986733,(unnamed road),Local,30,Junction,Clear,Dusk/Dawn,Two-wheeler,Over-speeding,Grievous,0,1
PN202001054,2020-07-01,2020,7,Sat,19,19:45,18.443623,73.76009,SH59,Arterial,50,Mid-block,Cloudy,Dark - lit,Truck/Tempo,Over-speeding,Minor,0,1
PN202000733,2020-07-02,2020,7,Sun,8,08:19,18.565145,73.913029,Viman Nagar Road,Collector,40,Junction,Clear,Daylight,Auto-rickshaw,Over-speeding,Minor,0,1
PN202003093,2020-07-02,2020,7,Sun,10,10:49,18.601169,73.73197,(unnamed road),Local,30,Junction,Rain,Daylight,Auto-rickshaw,Over-speeding,Minor,0,0
PN202003152,2020-07-02,2020,7,Sun,12,12:10,18.490129,74.015332,Solapur Road,Highway,60,Junction,Rain,Daylight,Two-wheeler,Wrong-side driving,Minor,0,0
PN202000762,2020-07-03,2020,7,Mon,20,20:00,18.563254,73.934575,Nagar Road,Highway,60,Mid-block,Clear,Dark - unlit,Pedestrian,Over-speeding,Fatal,1,0
PN202003384,2020-07-04,2020,7,Tue,9,09:53,18.652134,73.906074,(unnamed road),Collector,40,Junction,Rain,Daylight,Truck/Tempo,Wrong-side driving,Grievous,0,3
PN202002175,2020-07-04,2020,7,Tue,17,17:27,18.600631,73.769992,Shri Chatrapati Shivaji Maharaj Road,Arterial,50,Junction,Cloudy,Daylight,Car,Over-speeding,Grievous,0,2
PN202000859,2020-07-04,2020,7,Tue,23,23:48,18.550227,73.936883,Kharadi Bypass,Highway,60,Junction,Cloudy,Dark - unlit,Car,Over-speeding,Fatal,1,2
PN202001799,2020-07-06,2020,7,Thu,5,05:58,18.461669,73.824265,(unnamed road),Local,30,Junction,Cloudy,Dark - lit,Two-wheeler,Wrong-side driving,Fatal,1,2
PN202000176,2020-07-06,2020,7,Thu,22,22:09,18.454407,73.858106,Khashaba Jadhav Path | Lane Number 6,Collector,40,Junction,Rain,Dark - lit,Two-wheeler,Pothole/road condition,Minor,0,0
PN202002500,2020-07-07,2020,7,Fri,1,01:34,18.584778,73.884715,Dhanori Road,Arterial,50,Junction,Clear,Dark - unlit,Car,Rash/careless driving,Grievous,0,3
PN202001036,2020-07-07,2020,7,Fri,12,12:27,18.500401,73.790936,Katraj - Dehu Road Bypass,Highway,80,Bridge/Slope,Cloudy,Daylight,Truck/Tempo,Over-speeding,Fatal,1,0
PN202001015,2020-07-07,2020,7,Fri,13,13:08,18.453002,73.828913,Katraj - Dehu Road Bypass,Highway,85,Bridge/Slope,Cloudy,Daylight,Car,Wrong-side driving,Minor,0,2
PN202002851,2020-07-07,2020,7,Fri,18,18:35,18.605175,73.772611,Shri Chatrapati Shivaji Maharaj Road,Arterial,50,Junction,Rain,Dusk/Dawn,Pedestrian,Over-speeding,Grievous,0,1
PN202001498,2020-07-08,2020,7,Sat,16,16:34,18.45683,73.800969,Sinhagad Road,Arterial,50,Junction,Rain,Daylight,Car,Rash/careless driving,Minor,0,2
PN202003367,2020-07-09,2020,7,Sun,7,07:23,18.616435,73.841669,Pune Nashik Road,Highway,60,Junction,Cloudy,Daylight,Car,Other,Minor,0,0
PN202000383,2020-07-09,2020,7,Sun,16,16:49,18.494199,73.788129,Katraj - Dehu Road Bypass,Highway,80,Bridge/Slope,Clear,Daylight,Two-wheeler,Over-speeding,Fatal,1,1
PN202001905,2020-07-09,2020,7,Sun,23,23:51,18.560214,73.927681,(unnamed road),Local,30,Junction,Clear,Dark - unlit,Two-wheeler,Drunk driving,Minor,0,1
PN202001824,2020-07-10,2020,7,Mon,3,03:52,18.503204,73.927637,Kharadi Bypass,Highway,60,Junction,Rain,Dark - unlit,Two-wheeler,Wrong-side driving,Fatal,1,1
PN202003852,2020-07-10,2020,7,Mon,6,06:37,18.612435,73.823834,(unnamed road),Highway,60,Junction,Cloudy,Dusk/Dawn,Truck/Tempo,Over-speeding,Grievous,0,3
PN202001663,2020-07-10,2020,7,Mon,13,13:18,18.545514,73.886893,Nagar Road,Highway,60,Junction,Cloudy,Daylight,Two-wheeler,Over-speeding,Minor,0,0
PN202001717,2020-07-10,2020,7,Mon,14,14:34,18.612486,74.00155,(unnamed road),Collector,40,Mid-block,Cloudy,Daylight,Pedestrian,Rash/careless driving,Minor,0,0
PN202003411,2020-07-11,2020,7,Tue,20,20:15,18.562035,73.921974,Nagar Road,Highway,60,Mid-block,Cloudy,Dark - unlit,Pedestrian,Over-speeding,Fatal,1,2
PN202000478,2020-07-12,2020,7,Wed,0,00:53,18.485486,73.953116,Saswad Road,Highway,60,Junction,Clear,Dark - unlit,Two-wheeler,Over-speeding,Grievous,0,2
PN202003247,2020-07-12,2020,7,Wed,20,20:29,18.589989,73.768908,Wakad Road,Arterial,50,Mid-block,Rain,Dark - lit,Pedestrian,Over-speeding,Minor,0,0
PN202000170,2020-07-13,2020,7,Thu,15,15:17,18.562924,73.936619,Nagar Road,Highway,60,Junction,Clear,Daylight,Two-wheeler,Over-speeding,Minor,0,2
PN202000697,2020-07-13,2020,7,Thu,18,18:06,18.453773,73.82808,Katraj - Dehu Road Bypass,Highway,85,Bridge/Slope,Clear,Dusk/Dawn,Car,Brake failure/vehicle defect,Grievous,0,1
PN202003403,2020-07-13,2020,7,Thu,19,19:00,18.496739,73.967655,Solapur Road,Highway,60,Junction,Rain,Dark - unlit,Two-wheeler,Over-speeding,Grievous,0,1
PN202001490,2020-07-13,2020,7,Thu,21,21:27,18.527775,73.872779,Sassoon Marg,Arterial,50,Mid-block,Clear,Dark - lit,Two-wheeler,Over-speeding,Fatal,1,0
PN202002732,2020-07-14,2020,7,Fri,22,22:45,18.502044,73.792149,Katraj - Dehu Road Bypass,Highway,80,Mid-block,Cloudy,Dark - unlit,Two-wheeler,Rash/careless driving,Fatal,1,2
PN202003311,2020-07-14,2020,7,Fri,23,23:27,18.637279,73.747617,(unnamed road),Collector,40,Junction,Clear,Dark - lit,Pedestrian,Over-speeding,Minor,0,2
PN202000474,2020-07-15,2020,7,Sat,19,19:26,18.563237,73.933988,Nagar Road,Highway,60,Junction,Rain,Dark - unlit,Bus,Over-speeding,Fatal,1,1
PN202001420,2020-07-15,2020,7,Sat,22,22:35,18.677406,73.860962,Indrayani Road,Arterial,50,Mid-block,Clear,Dark - unlit,Two-wheeler,Signal jumping,Minor,0,0
PN202002607,2020-07-15,2020,7,Sat,23,23:32,18.588195,73.784861,Wakad Road,Arterial,50,Junction,Clear,Dark - lit,Two-wheeler,Rash/careless driving,Grievous,0,2
PN202000458,2020-07-16,2020,7,Sun,16,16:31,18.502533,73.792581,(unnamed road),Highway,40,Junction,Clear,Daylight,Truck/Tempo,Over-speeding,Grievous,0,3
PN202001763,2020-07-16,2020,7,Sun,19,19:17,18.537447,73.934123,Mundhwa Bridge,Highway,40,Mid-block,Cloudy,Dark - unlit,Auto-rickshaw,Over-speeding,Fatal,1,2
PN202000790,2020-07-17,2020,7,Mon,3,03:05,18.502992,73.79245,Katraj - Dehu Road Bypass,Highway,80,Junction,Rain,Dark - unlit,Truck/Tempo,Other,Fatal,1,2
PN202001827,2020-07-17,2020,7,Mon,12,12:04,18.49195,73.858693,Kushaba Jhangale Road,Collector,40,Mid-block,Rain,Daylight,Two-wheeler,Over-speeding,Grievous,0,3
PN202001843,2020-07-17,2020,7,Mon,20,20:26,18.47424,73.978653,(unnamed road),Collector,40,Junction,Rain,Dark - lit,Truck/Tempo,Over-speeding,Minor,0,1
PN202003596,2020-07-18,2020,7,Tue,10,10:28,18.562087,73.799462,(unnamed road),Local,30,Mid-block,Rain,Daylight,Bicycle,Pothole/road condition,Minor,0,1
PN202001229,2020-07-19,2020,7,Wed,0,00:14,18.507502,73.783895,Bawdhan to Warje Link,Highway,40,Mid-block,Clear,Dark - unlit,Truck/Tempo,Over-speeding,Fatal,2,2
PN202003267,2020-07-19,2020,7,Wed,13,13:22,18.499185,73.95121,Solapur Road,Highway,60,Junction,Clear,Daylight,Pedestrian,Over-speeding,Fatal,1,1
PN202000601,2020-07-19,2020,7,Wed,21,21:22,18.562675,73.930954,(unnamed road),Collector,40,Junction,Clear,Dark - unlit,Two-wheeler,Over-speeding,Grievous,0,1
PN202000488,2020-07-21,2020,7,Fri,7,07:22,18.454782,73.85875,Satara Road,Highway,60,Junction,Cloudy,Daylight,Car,Brake failure/vehicle defect,Grievous,0,1
PN202000650,2020-07-21,2020,7,Fri,19,19:08,18.611384,73.818708,(unnamed road),Arterial,40,Junction,Clear,Dark - lit,Truck/Tempo,Over-speeding,Minor,0,0
PN202002978,2020-07-22,2020,7,Sat,0,00:21,18.484294,73.953742,(unnamed road),Local,30,Junction,Rain,Dark - unlit,Car,Over-speeding,Grievous,0,2
PN202000756,2020-07-22,2020,7,Sat,15,15:15,18.608447,73.8201,Kasarwadi - Pimple Gurav Road,Arterial,50,Junction,Clear,Daylight,Car,Other,Grievous,0,3
PN202003585,2020-07-22,2020,7,Sat,18,18:09,18.673427,73.733033,Dehu Road-Vikasnagar-Mukai Chowk Road,Arterial,50,Junction,Cloudy,Dusk/Dawn,Two-wheeler,Over-speeding,Minor,0,0
PN202001241,2020-07-24,2020,7,Mon,5,05:16,18.472099,73.873678,(unnamed road),Local,30,Junction,Cloudy,Dark - unlit,Pedestrian,Over-speeding,Fatal,1,2
PN202001869,2020-07-24,2020,7,Mon,14,14:19,18.715738,73.848594,Pune Nashik Road,Highway,60,Mid-block,Rain,Daylight,Truck/Tempo,Over-speeding,Minor,0,1
PN202003837,2020-07-24,2020,7,Mon,19,19:22,18.539586,73.892807,North Main Road,Arterial,40,Junction,Rain,Dark - lit,Car,Other,Grievous,0,1
PN202000996,2020-07-25,2020,7,Tue,4,04:23,18.454286,73.827832,Katraj - Dehu Road Bypass,Highway,85,Junction,Clear,Dark - unlit,Truck/Tempo,Over-speeding,Minor,0,0
PN202003631,2020-07-25,2020,7,Tue,20,20:00,18.548327,73.769754,Sus Road,Arterial,50,Junction,Clear,Dark - lit,Two-wheeler,Over-speeding,Grievous,0,2
PN202003353,2020-07-26,2020,7,Wed,23,23:23,18.59191,73.996697,(unnamed road),Local,30,Junction,Clear,Dark - unlit,Truck/Tempo,Over-speeding,Minor,0,1
PN202003338,2020-07-27,2020,7,Thu,0,00:32,18.581825,73.737213,(unnamed road),Collector,40,Junction,Rain,Dark - unlit,Truck/Tempo,Rash/careless driving,Grievous,0,2
PN202003233,2020-07-28,2020,7,Fri,15,15:59,18.695554,73.852012,Chimbali Phata-Alandi {Alankapuri) Road,Arterial,40,Junction,Rain,Daylight,Two-wheeler,Pothole/road condition,Fatal,1,0
PN202002901,2020-07-28,2020,7,Fri,22,22:42,18.530033,73.866054,Raja Bahadur Mill Marg,Highway,60,Junction,Clear,Dark - unlit,Truck/Tempo,Mobile phone use,Grievous,0,2
PN202000417,2020-07-28,2020,7,Fri,23,23:25,18.45545,73.858747,Satara Road,Highway,60,Junction,Rain,Dark - unlit,Car,Signal jumping,Fatal,1,1
PN202002530,2020-08-01,2020,8,Tue,13,13:49,18.645817,73.747191,(unnamed road),Local,30,Junction,Clear,Daylight,Two-wheeler,Other,Grievous,0,2
PN202003578,2020-08-01,2020,8,Tue,21,21:16,18.570285,73.907079,Airport New Road,Arterial,50,Mid-block,Rain,Dark - unlit,Pedestrian,Pothole/road condition,Minor,0,1
PN202000045,2020-08-02,2020,8,Wed,23,23:39,18.533374,73.930487,Mundhwa Road,Arterial,40,Bridge/Slope,Rain,Dark - unlit,Two-wheeler,Brake failure/vehicle defect,Minor,0,0
PN202000275,2020-08-03,2020,8,Thu,0,00:11,18.430286,73.841061,Katraj - Dehu Road Bypass,Highway,80,Bridge/Slope,Cloudy,Dark - unlit,Bicycle,Other,Fatal,1,0
PN202000872,2020-08-04,2020,8,Fri,6,06:40,18.460265,73.822989,Navale Flyover,Highway,80,Bridge/Slope,Clear,Dusk/Dawn,Two-wheeler,Over-speeding,Fatal,2,1
PN202002232,2020-08-04,2020,8,Fri,9,09:03,18.479408,74.019329,(unnamed road),Collector,30,Junction,Clear,Daylight,Bicycle,Rash/careless driving,Grievous,0,2
PN202000151,2020-08-05,2020,8,Sat,9,09:42,18.484418,73.799341,2nd Service Road,Collector,40,Junction,Clear,Daylight,Bus,Over-speeding,Fatal,1,1
PN202001446,2020-08-08,2020,8,Tue,13,13:53,18.663671,73.900275,(unnamed road),Local,30,Mid-block,Rain,Daylight,Pedestrian,Over-speeding,Minor,0,0
PN202001213,2020-08-08,2020,8,Tue,17,17:28,18.617792,73.838745,Pune Nashik Road,Highway,60,Mid-block,Rain,Daylight,Pedestrian,Over-speeding,Fatal,1,2
PN202002253,2020-08-08,2020,8,Tue,17,17:51,18.524329,73.869908,Babasaheb Ambedkar Marg,Arterial,50,Junction,Cloudy,Daylight,Car,Over-speeding,Minor,0,2
PN202002187,2020-08-09,2020,8,Wed,10,10:44,18.611136,73.749792,Service Road,Arterial,50,Junction,Clear,Daylight,Pedestrian,Drunk driving,Fatal,1,1
PN202000623,2020-08-09,2020,8,Wed,11,11:39,18.495718,73.787805,Katraj - Dehu Road Bypass,Highway,80,Bridge/Slope,Clear,Daylight,Car,Over-speeding,Minor,0,1
PN202000462,2020-08-09,2020,8,Wed,12,12:21,18.504726,73.91992,(unnamed road),Collector,40,Junction,Clear,Daylight,Two-wheeler,Over-speeding,Fatal,1,2
PN202001149,2020-08-11,2020,8,Fri,23,23:47,18.495207,73.869335,Jawaharlal Nehru Marg,Arterial,50,Mid-block,Clear,Dark - lit,Two-wheeler,Over-speeding,Minor,0,1
PN202000754,2020-08-12,2020,8,Sat,12,12:56,18.428809,73.841675,Katraj - Dehu Road Bypass,Highway,80,Bridge/Slope,Clear,Daylight,Auto-rickshaw,Over-speeding,Grievous,0,2
PN202000588,2020-08-12,2020,8,Sat,22,22:42,18.49354,73.78821,Katraj - Dehu Road Bypass,Highway,80,Bridge/Slope,Clear,Dark - unlit,Pedestrian,Over-speeding,Fatal,1,2
PN202000963,2020-08-13,2020,8,Sun,23,23:10,18.459641,73.8235,Katraj - Dehu Road Bypass,Highway,60,Junction,Cloudy,Dark - unlit,Pedestrian,Rash/careless driving,Fatal,1,1
PN202003738,2020-08-14,2020,8,Mon,13,13:31,18.508265,73.809258,Paud Road,Arterial,50,Junction,Cloudy,Daylight,Two-wheeler,Over-speeding,Minor,0,1
PN202000325,2020-08-14,2020,8,Mon,18,18:29,18.44353,73.973257,Saswad Road,Highway,60,Mid-block,Rain,Dusk/Dawn,Truck/Tempo,Wrong-side driving,Minor,0,1
PN202002827,2020-08-15,2020,8,Tue,17,17:25,18.52617,73.879132,Bund Garden Road,Arterial,50,Mid-block,Clear,Daylight,Two-wheeler,Drunk driving,Grievous,0,1
PN202001427,2020-08-15,2020,8,Tue,17,17:47,18.677996,73.902309,(unnamed road),Local,30,Mid-block,Rain,Daylight,Two-wheeler,Brake failure/vehicle defect,Minor,0,2
PN202001144,2020-08-15,2020,8,Tue,18,18:52,18.496368,73.813621,Karve Road,Arterial,65,Junction,Clear,Dusk/Dawn,Two-wheeler,Signal jumping,Minor,0,1
PN202000558,2020-08-15,2020,8,Tue,19,19:51,18.495626,73.787792,Katraj - Dehu Road Bypass,Highway,80,Bridge/Slope,Cloudy,Dark - unlit,Bus,Over-speeding,Fatal,1,1
PN202003022,2020-08-15,2020,8,Tue,20,20:33,18.448652,73.833448,Katraj - Dehu Road Bypass,Highway,85,Mid-block,Clear,Dark - unlit,Car,Over-speeding,Fatal,1,2
PN202003735,2020-08-16,2020,8,Wed,5,05:32,18.427884,73.877541,(unnamed road),Local,30,Mid-block,Clear,Dark - lit,Car,Over-speeding,Fatal,1,0
PN202000247,2020-08-16,2020,8,Wed,21,21:42,18.533854,73.929614,Mundhwa Road,Arterial,40,Junction,Clear,Dark - lit,Two-wheeler,Over-speeding,Minor,0,0
PN202000630,2020-08-17,2020,8,Thu,13,13:17,18.429575,73.841411,Katraj - Dehu Road Bypass,Highway,80,Bridge/Slope,Clear,Daylight,Truck/Tempo,Over-speeding,Fatal,1,0
PN202000892,2020-08-17,2020,8,Thu,15,15:55,18.578176,73.907933,(unnamed road),Arterial,50,Junction,Rain,Daylight,Two-wheeler,Signal jumping,Minor,0,2
PN202003409,2020-08-17,2020,8,Thu,20,20:17,18.650286,73.906767,DY Patil University Road,Collector,40,Junction,Cloudy,Dark - unlit,Truck/Tempo,Pothole/road condition,Minor,0,2
PN202003483,2020-08-20,2020,8,Sun,14,14:22,18.652279,73.793059,Link Road,Collector,40,Junction,Rain,Daylight,Two-wheeler,Over-speeding,Minor,0,1
PN202002587,2020-08-20,2020,8,Sun,19,19:50,18.543153,73.825315,Gopal Hari Deshmukh Marg,Arterial,50,Mid-block,Rain,Dark - lit,Two-wheeler,Over-speeding,Minor,0,2
PN202003196,2020-08-21,2020,8,Mon,18,18:11,18.416886,73.733991,SH59,Arterial,50,Mid-block,Clear,Dusk/Dawn,Two-wheeler,Rash/careless driving,Minor,0,2
PN202000377,2020-08-21,2020,8,Mon,18,18:35,18.445348,73.835822,Katraj - Dehu Road Bypass,Highway,85,Bridge/Slope,Rain,Dusk/Dawn,Truck/Tempo,Pothole/road condition,Fatal,1,2
PN202002025,2020-08-22,2020,8,Tue,14,14:41,18.460627,73.815394,(unnamed road),Local,30,Junction,Clear,Daylight,Two-wheeler,Mobile phone use,Grievous,0,2
PN202000143,2020-08-22,2020,8,Tue,21,21:19,18.460189,73.823481,Katraj - Dehu Road Bypass,Highway,60,Junction,Cloudy,Dark - unlit,Two-wheeler,Over-speeding,Fatal,1,1
PN202003833,2020-08-23,2020,8,Wed,15,15:09,18.457194,73.966261,Saswad Road,Highway,60,Junction,Clear,Daylight,Truck/Tempo,Other,Grievous,0,2
PN202001410,2020-08-23,2020,8,Wed,17,17:41,18.619264,73.870008,(unnamed road),Local,30,Junction,Cloudy,Daylight,Two-wheeler,Rash/careless driving,Grievous,0,1
PN202002291,2020-08-23,2020,8,Wed,17,17:55,18.437195,73.99259,(unnamed road),Local,30,Mid-block,Clear,Daylight,Two-wheeler,Over-speeding,Grievous,0,1
PN202002930,2020-08-23,2020,8,Wed,21,21:18,18.51026,73.843371,Lalbahadur Shashtri Marg,Arterial,50,Mid-block,Rain,Dark - lit,Car,Over-speeding,Minor,0,0
PN202000373,2020-08-24,2020,8,Thu,14,14:22,18.452765,73.829113,Katraj - Dehu Road Bypass,Highway,85,Bridge/Slope,Clear,Daylight,Truck/Tempo,Brake failure/vehicle defect,Fatal,2,2
PN202000353,2020-08-24,2020,8,Thu,18,18:58,18.431497,73.839383,Ambegaon Viaduct,Highway,75,Bridge/Slope,Clear,Dusk/Dawn,Two-wheeler,Over-speeding,Minor,0,1
PN202002268,2020-08-24,2020,8,Thu,23,23:51,18.55429,73.955623,Grant Road,Arterial,50,Junction,Clear,Dark - unlit,Two-wheeler,Drunk driving,Fatal,1,0
PN202001716,2020-08-25,2020,8,Fri,3,03:59,18.513323,73.850216,Vasudev Balvant Phadke Path,Collector,40,Junction,Cloudy,Dark - lit,Pedestrian,Wrong-side driving,Fatal,1,0
PN202001967,2020-08-25,2020,8,Fri,15,15:15,18.539824,73.851034,Old Pune–Mumbai Highway,Highway,40,Mid-block,Clear,Daylight,Truck/Tempo,Over-speeding,Fatal,2,1
PN202002167,2020-08-26,2020,8,Sat,15,15:50,18.551647,73.895374,Nagar Road,Highway,60,Mid-block,Rain,Daylight,Two-wheeler,Over-speeding,Fatal,1,1
PN202001926,2020-08-26,2020,8,Sat,15,15:53,18.52979,73.932376,Magarpatta Road,Highway,40,Junction,Clear,Daylight,Two-wheeler,Over-speeding,Fatal,1,0
PN202003132,2020-08-26,2020,8,Sat,20,20:15,18.495173,73.979518,Solapur Road,Highway,60,Mid-block,Rain,Dark - unlit,Two-wheeler,Over-speeding,Fatal,1,0
PN202001112,2020-08-26,2020,8,Sat,22,22:00,18.54476,73.987997,(unnamed road),Local,30,Mid-block,Cloudy,Dark - lit,Truck/Tempo,Rash/careless driving,Grievous,0,1
PN202002314,2020-08-27,2020,8,Sun,18,18:08,18.631346,73.774465,Walhekarwadi-Chapekar Chowk Road,Arterial,40,Junction,Cloudy,Dusk/Dawn,Two-wheeler,Rash/careless driving,Minor,0,2
PN202003533,2020-08-28,2020,8,Mon,10,10:14,18.647113,73.742312,Aundh-Ravet Road,Arterial,50,Mid-block,Rain,Daylight,Two-wheeler,Over-speeding,Fatal,2,0
PN202001917,2020-08-28,2020,8,Mon,20,20:27,18.463757,73.811561,Canal Road,Collector,40,Mid-block,Clear,Dark - lit,Bus,Mobile phone use,Minor,0,2
PN202002073,2020-08-28,2020,8,Mon,20,20:44,18.547343,73.936235,Kharadi Bypass,Highway,60,Junction,Cloudy,Dark - unlit,Two-wheeler,Other,Fatal,2,1
PN202000077,2020-09-01,2020,9,Fri,3,03:32,18.454376,73.856909,Khashaba Jadhav Path | Lane Number 6,Collector,30,Junction,Rain,Dark - lit,Auto-rickshaw,Over-speeding,Minor,0,1
PN202001395,2020-09-01,2020,9,Fri,6,06:46,18.532941,73.895949,South Main Road,Arterial,50,Junction,Rain,Dusk/Dawn,Bicycle,Over-speeding,Fatal,1,1
PN202000085,2020-09-01,2020,9,Fri,21,21:01,18.431401,73.839539,Ambegaon Viaduct,Highway,75,Bridge/Slope,Clear,Dark - unlit,Two-wheeler,Over-speeding,Fatal,1,1
PN202003782,2020-09-03,2020,9,Sun,20,20:57,18.667638,73.828936,DP Road,Collector,40,Junction,Rain,Dark - lit,Two-wheeler,Over-speeding,Minor,0,1
PN202001385,2020-09-04,2020,9,Mon,1,01:17,18.634837,73.77877,(unnamed road),Collector,40,Junction,Cloudy,Dark - lit,Two-wheeler,Over-speeding,Grievous,0,3
PN202003044,2020-09-04,2020,9,Mon,22,22:46,18.507205,73.783942,Katraj - Dehu Road Bypass,Highway,80,Junction,Clear,Dark - unlit,Bicycle,Over-speeding,Fatal,1,0
PN202000426,2020-09-05,2020,9,Tue,9,09:56,18.459784,73.823361,Katraj - Dehu Road Bypass,Highway,60,Junction,Cloudy,Daylight,Car,Rash/careless driving,Grievous,0,1
PN202001080,2020-09-05,2020,9,Tue,15,15:57,18.621276,74.026331,NH753F,Highway,60,Mid-block,Clear,Daylight,Two-wheeler,Rash/careless driving,Fatal,1,0
PN202003906,2020-09-05,2020,9,Tue,17,17:06,18.64519,73.835825,MIDC Road,Arterial,50,Mid-block,Cloudy,Daylight,Car,Over-speeding,Minor,0,1
PN202003163,2020-09-05,2020,9,Tue,22,22:47,18.577217,73.732268,Maan - Mhalunge Connector Road,Arterial,50,Junction,Clear,Dark - lit,Bicycle,Rash/careless driving,Grievous,0,1
PN202001587,2020-09-06,2020,9,Wed,17,17:00,18.672592,73.878791,(unnamed road),Local,30,Mid-block,Clear,Daylight,Pedestrian,Over-speeding,Minor,0,1
PN202000938,2020-09-06,2020,9,Wed,23,23:50,18.454387,73.85674,Khashaba Jadhav Path | Lane Number 6,Collector,30,Junction,Clear,Dark - unlit,Pedestrian,Rash/careless driving,Fatal,1,1
PN202000240,2020-09-07,2020,9,Thu,7,07:46,18.578375,73.906051,(unnamed road),Arterial,50,Junction,Rain,Daylight,Two-wheeler,Pothole/road condition,Grievous,0,1
PN202000740,2020-09-07,2020,9,Thu,21,21:44,18.496265,73.943852,Saswad Road,Highway,60,Junction,Rain,Dark - unlit,Truck/Tempo,Over-speeding,Grievous,0,3
PN202001264,2020-09-08,2020,9,Fri,10,10:04,18.507364,73.782212,(unnamed road),Collector,40,Junction,Rain,Daylight,Two-wheeler,Other,Grievous,0,2
PN202000778,2020-09-09,2020,9,Sat,20,20:28,18.44253,73.974137,NH965,Highway,60,Mid-block,Clear,Dark - unlit,Truck/Tempo,Over-speeding,Grievous,0,1
PN202003154,2020-09-09,2020,9,Sat,20,20:37,18.503953,73.807937,Dhondiba Bhiva Sutar Path,Collector,40,Junction,Rain,Dark - unlit,Two-wheeler,Rash/careless driving,Fatal,1,2
PN202003430,2020-09-11,2020,9,Mon,1,01:13,18.649998,73.809129,Chatrapati Rajarshi Shahu Maharaj Flyover,Arterial,50,Junction,Rain,Dark - unlit,Two-wheeler,Over-speeding,Grievous,0,3
PN202000590,2020-09-11,2020,9,Mon,2,02:56,18.45435,73.85869,Satara Road,Highway,60,Junction,Rain,Dark - unlit,Pedestrian,Pothole/road condition,Grievous,0,2
PN202000299,2020-09-11,2020,9,Mon,8,08:08,18.557171,73.944348,(unnamed road),Collector,40,Junction,Rain,Daylight,Car,Pothole/road condition,Minor,0,1
PN202001152,2020-09-11,2020,9,Mon,18,18:11,18.419657,73.989328,NH965,Highway,60,Mid-block,Cloudy,Dusk/Dawn,Car,Other,Minor,0,1
PN202003143,2020-09-11,2020,9,Mon,19,19:02,18.471505,73.85476,(unnamed road),Local,30,Junction,Clear,Dark - lit,Two-wheeler,Pothole/road condition,Fatal,1,0
PN202001469,2020-09-11,2020,9,Mon,21,21:45,18.562742,73.8304,Bhau Patil Path,Arterial,50,Junction,Clear,Dark - lit,Car,Rash/careless driving,Grievous,0,1
PN202002319,2020-09-12,2020,9,Tue,16,16:07,18.673922,73.848956,Pune Nashik Road,Highway,60,Junction,Rain,Daylight,Two-wheeler,Over-speeding,Grievous,0,1
PN202001249,2020-09-12,2020,9,Tue,16,16:16,18.61873,74.022501,NH753F,Highway,60,Mid-block,Rain,Daylight,Two-wheeler,Over-speeding,Grievous,0,2
PN202003052,2020-09-14,2020,9,Thu,10,10:06,18.432118,73.8446,(unnamed road),Local,30,Junction,Clear,Daylight,Two-wheeler,Other,Minor,0,2
PN202003904,2020-09-14,2020,9,Thu,11,11:25,18.491565,73.903706,(unnamed road),Local,30,Junction,Clear,Daylight,Pedestrian,Over-speeding,Grievous,0,3
PN202000606,2020-09-14,2020,9,Thu,18,18:09,18.500911,73.936549,Solapur Road,Arterial,50,Junction,Cloudy,Dusk/Dawn,Two-wheeler,Over-speeding,Minor,0,2
PN202003266,2020-09-14,2020,9,Thu,19,19:54,18.673545,73.797203,(unnamed road),Collector,40,Junction,Clear,Dark - lit,Two-wheeler,Rash/careless driving,Grievous,0,3
PN202001320,2020-09-16,2020,9,Sat,20,20:11,18.510987,73.737083,(unnamed road),Local,30,Mid-block,Rain,Dark - unlit,Car,Other,Grievous,0,3
PN202002338,2020-09-16,2020,9,Sat,21,21:27,18.447982,73.863598,Katraj Kondhwa Road,Collector,40,Mid-block,Clear,Dark - lit,Pedestrian,Over-speeding,Fatal,1,1
PN202002439,2020-09-17,2020,9,Sun,18,18:15,18.625294,73.851835,(unnamed road),Arterial,40,Junction,Clear,Dusk/Dawn,Two-wheeler,Other,Minor,0,1
PN202002467,2020-09-18,2020,9,Mon,20,20:37,18.553815,73.928601,Old Mundhwa Road,Collector,40,Junction,Rain,Dark - lit,Two-wheeler,Over-speeding,Fatal,1,0
PN202003676,2020-09-19,2020,9,Tue,0,00:39,18.504025,73.856765,Khadakmal Ali Path,Collector,40,Junction,Clear,Dark - lit,Two-wheeler,Drunk driving,Grievous,0,2
PN202003642,2020-09-19,2020,9,Tue,10,10:38,18.603493,73.784045,(unnamed road),Local,30,Junction,Rain,Daylight,Car,Pothole/road condition,Minor,0,1
PN202000447,2020-09-19,2020,9,Tue,11,11:59,18.556699,73.943853,(unnamed road),Collector,40,Junction,Clear,Daylight,Bus,Wrong-side driving,Grievous,0,2
PN202002719,2020-09-20,2020,9,Wed,13,13:03,18.59565,73.77714,(unnamed road),Local,30,Mid-block,Clear,Daylight,Auto-rickshaw,Over-speeding,Minor,0,2
PN202000251,2020-09-20,2020,9,Wed,15,15:33,18.453657,73.828362,Katraj - Dehu Road Bypass,Highway,85,Bridge/Slope,Clear,Daylight,Pedestrian,Pothole/road condition,Minor,0,0
PN202003860,2020-09-21,2020,9,Thu,2,02:00,18.516866,73.855807,Nakalakar Bhonde Path,Collector,40,Junction,Rain,Dark - lit,Two-wheeler,Over-speeding,Fatal,1,0
PN202000610,2020-09-22,2020,9,Fri,5,05:20,18.460512,73.822427,Katraj - Dehu Road Bypass,Highway,60,Bridge/Slope,Rain,Dark - unlit,Bus,Brake failure/vehicle defect,Fatal,1,2
PN202002327,2020-09-23,2020,9,Sat,20,20:01,18.459144,73.824937,Katraj - Dehu Road Bypass,Highway,60,Mid-block,Rain,Dark - unlit,Truck/Tempo,Over-speeding,Fatal,1,1
PN202003706,2020-09-24,2020,9,Sun,8,08:39,18.643448,73.879439,Sant Dyaneshwar Marg Flyover,Arterial,50,Mid-block,Rain,Daylight,Car,Rash/careless driving,Minor,0,1
PN202001467,2020-09-24,2020,9,Sun,11,11:52,18.599957,73.793167,Kokane Chowk - Rahatani Road,Collector,40,Junction,Clear,Daylight,Bus,Over-speeding,Minor,0,1
PN202002119,2020-09-24,2020,9,Sun,12,12:21,18.628657,73.814961,(unnamed road),Collector,40,Mid-block,Clear,Daylight,Two-wheeler,Mobile phone use,Minor,0,0
PN202003102,2020-09-24,2020,9,Sun,14,14:29,18.654186,73.810937,Chikhali - Kaspate Vasti BRTS Road Chikali Road,Arterial,50,Mid-block,Clear,Daylight,Two-wheeler,Wrong-side driving,Grievous,0,2
PN202002747,2020-09-27,2020,9,Wed,10,10:28,18.482657,73.857388,Satara Road,Highway,60,Junction,Clear,Daylight,Auto-rickshaw,Signal jumping,Fatal,1,0
PN202002502,2020-09-27,2020,9,Wed,12,12:54,18.50783,73.808612,Paud Road,Arterial,50,Junction,Rain,Daylight,Car,Mobile phone use,Grievous,0,1
PN202002428,2020-10-02,2020,10,Tue,15,15:36,18.60174,73.787268,(unnamed road),Local,30,Junction,Clear,Daylight,Two-wheeler,Over-speeding,Grievous,0,2
PN202002940,2020-10-02,2020,10,Tue,15,15:47,18.539771,73.890844,North Main Road,Arterial,40,Junction,Clear,Daylight,Two-wheeler,Signal jumping,Fatal,2,1
PN202001564,2020-10-02,2020,10,Tue,20,20:57,18.460856,73.884114,(unnamed road),Local,30,Junction,Clear,Dark - lit,Two-wheeler,Over-speeding,Fatal,1,1
PN202002418,2020-10-03,2020,10,Wed,14,14:30,18.566856,73.91853,Viman Nagar Road,Collector,40,Junction,Rain,Daylight,Pedestrian,Other,Grievous,0,3
PN202002913,2020-10-03,2020,10,Wed,17,17:23,18.554047,73.89913,(unnamed road),Local,30,Junction,Clear,Daylight,Two-wheeler,Over-speeding,Grievous,0,3
PN202002343,2020-10-03,2020,10,Wed,18,18:48,18.477094,73.898325,NIBM Road,Collector,40,Mid-block,Clear,Dusk/Dawn,Auto-rickshaw,Rash/careless driving,Minor,0,0
PN202000201,2020-10-04,2020,10,Thu,2,02:03,18.49601,73.78809,(unnamed road),Highway,40,Junction,Clear,Dark - unlit,Truck/Tempo,Signal jumping,Fatal,1,1
PN202000394,2020-10-04,2020,10,Thu,14,14:46,18.56514,73.912807,Viman Nagar Road,Collector,40,Junction,Cloudy,Daylight,Two-wheeler,Over-speeding,Minor,0,1
PN202000976,2020-10-04,2020,10,Thu,14,14:59,18.500076,73.790829,Katraj - Dehu Road Bypass,Highway,80,Bridge/Slope,Clear,Daylight,Two-wheeler,Over-speeding,Minor,0,1
PN202002158,2020-10-05,2020,10,Fri,1,01:34,18.502463,73.801352,DP Road,Arterial,50,Junction,Clear,Dark - unlit,Car,Other,Grievous,0,2
PN202001767,2020-10-05,2020,10,Fri,10,10:33,18.46187,73.822405,(unnamed road),Local,30,Mid-block,Cloudy,Daylight,Pedestrian,Over-speeding,Grievous,0,2
PN202001417,2020-10-06,2020,10,Sat,16,16:55,18.503317,73.879763,NH65,Highway,60,Junction,Clear,Daylight,Bus,Over-speeding,Fatal,1,2
PN202002760,2020-10-08,2020,10,Mon,21,21:55,18.635617,73.740558,Service Road,Arterial,50,Mid-block,Clear,Dark - lit,Car,Signal jumping,Minor,0,1
PN202002837,2020-10-09,2020,10,Tue,1,01:27,18.530168,73.778899,Katraj - Dehu Road Bypass,Highway,80,Mid-block,Clear,Dark - unlit,Truck/Tempo,Over-speeding,Fatal,1,1
PN202000927,2020-10-09,2020,10,Tue,13,13:23,18.454747,73.827468,Katraj - Dehu Road Bypass,Highway,85,Junction,Clear,Daylight,Car,Over-speeding,Minor,0,0
PN202000652,2020-10-09,2020,10,Tue,20,20:27,18.604681,73.751144,(unnamed road),Arterial,40,Junction,Clear,Dark - unlit,Two-wheeler,Rash/careless driving,Fatal,1,0
PN202000071,2020-10-10,2020,10,Wed,20,20:23,18.505192,73.918162,(unnamed road),Collector,40,Junction,Cloudy,Dark - lit,Auto-rickshaw,Over-speeding,Grievous,0,2
PN202000554,2020-10-11,2020,10,Thu,9,09:50,18.431724,73.838802,Ambegaon Viaduct,Highway,75,Bridge/Slope,Cloudy,Daylight,Truck/Tempo,Over-speeding,Grievous,0,3
PN202003136,2020-10-11,2020,10,Thu,21,21:02,18.494195,73.986539,Solapur Road,Highway,60,Mid-block,Clear,Dark - unlit,Two-wheeler,Over-speeding,Fatal,2,2
PN202003162,2020-10-12,2020,10,Fri,18,18:25,18.537161,73.794135,(unnamed road),Arterial,50,Junction,Clear,Dusk/Dawn,Truck/Tempo,Other,Fatal,1,1
PN202000278,2020-10-12,2020,10,Fri,19,19:03,18.500906,73.79152,Katraj - Dehu Road Bypass,Highway,80,Bridge/Slope,Clear,Dark - unlit,Two-wheeler,Signal jumping,Fatal,1,0
PN202001360,2020-10-14,2020,10,Sun,16,16:31,18.480417,73.872345,Gangadham - Shatrunjay Road,Arterial,50,Mid-block,Clear,Daylight,Two-wheeler,Rash/careless driving,Minor,0,2
PN202003002,2020-10-14,2020,10,Sun,20,20:25,18.571462,73.898997,National Games Marg,Arterial,50,Mid-block,Clear,Dark - lit,Truck/Tempo,Rash/careless driving,Grievous,0,3
PN202002346,2020-10-14,2020,10,Sun,21,21:33,18.492185,74.000635,Solapur Road,Highway,60,Mid-block,Clear,Dark - unlit,Two-wheeler,Over-speeding,Fatal,1,1
PN202002777,2020-10-15,2020,10,Mon,2,02:38,18.496878,73.944009,(unnamed road),Local,30,Junction,Clear,Dark - lit,Two-wheeler,Rash/careless driving,Fatal,1,2
PN202003414,2020-10-15,2020,10,Mon,11,11:18,18.650201,73.991865,(unnamed road),Collector,30,Junction,Clear,Daylight,Two-wheeler,Other,Minor,0,0
PN202003083,2020-10-16,2020,10,Tue,10,10:33,18.50171,73.870203,Atal Bihari Vajpayee saheb Flyover,Highway,60,Mid-block,Clear,Daylight,Two-wheeler,Over-speeding,Minor,0,1
PN202003380,2020-10-16,2020,10,Tue,17,17:31,18.654109,73.849013,Pune Nashik Road,Highway,60,Mid-block,Clear,Daylight,Truck/Tempo,Mobile phone use,Fatal,2,1
PN202001972,2020-10-16,2020,10,Tue,20,20:07,18.532209,73.93271,Magarpatta Road,Highway,40,Mid-block,Cloudy,Dark - unlit,Bicycle,Brake failure/vehicle defect,Fatal,1,0
PN202001718,2020-10-17,2020,10,Wed,16,16:57,18.544421,73.882071,Deccan College Road,Arterial,50,Mid-block,Clear,Daylight,Car,Wrong-side driving,Minor,0,0
PN202002755,2020-10-17,2020,10,Wed,19,19:37,18.480337,73.85731,Satara Road,Highway,60,Junction,Clear,Dark - unlit,Two-wheeler,Rash/careless driving,Minor,0,1
PN202003026,2020-10-18,2020,10,Thu,14,14:27,18.643928,73.834002,MIDC Road,Arterial,50,Junction,Clear,Daylight,Two-wheeler,Over-speeding,Minor,0,1
PN202001258,2020-10-18,2020,10,Thu,22,22:18,18.594273,74.000353,Nagar Road,Highway,60,Mid-block,Clear,Dark - unlit,Two-wheeler,Drunk driving,Fatal,2,2
PN202002804,2020-10-19,2020,10,Fri,4,04:33,18.457087,73.937707,NH548DD,Highway,60,Mid-block,Clear,Dark - unlit,Car,Over-speeding,Fatal,1,0
PN202002595,2020-10-19,2020,10,Fri,21,21:22,18.6621,73.848574,Pune Nashik Road,Highway,60,Junction,Clear,Dark - unlit,Truck/Tempo,Over-speeding,Fatal,1,0
PN202001817,2020-10-20,2020,10,Sat,8,08:41,18.592352,73.903456,(unnamed road),Local,30,Mid-block,Clear,Daylight,Pedestrian,Rash/careless driving,Grievous,0,2
PN202001038,2020-10-20,2020,10,Sat,11,11:19,18.430196,73.841135,Katraj - Dehu Road Bypass,Highway,80,Bridge/Slope,Clear,Daylight,Truck/Tempo,Over-speeding,Grievous,0,1
PN202002065,2020-10-20,2020,10,Sat,11,11:51,18.670735,73.794742,(unnamed road),Local,30,Mid-block,Clear,Daylight,Pedestrian,Over-speeding,Minor,0,1
PN202002179,2020-10-20,2020,10,Sat,20,20:52,18.609409,73.819276,Kasarwadi - Pimple Gurav Road,Arterial,50,Mid-block,Clear,Dark - unlit,Car,Over-speeding,Fatal,2,1
PN202002221,2020-10-21,2020,10,Sun,1,01:08,18.482374,73.948437,(unnamed road),Local,30,Mid-block,Clear,Dark - lit,Car,Rash/careless driving,Minor,0,0
PN202002482,2020-10-22,2020,10,Mon,18,18:54,18.660807,73.848422,Pune Nashik Road,Highway,60,Mid-block,Clear,Dusk/Dawn,Truck/Tempo,Other,Minor,0,1
PN202001079,2020-10-24,2020,10,Wed,5,05:30,18.652117,73.734011,(unnamed road),Arterial,50,Junction,Clear,Dark - unlit,Two-wheeler,Mobile phone use,Minor,0,1
PN202002116,2020-10-26,2020,10,Fri,19,19:43,18.524715,73.87762,Maneckji Mehta Road,Arterial,50,Mid-block,Cloudy,Dark - unlit,Truck/Tempo,Over-speeding,Fatal,1,2
PN202003277,2020-10-27,2020,10,Sat,16,16:10,18.700649,73.759746,Old Pune Mumbai Highway-Dehu Gaon Road,Arterial,50,Mid-block,Clear,Daylight,Pedestrian,Over-speeding,Fatal,1,1
PN202002463,2020-10-27,2020,10,Sat,19,19:12,18.665859,73.742788,(unnamed road),Arterial,50,Mid-block,Clear,Dark - unlit,Two-wheeler,Over-speeding,Fatal,1,2
PN202001328,2020-10-27,2020,10,Sat,21,21:55,18.639668,73.834567,(unnamed road),Collector,40,Junction,Clear,Dark - lit,Auto-rickshaw,Over-speeding,Grievous,0,3
PN202003848,2020-11-02,2020,11,Fri,17,17:11,18.437104,73.977103,NH965,Highway,60,Mid-block,Clear,Daylight,Truck/Tempo,Over-speeding,Minor,0,0
PN202000835,2020-11-03,2020,11,Sat,13,13:58,18.492616,73.99796,(unnamed road),Collector,40,Mid-block,Clear,Daylight,Two-wheeler,Over-speeding,Grievous,0,3
PN202003195,2020-11-03,2020,11,Sat,16,16:33,18.613644,73.915468,(unnamed road),Local,30,Junction,Clear,Daylight,Truck/Tempo,Pothole/road condition,Grievous,0,1
PN202002939,2020-11-05,2020,11,Mon,17,17:14,18.450584,73.917325,NH548DD,Highway,60,Junction,Clear,Daylight,Two-wheeler,Over-speeding,Fatal,1,1
PN202000770,2020-11-06,2020,11,Tue,13,13:35,18.565146,73.913056,Viman Nagar Road,Collector,40,Junction,Clear,Daylight,Pedestrian,Over-speeding,Minor,0,2
PN202000328,2020-11-06,2020,11,Tue,16,16:54,18.453578,73.82824,Katraj - Dehu Road Bypass,Highway,85,Bridge/Slope,Clear,Daylight,Two-wheeler,Rash/careless driving,Minor,0,2
PN202001868,2020-11-07,2020,11,Wed,11,11:16,18.659631,73.812411,Chikhali - Kaspate Vasti BRTS Road Chikali Road,Arterial,50,Mid-block,Clear,Daylight,Two-wheeler,Over-speeding,Fatal,1,0
PN202003659,2020-11-07,2020,11,Wed,13,13:24,18.507675,73.783368,(unnamed road),Arterial,50,Junction,Clear,Daylight,Two-wheeler,Over-speeding,Grievous,0,3
PN202003586,2020-11-07,2020,11,Wed,16,16:05,18.430401,73.822263,(unnamed road),Collector,40,Junction,Clear,Daylight,Auto-rickshaw,Over-speeding,Minor,0,0
PN202000905,2020-11-08,2020,11,Thu,13,13:57,18.442706,73.973721,Saswad Road,Highway,60,Mid-block,Clear,Daylight,Two-wheeler,Rash/careless driving,Grievous,0,2
PN202001680,2020-11-08,2020,11,Thu,19,19:47,18.559394,73.78991,Gopal Hari Deshmukh Marg,Arterial,80,Junction,Clear,Dark - lit,Pedestrian,Over-speeding,Minor,0,2
PN202000241,2020-11-08,2020,11,Thu,19,19:55,18.459502,73.82414,Katraj - Dehu Road Bypass,Highway,60,Junction,Clear,Dark - unlit,Two-wheeler,Over-speeding,Minor,0,2
PN202002329,2020-11-09,2020,11,Fri,2,02:50,18.561655,73.852823,Elphinstone Road,Arterial,50,Mid-block,Clear,Dark - lit,Car,Over-speeding,Grievous,0,2
PN202000169,2020-11-09,2020,11,Fri,12,12:34,18.454794,73.827242,Katraj - Dehu Road Bypass,Highway,85,Junction,Clear,Daylight,Pedestrian,Signal jumping,Fatal,1,2
PN202001661,2020-11-10,2020,11,Sat,2,02:01,18.618212,73.747524,Service Road,Arterial,50,Junction,Clear,Dark - unlit,Two-wheeler,Over-speeding,Fatal,1,1
PN202003561,2020-11-10,2020,11,Sat,10,10:08,18.61731,73.868727,(unnamed road),Local,30,Junction,Clear,Daylight,Two-wheeler,Over-speeding,Fatal,2,2
PN202001216,2020-11-10,2020,11,Sat,23,23:08,18.537827,73.931075,(unnamed road),Local,30,Junction,Clear,Dark - lit,Bicycle,Over-speeding,Minor,0,1
PN202002633,2020-11-10,2020,11,Sat,23,23:17,18.737658,73.857811,Pune Nashik Road,Highway,60,Mid-block,Clear,Dark - unlit,Two-wheeler,Wrong-side driving,Fatal,1,2
PN202000185,2020-11-11,2020,11,Sun,17,17:00,18.578167,73.907506,Airport Road,Arterial,50,Junction,Clear,Daylight,Two-wheeler,Other,Grievous,0,1
PN202000646,2020-11-13,2020,11,Tue,22,22:45,18.460563,73.82297,Katraj - Dehu Road Bypass,Highway,60,Junction,Clear,Dark - unlit,Car,Drunk driving,Grievous,0,1
PN202001090,2020-11-16,2020,11,Fri,9,09:33,18.469361,73.857545,Sadguru Shankar Maharaj Uddanpul,Highway,60,Mid-block,Cloudy,Daylight,Two-wheeler,Rash/careless driving,Grievous,0,3
PN202001406,2020-11-16,2020,11,Fri,14,14:35,18.511802,73.770755,(unnamed road),Collector,40,Mid-block,Clear,Daylight,Two-wheeler,Other,Minor,0,0
PN202000788,2020-11-17,2020,11,Sat,20,20:44,18.563407,73.933306,Nagar Road,Highway,60,Junction,Clear,Dark - unlit,Two-wheeler,Other,Fatal,1,0
PN202001065,2020-11-18,2020,11,Sun,3,03:18,18.582943,73.737693,"Blue Ridge Road, Phase 1",Collector,20,Mid-block,Clear,Dark - lit,Truck/Tempo,Rash/careless driving,Grievous,0,1
PN202001109,2020-11-18,2020,11,Sun,8,08:56,18.668266,73.89039,Sant Dyaneshwar Mard,Arterial,50,Junction,Clear,Daylight,Two-wheeler,Other,Fatal,1,0
PN202000955,2020-11-18,2020,11,Sun,18,18:36,18.460962,73.822348,Katraj - Dehu Road Bypass,Highway,60,Bridge/Slope,Clear,Dusk/Dawn,Bicycle,Over-speeding,Fatal,1,0
PN202003238,2020-11-19,2020,11,Mon,7,07:15,18.455355,73.874244,(unnamed road),Local,30,Mid-block,Clear,Daylight,Car,Other,Grievous,0,1
PN202000746,2020-11-19,2020,11,Mon,19,19:30,18.485319,73.95493,Fursungi Bhekrai Road,Collector,40,Junction,Clear,Dark - lit,Bus,Over-speeding,Grievous,0,2
PN202002490,2020-11-22,2020,11,Thu,16,16:19,18.494575,73.946224,Saswad Road,Highway,60,Junction,Clear,Daylight,Two-wheeler,Over-speeding,Minor,0,0
PN202002315,2020-11-22,2020,11,Thu,19,19:52,18.521414,73.937739,Amanora Park Town Main Road,Arterial,50,Junction,Clear,Dark - lit,Two-wheeler,Mobile phone use,Fatal,1,1
PN202002698,2020-11-22,2020,11,Thu,20,20:09,18.552893,73.888026,Loop Road,Arterial,50,Mid-block,Clear,Dark - lit,Two-wheeler,Over-speeding,Minor,0,0
PN202001850,2020-11-22,2020,11,Thu,23,23:47,18.562665,73.924592,Nagar Road,Highway,60,Mid-block,Clear,Dark - unlit,Car,Over-speeding,Grievous,0,3
PN202002288,2020-11-24,2020,11,Sat,15,15:50,18.644012,73.757623,Rajyog Colony Road,Local,30,Junction,Rain,Daylight,Two-wheeler,Over-speeding,Grievous,0,3
PN202003668,2020-11-24,2020,11,Sat,20,20:01,18.664109,73.772968,Bhakti Shakti Chauk,Highway,60,Junction,Clear,Dark - unlit,Car,Wrong-side driving,Minor,0,1
PN202002115,2020-11-25,2020,11,Sun,17,17:54,18.659524,73.84856,Pune Nashik Road,Highway,60,Junction,Clear,Daylight,Two-wheeler,Over-speeding,Fatal,1,1
PN202000860,2020-11-25,2020,11,Sun,20,20:44,18.507733,73.787561,Paud Road,Arterial,40,Junction,Clear,Dark - lit,Two-wheeler,Over-speeding,Minor,0,0
PN202002821,2020-11-27,2020,11,Tue,15,15:29,18.590554,73.733013,Rajiv Gandhi MIDC Road,Arterial,30,Junction,Clear,Daylight,Two-wheeler,Over-speeding,Fatal,1,1
PN202000832,2020-11-28,2020,11,Wed,0,00:08,18.441844,73.974213,Saswad Road,Highway,60,Junction,Cloudy,Dark - unlit,Two-wheeler,Drunk driving,Minor,0,2
PN202003727,2020-11-28,2020,11,Wed,6,06:18,18.503387,73.967853,(unnamed road),Collector,40,Mid-block,Clear,Dusk/Dawn,Two-wheeler,Brake failure/vehicle defect,Minor,0,0
PN202002086,2020-11-28,2020,11,Wed,10,10:54,18.575077,73.961257,Nagar Road,Highway,60,Mid-block,Clear,Daylight,Two-wheeler,Other,Grievous,0,2
PN202001842,2020-12-01,2020,12,Sun,12,12:36,18.678358,73.73435,Dehu Road Bazar Road,Arterial,50,Mid-block,Cloudy,Daylight,Pedestrian,Mobile phone use,Grievous,0,2
PN202002632,2020-12-02,2020,12,Mon,19,19:21,18.611297,73.760706,Hinjawadi - Chinchwad Road,Arterial,50,Mid-block,Clear,Dark - unlit,Two-wheeler,Wrong-side driving,Grievous,0,1
PN202001011,2020-12-02,2020,12,Mon,20,20:44,18.453132,73.828605,Katraj - Dehu Road Bypass,Highway,85,Junction,Clear,Dark - unlit,Two-wheeler,Other,Fatal,1,1
PN202001095,2020-12-04,2020,12,Wed,15,15:43,18.544006,73.775244,Katraj - Dehu Road Bypass,Highway,80,Mid-block,Clear,Daylight,Bus,Pothole/road condition,Minor,0,0
PN202001337,2020-12-04,2020,12,Wed,18,18:43,18.503677,73.874835,Hidayatullah Path,Collector,40,Junction,Clear,Dusk/Dawn,Two-wheeler,Over-speeding,Grievous,0,2
PN202000828,2020-12-04,2020,12,Wed,19,19:03,18.490298,74.01298,(unnamed road),Collector,40,Junction,Cloudy,Dark - lit,Two-wheeler,Over-speeding,Minor,0,1
PN202001748,2020-12-04,2020,12,Wed,20,20:05,18.639056,73.748744,Punavale - Jambe Gaon Road,Collector,40,Junction,Cloudy,Dark - unlit,Pedestrian,Rash/careless driving,Fatal,1,0
PN202000913,2020-12-05,2020,12,Thu,1,01:55,18.454515,73.8584,(unnamed road),Highway,40,Junction,Clear,Dark - unlit,Pedestrian,Drunk driving,Fatal,1,0
PN202003119,2020-12-05,2020,12,Thu,16,16:22,18.511257,73.771801,Katraj - Dehu Road Bypass,Highway,80,Mid-block,Clear,Daylight,Two-wheeler,Over-speeding,Minor,0,0
PN202001049,2020-12-06,2020,12,Fri,9,09:35,18.463424,73.811514,Canal Road,Collector,40,Mid-block,Clear,Daylight,Two-wheeler,Other,Minor,0,0
PN202000090,2020-12-07,2020,12,Sat,11,11:23,18.503174,73.920321,(unnamed road),Collector,40,Junction,Clear,Daylight,Car,Over-speeding,Grievous,0,2
PN202003790,2020-12-08,2020,12,Sun,12,12:38,18.588744,73.788489,Aundh Ravet Road,Arterial,50,Mid-block,Clear,Daylight,Two-wheeler,Over-speeding,Fatal,1,1
PN202000389,2020-12-08,2020,12,Sun,13,13:18,18.609476,73.819896,(unnamed road),Arterial,40,Junction,Clear,Daylight,Car,Rash/careless driving,Minor,0,2
PN202003770,2020-12-10,2020,12,Tue,14,14:29,18.488888,73.900033,Late Vitthalrao Namdeo Shivarkar Road,Arterial,50,Mid-block,Clear,Daylight,Two-wheeler,Mobile phone use,Grievous,0,2
PN202002596,2020-12-11,2020,12,Wed,19,19:38,18.658206,73.778534,Service Road,Arterial,50,Mid-block,Clear,Dark - lit,Bus,Over-speeding,Minor,0,1
PN202000431,2020-12-11,2020,12,Wed,20,20:09,18.534034,73.929258,Mundhwa Road,Arterial,40,Junction,Clear,Dark - lit,Auto-rickshaw,Over-speeding,Minor,0,2
PN202001512,2020-12-11,2020,12,Wed,21,21:12,18.611887,73.932581,(unnamed road),Local,30,Mid-block,Clear,Dark - lit,Car,Signal jumping,Grievous,0,2
PN202000817,2020-12-12,2020,12,Thu,19,19:19,18.45299,73.828923,Katraj - Dehu Road Bypass,Highway,85,Bridge/Slope,Cloudy,Dark - unlit,Truck/Tempo,Over-speeding,Fatal,1,2
PN202001803,2020-12-13,2020,12,Fri,0,00:46,18.695771,73.793005,Dehu - Alandi Road,Arterial,50,Mid-block,Mist/Fog,Dark - lit,Car,Drunk driving,Minor,0,0
PN202000031,2020-12-13,2020,12,Fri,8,08:45,18.430997,73.840189,Ambegaon Viaduct,Highway,75,Bridge/Slope,Clear,Daylight,Two-wheeler,Over-speeding,Fatal,1,0
PN202003369,2020-12-13,2020,12,Fri,18,18:57,18.590241,73.768833,Wakad Road,Arterial,50,Junction,Clear,Dusk/Dawn,Two-wheeler,Wrong-side driving,Fatal,1,2
PN202000774,2020-12-13,2020,12,Fri,19,19:36,18.497515,73.942168,Saswad Road,Highway,60,Mid-block,Clear,Dark - unlit,Two-wheeler,Over-speeding,Fatal,1,1
PN202002134,2020-12-14,2020,12,Sat,23,23:27,18.592299,73.992831,(unnamed road),Local,30,Mid-block,Clear,Dark - unlit,Two-wheeler,Drunk driving,Grievous,0,3
PN202002422,2020-12-15,2020,12,Sun,6,06:23,18.633646,73.927561,(unnamed road),Local,30,Mid-block,Clear,Dusk/Dawn,Pedestrian,Rash/careless driving,Minor,0,2
PN202001159,2020-12-15,2020,12,Sun,12,12:33,18.562182,73.892519,National Games Marg,Arterial,50,Mid-block,Clear,Daylight,Bus,Rash/careless driving,Minor,0,2
PN202002894,2020-12-17,2020,12,Tue,12,12:50,18.477653,73.904731,NIBM Road,Collector,40,Junction,Clear,Daylight,Bus,Over-speeding,Grievous,0,3
PN202000766,2020-12-17,2020,12,Tue,20,20:30,18.444354,73.972802,Saswad Road,Highway,60,Mid-block,Clear,Dark - unlit,Two-wheeler,Over-speeding,Fatal,2,1
PN202000673,2020-12-17,2020,12,Tue,23,23:55,18.455459,73.858566,Satara Road,Highway,60,Junction,Clear,Dark - unlit,Two-wheeler,Over-speeding,Fatal,1,2
PN202000484,2020-12-18,2020,12,Wed,3,03:55,18.492569,73.996601,(unnamed road),Collector,40,Mid-block,Clear,Dark - lit,Two-wheeler,Other,Grievous,0,2
PN202002771,2020-12-18,2020,12,Wed,14,14:05,18.607593,73.75159,Service Road,Arterial,50,Junction,Clear,Daylight,Two-wheeler,Over-speeding,Grievous,0,1
PN202000569,2020-12-19,2020,12,Thu,0,00:47,18.43059,73.840546,Ambegaon Viaduct,Highway,75,Bridge/Slope,Clear,Dark - unlit,Two-wheeler,Rash/careless driving,Grievous,0,1
PN202001210,2020-12-19,2020,12,Thu,1,01:38,18.664407,73.765608,(unnamed road),Local,30,Mid-block,Clear,Dark - lit,Two-wheeler,Over-speeding,Grievous,0,3
PN202001935,2020-12-19,2020,12,Thu,3,03:13,18.450099,73.912525,NH548DD,Highway,60,Mid-block,Clear,Dark - unlit,Truck/Tempo,Drunk driving,Fatal,1,0
PN202002060,2020-12-19,2020,12,Thu,9,09:46,18.660511,73.730592,Gramdaivat Shree Bapdev Maharaj Flyover Ramp,Highway,30,Mid-block,Clear,Daylight,Truck/Tempo,Over-speeding,Minor,0,1
PN202000134,2020-12-19,2020,12,Thu,9,09:52,18.578189,73.907806,(unnamed road),Arterial,50,Junction,Clear,Daylight,Bicycle,Over-speeding,Minor,0,2
PN202002729,2020-12-19,2020,12,Thu,20,20:28,18.564226,73.942952,Nagar Road,Highway,60,Mid-block,Clear,Dark - unlit,Two-wheeler,Other,Fatal,1,0
PN202000485,2020-12-19,2020,12,Thu,20,20:45,18.556909,73.944184,(unnamed road),Collector,40,Junction,Clear,Dark - lit,Two-wheeler,Over-speeding,Grievous,0,2
PN202000342,2020-12-21,2020,12,Sat,0,00:59,18.563242,73.934104,Nagar Road,Highway,60,Junction,Mist/Fog,Dark - unlit,Two-wheeler,Rash/careless driving,Fatal,1,0
PN202002200,2020-12-21,2020,12,Sat,15,15:59,18.666655,73.889312,Alandi-Vishrantwadi Service Road,Collector,40,Junction,Cloudy,Daylight,Two-wheeler,Brake failure/vehicle defect,Minor,0,0
PN202000060,2020-12-21,2020,12,Sat,18,18:56,18.487383,73.95215,(unnamed road),Highway,60,Junction,Clear,Dusk/Dawn,Truck/Tempo,Rash/careless driving,Grievous,0,2
PN202001017,2020-12-22,2020,12,Sun,11,11:18,18.459841,73.823305,Katraj - Dehu Road Bypass,Highway,60,Junction,Clear,Daylight,Two-wheeler,Rash/careless driving,Grievous,0,2
PN202003730,2020-12-23,2020,12,Mon,4,04:47,18.466515,73.876735,Gangadham - Shatrunjay Road,Arterial,50,Junction,Clear,Dark - lit,Two-wheeler,Over-speeding,Fatal,1,1
PN202001915,2020-12-23,2020,12,Mon,18,18:11,18.670512,73.704214,Mumbai - Pune Expressway,Highway,100,Mid-block,Clear,Dusk/Dawn,Bus,Wrong-side driving,Grievous,0,3
PN202002337,2020-12-24,2020,12,Tue,12,12:16,18.654454,73.760429,(unnamed road),Local,30,Junction,Clear,Daylight,Two-wheeler,Mobile phone use,Grievous,0,2
PN202001637,2020-12-24,2020,12,Tue,19,19:35,18.533005,73.912883,Ganga Orchard Phase 2 Road,Local,30,Junction,Clear,Dark - lit,Pedestrian,Over-speeding,Minor,0,0
PN202000326,2020-12-24,2020,12,Tue,20,20:48,18.606476,73.753614,(unnamed road),Arterial,40,Junction,Cloudy,Dark - lit,Auto-rickshaw,Over-speeding,Grievous,0,2
PN202000651,2020-12-24,2020,12,Tue,22,22:05,18.500043,73.790801,Katraj - Dehu Road Bypass,Highway,80,Bridge/Slope,Clear,Dark - unlit,Bus,Brake failure/vehicle defect,Minor,0,0
PN202002707,2020-12-25,2020,12,Wed,9,09:15,18.645466,73.850294,Pune Nashik Road,Highway,60,Mid-block,Clear,Daylight,Truck/Tempo,Over-speeding,Grievous,0,1
PN202003930,2020-12-26,2020,12,Thu,21,21:52,18.650183,73.988899,(unnamed road),Collector,40,Mid-block,Clear,Dark - lit,Car,Over-speeding,Minor,0,0
PN202000372,2020-12-27,2020,12,Fri,15,15:21,18.577404,73.90798,Airport New Road,Arterial,50,Junction,Clear,Daylight,Two-wheeler,Signal jumping,Grievous,0,2
PN202002809,2020-12-27,2020,12,Fri,15,15:49,18.605429,73.774718,Aundh Ravet Road,Arterial,50,Junction,Rain,Daylight,Two-wheeler,Over-speeding,Grievous,0,3
PN202003836,2020-12-27,2020,12,Fri,16,16:24,18.574628,73.805581,Aundh Ravet Road,Arterial,50,Mid-block,Cloudy,Daylight,Bus,Over-speeding,Fatal,2,1
PN202001081,2020-12-27,2020,12,Fri,20,20:20,18.614805,73.815566,Old Mumbai Pune Highway,Highway,80,Mid-block,Clear,Dark - unlit,Bus,Over-speeding,Grievous,0,1
PN202002870,2020-12-28,2020,12,Sat,9,09:28,18.639966,73.87652,Sant Dyaneshwar Marg Flyover,Arterial,50,Mid-block,Cloudy,Daylight,Two-wheeler,Over-speeding,Minor,0,0
PN202103912,2021-01-01,2021,1,Wed,4,04:17,18.607993,73.763327,(unnamed road),Collector,40,Junction,Clear,Dark - lit,Two-wheeler,Wrong-side driving,Grievous,0,1
PN202102478,2021-01-01,2021,1,Wed,7,07:45,18.450609,73.917562,NH548DD,Highway,60,Junction,Mist/Fog,Daylight,Pedestrian,Wrong-side driving,Minor,0,0
PN202102810,2021-01-01,2021,1,Wed,11,11:25,18.526229,73.84646,Chaturshringi Road,Collector,40,Mid-block,Clear,Daylight,Two-wheeler,Other,Minor,0,2
PN202102219,2021-01-02,2021,1,Thu,19,19:18,18.654445,73.905317,Charholi Road,Collector,40,Mid-block,Clear,Dark - lit,Two-wheeler,Rash/careless driving,Fatal,1,0
PN202101627,2021-01-04,2021,1,Sat,21,21:07,18.596811,73.719273,Hinjawadi Phase 2 Road,Arterial,50,Mid-block,Clear,Dark - lit,Two-wheeler,Signal jumping,Grievous,0,3
PN202100029,2021-01-05,2021,1,Sun,2,02:48,18.453489,73.828503,Katraj - Dehu Road Bypass,Highway,85,Bridge/Slope,Mist/Fog,Dark - unlit,Two-wheeler,Over-speeding,Fatal,1,2
PN202102772,2021-01-05,2021,1,Sun,12,12:37,18.514404,73.92817,Magarpatta Inner Circle,Collector,40,Junction,Clear,Daylight,Two-wheeler,Over-speeding,Grievous,0,1
PN202101466,2021-01-06,2021,1,Mon,8,08:18,18.586866,73.79013,Wakad Road,Arterial,50,Mid-block,Clear,Daylight,Pedestrian,Over-speeding,Fatal,2,0
PN202101668,2021-01-06,2021,1,Mon,8,08:33,18.433036,73.912472,(unnamed road),Local,30,Junction,Cloudy,Daylight,Bicycle,Pothole/road condition,Minor,0,0
PN202101169,2021-01-06,2021,1,Mon,11,11:55,18.629035,73.786179,Pimpri Chinchwad Link Road,Arterial,50,Junction,Clear,Daylight,Truck/Tempo,Rash/careless driving,Grievous,0,3
PN202100405,2021-01-07,2021,1,Tue,9,09:40,18.495893,73.944347,Saswad Road,Highway,60,Junction,Clear,Daylight,Car,Over-speeding,Minor,0,2
PN202101561,2021-01-07,2021,1,Tue,19,19:15,18.603169,73.75331,Highway bypass,Arterial,20,Mid-block,Clear,Dark - lit,Pedestrian,Other,Grievous,0,3
PN202100202,2021-01-07,2021,1,Tue,20,20:16,18.484596,73.953486,Saswad Road,Highway,60,Junction,Clear,Dark - unlit,Pedestrian,Over-speeding,Fatal,1,2
PN202103803,2021-01-07,2021,1,Tue,20,20:54,18.530205,73.875053,Raja Bahadur Mill Marg,Highway,60,Mid-block,Clear,Dark - unlit,Two-wheeler,Over-speeding,Fatal,1,2
PN202101812,2021-01-07,2021,1,Tue,23,23:52,18.554259,73.801699,Gopal Hari Deshmukh Marg,Arterial,50,Mid-block,Clear,Dark - unlit,Pedestrian,Drunk driving,Fatal,1,1
PN202102514,2021-01-08,2021,1,Wed,18,18:30,18.532031,73.882712,Nathan Road,Local,30,Mid-block,Clear,Dusk/Dawn,Pedestrian,Signal jumping,Grievous,0,3
PN202102867,2021-01-08,2021,1,Wed,21,21:44,18.520519,73.978377,(unnamed road),Local,30,Mid-block,Cloudy,Dark - unlit,Auto-rickshaw,Over-speeding,Grievous,0,3
PN202102444,2021-01-09,2021,1,Thu,2,02:12,18.611783,73.791938,(unnamed road),Local,30,Junction,Clear,Dark - lit,Two-wheeler,Over-speeding,Minor,0,1
PN202103601,2021-01-09,2021,1,Thu,5,05:46,18.591736,74.001421,(unnamed road),Local,30,Junction,Clear,Dark - lit,Two-wheeler,Rash/careless driving,Grievous,0,1
PN202101521,2021-01-10,2021,1,Fri,6,06:33,18.62349,73.982933,(unnamed road),Collector,40,Junction,Clear,Dusk/Dawn,Two-wheeler,Over-speeding,Grievous,0,3
PN202103298,2021-01-10,2021,1,Fri,20,20:07,18.506614,73.887013,Solapur Road,Highway,60,Mid-block,Clear,Dark - unlit,Truck/Tempo,Over-speeding,Fatal,1,0
PN202102118,2021-01-11,2021,1,Sat,4,04:28,18.650093,73.762708,Ravet Village Road,Arterial,50,Mid-block,Mist/Fog,Dark - lit,Two-wheeler,Other,Minor,0,1
PN202101400,2021-01-11,2021,1,Sat,9,09:25,18.651396,73.849905,Pune Nashik Road,Highway,60,Mid-block,Clear,Daylight,Two-wheeler,Pothole/road condition,Grievous,0,3
PN202100926,2021-01-12,2021,1,Sun,0,00:45,18.453738,73.85858,Satara Road,Highway,60,Junction,Cloudy,Dark - unlit,Car,Rash/careless driving,Minor,0,0
PN202100414,2021-01-12,2021,1,Sun,10,10:56,18.507131,73.789359,Ved Bhavan Marg,Collector,40,Junction,Clear,Daylight,Two-wheeler,Rash/careless driving,Minor,0,2
PN202101424,2021-01-12,2021,1,Sun,20,20:32,18.614531,73.764281,(unnamed road),Arterial,40,Mid-block,Cloudy,Dark - unlit,Two-wheeler,Rash/careless driving,Fatal,1,2
PN202103910,2021-01-13,2021,1,Mon,3,03:57,18.624397,73.818752,Yeshwantrao Chavan Road,Collector,40,Mid-block,Mist/Fog,Dark - lit,Two-wheeler,Over-speeding,Grievous,0,1
PN202100455,2021-01-13,2021,1,Mon,11,11:48,18.485064,73.798371,2nd Service Road,Collector,40,Junction,Cloudy,Daylight,Two-wheeler,Over-speeding,Fatal,1,1
PN202101896,2021-01-13,2021,1,Mon,13,13:33,18.502951,73.792444,Katraj - Dehu Road Bypass,Highway,80,Junction,Clear,Daylight,Car,Wrong-side driving,Grievous,0,2
PN202101904,2021-01-13,2021,1,Mon,14,14:54,18.679338,73.84414,Dehu - Alandi Road,Arterial,50,Mid-block,Cloudy,Daylight,Two-wheeler,Mobile phone use,Grievous,0,1
PN202103689,2021-01-14,2021,1,Tue,9,09:55,18.637996,73.767995,Akurdi Chikhali Road,Arterial,60,Mid-block,Clear,Daylight,Car,Over-speeding,Fatal,1,2
PN202100800,2021-01-14,2021,1,Tue,21,21:54,18.609017,73.822668,Bharatratna J.R.D Tata Flyover,Highway,60,Junction,Clear,Dark - unlit,Two-wheeler,Over-speeding,Grievous,0,1
PN202102788,2021-01-15,2021,1,Wed,6,06:28,18.437493,73.976899,(unnamed road),Local,30,Junction,Clear,Dusk/Dawn,Car,Rash/careless driving,Minor,0,2
PN202103924,2021-01-15,2021,1,Wed,10,10:28,18.700457,73.857274,(unnamed road),Collector,40,Junction,Clear,Daylight,Car,Over-speeding,Minor,0,0
PN202103009,2021-01-15,2021,1,Wed,12,12:11,18.583458,73.829969,Dapodi Main Road,Arterial,50,Junction,Cloudy,Daylight,Truck/Tempo,Drunk driving,Minor,0,0
PN202103888,2021-01-15,2021,1,Wed,15,15:34,18.642607,73.737718,Katraj - Dehu Road Bypass,Highway,80,Mid-block,Clear,Daylight,Truck/Tempo,Brake failure/vehicle defect,Fatal,1,2
PN202100855,2021-01-15,2021,1,Wed,19,19:43,18.454473,73.856908,Khashaba Jadhav Path | Lane Number 6,Collector,40,Junction,Clear,Dark - unlit,Car,Over-speeding,Fatal,1,1
PN202100781,2021-01-16,2021,1,Thu,13,13:38,18.459865,73.823281,Katraj - Dehu Road Bypass,Highway,60,Junction,Clear,Daylight,Pedestrian,Pothole/road condition,Minor,0,2
PN202101157,2021-01-16,2021,1,Thu,18,18:17,18.570886,73.764767,Baner Exit Ramp,Arterial,50,Mid-block,Clear,Dusk/Dawn,Pedestrian,Rash/careless driving,Grievous,0,3
PN202103401,2021-01-16,2021,1,Thu,20,20:15,18.594216,74.000312,Nagar Road,Highway,60,Mid-block,Cloudy,Dark - unlit,Car,Over-speeding,Fatal,1,0
PN202100949,2021-01-17,2021,1,Fri,12,12:01,18.490022,74.014913,(unnamed road),Collector,40,Junction,Clear,Daylight,Auto-rickshaw,Over-speeding,Grievous,0,3
PN202102246,2021-01-17,2021,1,Fri,14,14:56,18.655009,73.950586,(unnamed road),Collector,40,Mid-block,Clear,Daylight,Car,Over-speeding,Grievous,0,2
PN202101021,2021-01-17,2021,1,Fri,17,17:31,18.604925,73.752425,Mumbai - Satara Highway,Highway,80,Junction,Clear,Daylight,Two-wheeler,Over-speeding,Fatal,1,1
PN202103630,2021-01-17,2021,1,Fri,20,20:19,18.667719,73.95057,SH58,Arterial,50,Mid-block,Clear,Dark - lit,Two-wheeler,Over-speeding,Grievous,0,3
PN202103014,2021-01-18,2021,1,Sat,2,02:23,18.573771,73.958155,Nagar Road,Highway,60,Mid-block,Clear,Dark - unlit,Truck/Tempo,Drunk driving,Fatal,1,2
PN202100992,2021-01-18,2021,1,Sat,12,12:03,18.501645,73.792068,Katraj - Dehu Road Bypass,Highway,80,Bridge/Slope,Clear,Daylight,Car,Rash/careless driving,Fatal,1,1
PN202102097,2021-01-18,2021,1,Sat,20,20:52,18.483766,73.953827,Saswad Road,Highway,60,Junction,Clear,Dark - unlit,Two-wheeler,Over-speeding,Grievous,0,2
PN202102325,2021-01-18,2021,1,Sat,23,23:26,18.573271,73.693855,Maan Road,Arterial,50,Mid-block,Clear,Dark - lit,Car,Rash/careless driving,Minor,0,2
PN202100815,2021-01-20,2021,1,Mon,14,14:31,18.492087,74.000592,Solapur Road,Highway,60,Junction,Clear,Daylight,Bicycle,Signal jumping,Grievous,0,2
PN202101088,2021-01-20,2021,1,Mon,16,16:34,18.587062,74.006331,Neocity Road,Local,30,Junction,Clear,Daylight,Car,Over-speeding,Minor,0,1
PN202100724,2021-01-21,2021,1,Tue,1,01:22,18.549623,73.936909,Kharadi Bypass,Highway,60,Junction,Cloudy,Dark - unlit,Auto-rickshaw,Over-speeding,Minor,0,1
PN202103696,2021-01-21,2021,1,Tue,9,09:00,18.455855,73.934026,NH548DD,Highway,60,Mid-block,Clear,Daylight,Auto-rickshaw,Over-speeding,Grievous,0,1
PN202102036,2021-01-21,2021,1,Tue,18,18:07,18.445316,73.830328,(unnamed road),Local,30,Junction,Clear,Dusk/Dawn,Two-wheeler,Mobile phone use,Minor,0,0
PN202102265,2021-01-21,2021,1,Tue,18,18:58,18.582423,74.008,(unnamed road),Local,30,Junction,Cloudy,Dusk/Dawn,Pedestrian,Mobile phone use,Grievous,0,2
PN202100789,2021-01-23,2021,1,Thu,15,15:47,18.44418,73.836835,Katraj - Dehu Road Bypass,Highway,85,Bridge/Slope,Cloudy,Daylight,Pedestrian,Mobile phone use,Fatal,1,2
PN202103123,2021-01-24,2021,1,Fri,20,20:14,18.511632,73.771595,Service Rd,Collector,40,Junction,Clear,Dark - lit,Two-wheeler,Wrong-side driving,Grievous,0,2
PN202101317,2021-01-24,2021,1,Fri,20,20:55,18.584695,73.782505,(unnamed road),Local,30,Junction,Clear,Dark - lit,Two-wheeler,Over-speeding,Grievous,0,1
PN202103376,2021-01-25,2021,1,Sat,4,04:31,18.529799,73.851509,Bankimchandra Chatopadhyay Path,Highway,60,Junction,Clear,Dark - unlit,Bus,Wrong-side driving,Grievous,0,3
PN202101640,2021-01-25,2021,1,Sat,13,13:30,18.647171,73.814427,Nigdi Bhosari Road,Arterial,50,Mid-block,Clear,Daylight,Car,Over-speeding,Fatal,1,1
PN202102683,2021-01-25,2021,1,Sat,20,20:39,18.537964,73.861101,(unnamed road),Local,30,Junction,Clear,Dark - unlit,Two-wheeler,Over-speeding,Fatal,1,2
PN202101378,2021-01-26,2021,1,Sun,22,22:10,18.632854,73.95979,(unnamed road),Local,30,Mid-block,Clear,Dark - lit,Two-wheeler,Other,Minor,0,2
PN202102163,2021-01-27,2021,1,Mon,11,11:15,18.597196,73.774013,Kaspate Vasti Road,Arterial,50,Junction,Clear,Daylight,Two-wheeler,Rash/careless driving,Minor,0,0
PN202101646,2021-01-27,2021,1,Mon,18,18:22,18.511051,73.939077,Ramchandra Sakure Marg,Collector,40,Mid-block,Clear,Dusk/Dawn,Bus,Other,Minor,0,0
PN202103184,2021-01-28,2021,1,Tue,10,10:09,18.441429,73.852748,(unnamed road),Local,30,Junction,Clear,Daylight,Car,Over-speeding,Minor,0,1
PN202100954,2021-01-28,2021,1,Tue,10,10:42,18.453386,73.82859,Katraj - Dehu Road Bypass,Highway,85,Bridge/Slope,Clear,Daylight,Two-wheeler,Over-speeding,Fatal,1,1
PN202103729,2021-02-01,2021,2,Sat,1,01:54,18.657267,73.828976,Spine Road,Collector,40,Mid-block,Clear,Dark - unlit,Auto-rickshaw,Wrong-side driving,Grievous,0,3
PN202100792,2021-02-01,2021,2,Sat,2,02:20,18.486024,73.953761,Fursungi Bhekrai Road,Collector,40,Junction,Clear,Dark - lit,Two-wheeler,Rash/careless driving,Minor,0,0
PN202101983,2021-02-01,2021,2,Sat,23,23:05,18.490997,74.007822,(unnamed road),Local,30,Junction,Clear,Dark - lit,Pedestrian,Drunk driving,Fatal,1,2
PN202102213,2021-02-02,2021,2,Sun,8,08:31,18.467108,73.765346,(unnamed road),Collector,40,Junction,Clear,Daylight,Pedestrian,Over-speeding,Minor,0,0
PN202102570,2021-02-02,2021,2,Sun,14,14:32,18.496092,73.928142,(unnamed road),Local,30,Mid-block,Clear,Daylight,Two-wheeler,Wrong-side driving,Minor,0,0
PN202101711,2021-02-02,2021,2,Sun,17,17:33,18.550855,73.86757,Deccan College Road,Arterial,50,Mid-block,Clear,Daylight,Two-wheeler,Drunk driving,Fatal,1,2
PN202103018,2021-02-03,2021,2,Mon,17,17:01,18.424881,73.877704,(unnamed road),Local,30,Junction,Clear,Daylight,Two-wheeler,Rash/careless driving,Minor,0,2
PN202102898,2021-02-04,2021,2,Tue,9,09:40,18.644611,73.775808,Krantisinha Nana Patil Road,Arterial,50,Mid-block,Cloudy,Daylight,Two-wheeler,Over-speeding,Minor,0,1
PN202100359,2021-02-04,2021,2,Tue,21,21:36,18.563396,73.933135,Nagar Road,Highway,60,Junction,Clear,Dark - unlit,Two-wheeler,Over-speeding,Fatal,1,2
PN202102976,2021-02-05,2021,2,Wed,18,18:00,18.582988,73.995823,(unnamed road),Local,30,Junction,Clear,Dusk/Dawn,Two-wheeler,Over-speeding,Grievous,0,3
PN202103538,2021-02-05,2021,2,Wed,21,21:31,18.428371,73.980854,Saswad Road,Highway,60,Mid-block,Clear,Dark - unlit,Truck/Tempo,Over-speeding,Fatal,1,1
PN202100734,2021-02-05,2021,2,Wed,23,23:59,18.495992,73.944083,Saswad Road,Highway,60,Mid-block,Clear,Dark - unlit,Car,Drunk driving,Grievous,0,2
PN202102982,2021-02-06,2021,2,Thu,10,10:14,18.634202,73.740987,Katraj - Dehu Road Bypass,Highway,80,Mid-block,Cloudy,Daylight,Car,Over-speeding,Minor,0,0
PN202100683,2021-02-07,2021,2,Fri,5,05:04,18.496456,73.943442,Saswad Road,Highway,60,Junction,Clear,Dark - unlit,Car,Other,Minor,0,2
PN202103204,2021-02-07,2021,2,Fri,20,20:09,18.447942,73.858676,Satara Road,Highway,50,Junction,Cloudy,Dark - unlit,Two-wheeler,Over-speeding,Fatal,1,2
PN202102296,2021-02-07,2021,2,Fri,23,23:28,18.47024,73.820446,Sinhagad Road Flyover,Arterial,50,Mid-block,Clear,Dark - unlit,Truck/Tempo,Drunk driving,Fatal,1,0
PN202102400,2021-02-08,2021,2,Sat,15,15:35,18.614131,73.779732,Babasaheb Ambedkar Path,Collector,40,Mid-block,Clear,Daylight,Car,Pothole/road condition,Fatal,2,0
PN202103621,2021-02-08,2021,2,Sat,15,15:35,18.474846,73.799461,(unnamed road),Collector,40,Junction,Clear,Daylight,Two-wheeler,Over-speeding,Fatal,1,2
PN202102942,2021-02-08,2021,2,Sat,23,23:45,18.647891,73.806145,Chatrapati Rajarshi Shahu Maharaj Flyover,Arterial,50,Mid-block,Clear,Dark - lit,Two-wheeler,Drunk driving,Grievous,0,2
PN202100050,2021-02-09,2021,2,Sun,12,12:08,18.605287,73.752592,Highway bypass,Arterial,20,Junction,Clear,Daylight,Bus,Over-speeding,Grievous,0,3
PN202100160,2021-02-09,2021,2,Sun,12,12:47,18.56518,73.914721,Viman Nagar Road,Collector,40,Junction,Clear,Daylight,Car,Over-speeding,Grievous,0,2
PN202100457,2021-02-10,2021,2,Mon,8,08:17,18.502132,73.792183,Katraj - Dehu Road Bypass,Highway,80,Bridge/Slope,Clear,Daylight,Truck/Tempo,Signal jumping,Fatal,1,2
PN202101044,2021-02-10,2021,2,Mon,13,13:54,18.638571,73.85109,(unnamed road),Local,30,Mid-block,Clear,Daylight,Two-wheeler,Over-speeding,Minor,0,1
PN202102728,2021-02-10,2021,2,Mon,17,17:18,18.500086,73.858534,(unnamed road),Highway,40,Junction,Clear,Daylight,Pedestrian,Other,Minor,0,0
PN202102137,2021-02-11,2021,2,Tue,3,03:37,18.595402,73.721258,Hinjawadi Phase 2 Road,Arterial,50,Mid-block,Clear,Dark - unlit,Car,Wrong-side driving,Grievous,0,1
PN202102613,2021-02-12,2021,2,Wed,7,07:52,18.622859,73.858633,(unnamed road),Local,30,Junction,Clear,Daylight,Two-wheeler,Rash/careless driving,Minor,0,0
PN202103901,2021-02-12,2021,2,Wed,23,23:45,18.570453,73.9528,Nagar Road,Highway,60,Mid-block,Cloudy,Dark - unlit,Car,Over-speeding,Grievous,0,3
PN202103033,2021-02-13,2021,2,Thu,9,09:14,18.522118,73.909545,BG Shirke Road,Collector,23,Junction,Clear,Daylight,Bicycle,Mobile phone use,Grievous,0,2
PN202101070,2021-02-13,2021,2,Thu,13,13:22,18.48998,73.899356,(unnamed road),Local,30,Junction,Clear,Daylight,Two-wheeler,Over-speeding,Grievous,0,3
PN202103319,2021-02-13,2021,2,Thu,13,13:30,18.530219,73.734322,FLAME University Path,Collector,30,Mid-block,Clear,Daylight,Two-wheeler,Signal jumping,Grievous,0,3
PN202101195,2021-02-14,2021,2,Fri,11,11:56,18.562568,73.852394,Khadki Bazar-Vishrantwadi Road,Collector,40,Junction,Clear,Daylight,Truck/Tempo,Over-speeding,Minor,0,0
PN202103611,2021-02-14,2021,2,Fri,18,18:07,18.628813,73.811277,Kharalwadi Road,Local,30,Mid-block,Cloudy,Dusk/Dawn,Two-wheeler,Over-speeding,Grievous,0,3
PN202102973,2021-02-14,2021,2,Fri,20,20:02,18.525489,73.772211,(unnamed road),Collector,40,Mid-block,Clear,Dark - lit,Car,Over-speeding,Grievous,0,1
PN202102267,2021-02-15,2021,2,Sat,4,04:33,18.592553,73.749026,New Wakad - Hinjawadi Link Road,Arterial,50,Mid-block,Clear,Dark - lit,Pedestrian,Over-speeding,Fatal,1,2
PN202102704,2021-02-16,2021,2,Sun,13,13:35,18.446558,73.8177,(unnamed road),Local,30,Junction,Clear,Daylight,Auto-rickshaw,Over-speeding,Grievous,0,2
PN202101883,2021-02-16,2021,2,Sun,16,16:46,18.660724,73.812568,Chikhali - Kaspate Vasti BRTS Road Chikali Road,Arterial,50,Junction,Clear,Daylight,Two-wheeler,Pothole/road condition,Fatal,1,1
PN202103614,2021-02-16,2021,2,Sun,18,18:43,18.547887,73.924186,Ganesh Nagar Road,Collector,40,Junction,Clear,Dusk/Dawn,Car,Rash/careless driving,Grievous,0,1
PN202101620,2021-02-17,2021,2,Mon,12,12:37,18.655538,73.839575,RTO Link Road,Arterial,50,Mid-block,Clear,Daylight,Two-wheeler,Over-speeding,Grievous,0,3
PN202101723,2021-02-17,2021,2,Mon,14,14:04,18.645648,73.769888,(unnamed road),Arterial,50,Mid-block,Clear,Daylight,Truck/Tempo,Rash/careless driving,Grievous,0,2
PN202103558,2021-02-17,2021,2,Mon,15,15:46,18.444756,73.854299,(unnamed road),Local,30,Junction,Clear,Daylight,Two-wheeler,Over-speeding,Grievous,0,3
PN202100814,2021-02-17,2021,2,Mon,19,19:26,18.443276,73.837563,Katraj - Dehu Road Bypass,Highway,85,Bridge/Slope,Clear,Dark - unlit,Car,Over-speeding,Fatal,1,1
PN202100016,2021-02-18,2021,2,Tue,20,20:21,18.533903,73.929518,Mundhwa Road,Arterial,40,Bridge/Slope,Cloudy,Dark - unlit,Two-wheeler,Over-speeding,Fatal,2,2
PN202102363,2021-02-18,2021,2,Tue,23,23:42,18.472368,73.923074,(unnamed road),Local,30,Junction,Clear,Dark - unlit,Pedestrian,Over-speeding,Minor,0,1
PN202102270,2021-02-19,2021,2,Wed,2,02:26,18.518699,73.768976,Katraj - Dehu Road Bypass,Highway,80,Mid-block,Clear,Dark - unlit,Auto-rickshaw,Mobile phone use,Minor,0,1
PN202101194,2021-02-20,2021,2,Thu,9,09:41,18.607524,73.772357,(unnamed road),Collector,40,Junction,Clear,Daylight,Car,Over-speeding,Grievous,0,3
PN202103397,2021-02-20,2021,2,Thu,20,20:33,18.506597,73.900548,Solapur Road,Highway,60,Junction,Clear,Dark - unlit,Two-wheeler,Over-speeding,Fatal,1,2
PN202101761,2021-02-21,2021,2,Fri,10,10:10,18.487152,73.79606,Katraj - Dehu Road Bypass,Highway,80,Mid-block,Clear,Daylight,Car,Over-speeding,Fatal,1,1
PN202102176,2021-02-22,2021,2,Sat,8,08:23,18.675046,73.882794,Dehu - Alandi Road,Arterial,50,Mid-block,Clear,Daylight,Auto-rickshaw,Over-speeding,Grievous,0,3
PN202103747,2021-02-22,2021,2,Sat,15,15:55,18.436504,73.755649,SH59,Arterial,50,Mid-block,Cloudy,Daylight,Bus,Over-speeding,Fatal,3,2
PN202101262,2021-02-22,2021,2,Sat,18,18:49,18.557877,73.89614,South Street,Collector,40,Junction,Clear,Dusk/Dawn,Truck/Tempo,Wrong-side driving,Minor,0,1
PN202102876,2021-02-22,2021,2,Sat,23,23:11,18.616548,74.019864,NH753F,Highway,60,Mid-block,Cloudy,Dark - unlit,Two-wheeler,Over-speeding,Fatal,1,2
PN202102666,2021-02-23,2021,2,Sun,7,07:35,18.658526,73.733832,Aundh-Ravet Road,Arterial,50,Mid-block,Clear,Daylight,Two-wheeler,Signal jumping,Minor,0,2
PN202100113,2021-02-24,2021,2,Mon,8,08:09,18.50234,73.917389,Dr Helenkelar Path,Collector,40,Junction,Clear,Daylight,Auto-rickshaw,Over-speeding,Minor,0,0
PN202100906,2021-02-24,2021,2,Mon,14,14:27,18.45563,73.858545,Satara Road,Highway,60,Junction,Clear,Daylight,Truck/Tempo,Over-speeding,Fatal,2,2
PN202101188,2021-02-25,2021,2,Tue,11,11:44,18.50882,73.907018,Bhagwan Tatyasaheb Kawade Marg,Collector,50,Mid-block,Clear,Daylight,Two-wheeler,Other,Grievous,0,2
PN202102565,2021-02-25,2021,2,Tue,18,18:19,18.535358,73.780534,Katraj - Dehu Road Bypass,Highway,80,Mid-block,Clear,Dusk/Dawn,Bus,Rash/careless driving,Grievous,0,1
PN202100974,2021-02-25,2021,2,Tue,18,18:39,18.578229,73.907428,(unnamed road),Arterial,50,Junction,Clear,Dusk/Dawn,Pedestrian,Over-speeding,Fatal,1,1
PN202103915,2021-02-26,2021,2,Wed,16,16:36,18.557926,73.987458,Manjari - Wagholi Road,Arterial,50,Mid-block,Clear,Daylight,Two-wheeler,Rash/careless driving,Grievous,0,1
PN202102028,2021-02-27,2021,2,Thu,9,09:54,18.451206,73.886524,Katraj Bypass Road | Katraj - Kondhwa Road,Highway,60,Mid-block,Clear,Daylight,Two-wheeler,Pothole/road condition,Grievous,0,1
PN202100483,2021-02-27,2021,2,Thu,13,13:01,18.459995,73.823154,Katraj - Dehu Road Bypass,Highway,60,Junction,Clear,Daylight,Two-wheeler,Pothole/road condition,Fatal,1,2
PN202103323,2021-02-27,2021,2,Thu,15,15:22,18.492808,73.995406,Solapur Road,Highway,60,Mid-block,Clear,Daylight,Auto-rickshaw,Over-speeding,Fatal,1,2
PN202103851,2021-02-27,2021,2,Thu,19,19:08,18.635962,73.844061,(unnamed road),Arterial,50,Junction,Clear,Dark - lit,Pedestrian,Other,Fatal,1,0
PN202100356,2021-02-28,2021,2,Fri,14,14:19,18.454315,73.827635,Katraj - Dehu Road Bypass,Highway,85,Bridge/Slope,Cloudy,Daylight,Truck/Tempo,Over-speeding,Grievous,0,3
PN202102653,2021-02-28,2021,2,Fri,14,14:36,18.508789,73.958741,Hadapsar - Manjari Road,Arterial,50,Junction,Clear,Daylight,Pedestrian,Over-speeding,Minor,0,2
PN202103021,2021-02-28,2021,2,Fri,15,15:25,18.488561,73.944879,(unnamed road),Local,30,Mid-block,Clear,Daylight,Pedestrian,Over-speeding,Minor,0,2
PN202101456,2021-02-28,2021,2,Fri,20,20:43,18.563114,73.776704,Baner - Balewadi Road,Collector,40,Mid-block,Clear,Dark - unlit,Auto-rickshaw,Rash/careless driving,Minor,0,2
PN202101350,2021-02-28,2021,2,Fri,22,22:19,18.595006,73.958828,(unnamed road),Collector,40,Junction,Cloudy,Dark - unlit,Car,Wrong-side driving,Minor,0,0
PN202101691,2021-03-01,2021,3,Tue,13,13:10,18.645562,73.880221,Sant Dyaneshwar Marg Flyover,Arterial,50,Mid-block,Clear,Daylight,Bus,Over-speeding,Minor,0,2
PN202102826,2021-03-02,2021,3,Wed,5,05:48,18.594908,73.765422,Rambhau Kalate path,Arterial,50,Junction,Clear,Dark - lit,Truck/Tempo,Over-speeding,Minor,0,0
PN202103641,2021-03-02,2021,3,Wed,10,10:42,18.565238,73.817489,(unnamed road),Collector,40,Mid-block,Clear,Daylight,Car,Over-speeding,Grievous,0,2
PN202101831,2021-03-02,2021,3,Wed,17,17:40,18.461752,73.820769,Katraj - Dehu Road Bypass,Highway,60,Junction,Clear,Daylight,Car,Over-speeding,Minor,0,2
PN202103462,2021-03-02,2021,3,Wed,20,20:13,18.459717,73.908148,Link Road Undrigaon,Collector,40,Mid-block,Clear,Dark - lit,Two-wheeler,Over-speeding,Minor,0,2
PN202103648,2021-03-03,2021,3,Thu,2,02:24,18.616763,73.871143,Banacha Odha-Dighi Road,Collector,40,Junction,Clear,Dark - lit,Two-wheeler,Pothole/road condition,Grievous,0,1
PN202103726,2021-03-03,2021,3,Thu,10,10:32,18.565094,73.908616,Viman Nagar Road,Collector,40,Junction,Clear,Daylight,Two-wheeler,Over-speeding,Grievous,0,1
PN202100305,2021-03-03,2021,3,Thu,21,21:56,18.578156,73.90762,Airport Road,Arterial,50,Junction,Clear,Dark - lit,Two-wheeler,Over-speeding,Grievous,0,2
PN202101533,2021-03-03,2021,3,Thu,23,23:21,18.578568,73.738963,Blue Ridge Approach Road,Collector,30,Junction,Clear,Dark - lit,Two-wheeler,Over-speeding,Grievous,0,2
PN202100155,2021-03-04,2021,3,Fri,12,12:30,18.557891,73.945774,(unnamed road),Collector,40,Junction,Clear,Daylight,Two-wheeler,Other,Grievous,0,2
PN202100157,2021-03-04,2021,3,Fri,12,12:58,18.460588,73.822316,Katraj - Dehu Road Bypass,Highway,60,Bridge/Slope,Clear,Daylight,Bicycle,Signal jumping,Fatal,1,2
PN202102891,2021-03-04,2021,3,Fri,16,16:51,18.647369,73.845706,Spine Road,Arterial,50,Junction,Cloudy,Daylight,Pedestrian,Over-speeding,Fatal,1,2
PN202103868,2021-03-05,2021,3,Sat,1,01:45,18.402557,73.85572,Katraj Ghat,Highway,50,Mid-block,Clear,Dark - unlit,Pedestrian,Mobile phone use,Minor,0,0
PN202102959,2021-03-05,2021,3,Sat,5,05:40,18.612983,73.817146,Old Mumbai Pune Highway,Highway,80,Mid-block,Clear,Dark - unlit,Two-wheeler,Other,Minor,0,2
PN202101638,2021-03-05,2021,3,Sat,11,11:04,18.498242,73.713779,Paud Road,Arterial,50,Mid-block,Clear,Daylight,Two-wheeler,Over-speeding,Fatal,1,0
PN202100574,2021-03-05,2021,3,Sat,11,11:39,18.610281,73.819647,(unnamed road),Arterial,40,Junction,Clear,Daylight,Car,Rash/careless driving,Minor,0,1
PN202101852,2021-03-05,2021,3,Sat,12,12:40,18.674577,73.899982,(unnamed road),Local,30,Junction,Clear,Daylight,Two-wheeler,Mobile phone use,Minor,0,1
PN202101399,2021-03-08,2021,3,Tue,6,06:22,18.634151,73.773373,Vrindavan Nagar,Local,30,Mid-block,Clear,Dusk/Dawn,Two-wheeler,Over-speeding,Minor,0,2
PN202103148,2021-03-08,2021,3,Tue,10,10:00,18.678391,73.734038,Dehu Road Flyover,Highway,60,Mid-block,Clear,Daylight,Car,Rash/careless driving,Grievous,0,1
PN202101305,2021-03-08,2021,3,Tue,10,10:21,18.658261,73.731381,Gramdaivat Shree Bapdev Maharaj Flyover,Highway,80,Mid-block,Clear,Daylight,Truck/Tempo,Over-speeding,Grievous,0,2
PN202103224,2021-03-08,2021,3,Tue,16,16:34,18.421311,73.738791,SH59,Arterial,50,Mid-block,Clear,Daylight,Car,Brake failure/vehicle defect,Grievous,0,3
PN202100635,2021-03-08,2021,3,Tue,22,22:15,18.502833,73.792416,Katraj - Dehu Road Bypass,Highway,80,Junction,Clear,Dark - unlit,Bicycle,Over-speeding,Fatal,1,2
PN202101094,2021-03-12,2021,3,Sat,3,03:03,18.450795,73.883487,Katraj Bypass Road | Katraj - Kondhwa Road,Highway,60,Mid-block,Clear,Dark - unlit,Pedestrian,Over-speeding,Fatal,1,0
PN202103677,2021-03-13,2021,3,Sun,10,10:33,18.492047,73.781086,NDA Road,Collector,27,Junction,Clear,Daylight,Pedestrian,Rash/careless driving,Minor,0,2
PN202102551,2021-03-14,2021,3,Mon,11,11:59,18.594231,74.013762,(unnamed road),Local,30,Junction,Clear,Daylight,Pedestrian,Rash/careless driving,Minor,0,0
PN202101019,2021-03-14,2021,3,Mon,18,18:23,18.483745,73.800494,Warje Exit,Collector,30,Junction,Clear,Dusk/Dawn,Two-wheeler,Rash/careless driving,Minor,0,1
PN202100522,2021-03-14,2021,3,Mon,23,23:22,18.609562,73.819094,Kasarwadi - Pimple Gurav Road,Arterial,50,Junction,Clear,Dark - lit,Two-wheeler,Over-speeding,Fatal,2,1
PN202101871,2021-03-16,2021,3,Wed,19,19:29,18.642484,73.878042,Alandi Road,Collector,40,Mid-block,Clear,Dark - lit,Truck/Tempo,Over-speeding,Fatal,2,2
PN202102998,2021-03-16,2021,3,Wed,21,21:26,18.682839,73.77719,(unnamed road),Collector,40,Mid-block,Clear,Dark - lit,Two-wheeler,Over-speeding,Minor,0,2
PN202101283,2021-03-17,2021,3,Thu,20,20:05,18.679119,73.867956,Dehu - Alandi Road,Arterial,50,Junction,Clear,Dark - lit,Two-wheeler,Over-speeding,Grievous,0,3
PN202102110,2021-03-18,2021,3,Fri,1,01:42,18.418224,73.847195,Katraj - Dehu Road Bypass,Highway,80,Mid-block,Clear,Dark - unlit,Two-wheeler,Rash/careless driving,Minor,0,1
PN202102993,2021-03-18,2021,3,Fri,2,02:42,18.558026,73.792861,Gopal Hari Deshmukh Marg,Arterial,80,Mid-block,Clear,Dark - lit,Two-wheeler,Other,Grievous,0,1
PN202103510,2021-03-19,2021,3,Sat,16,16:13,18.466751,73.963474,(unnamed road),Local,30,Junction,Clear,Daylight,Two-wheeler,Over-speeding,Minor,0,0
PN202101725,2021-03-19,2021,3,Sat,17,17:37,18.46807,73.848494,(unnamed road),Local,30,Mid-block,Clear,Daylight,Two-wheeler,Over-speeding,Minor,0,0
PN202103156,2021-03-19,2021,3,Sat,21,21:30,18.505372,73.807741,Nanasaheb Sutar Path,Collector,40,Mid-block,Clear,Dark - unlit,Pedestrian,Over-speeding,Grievous,0,2
PN202103429,2021-03-20,2021,3,Sun,0,00:24,18.49201,74.001136,Solapur Road,Highway,60,Mid-block,Clear,Dark - unlit,Truck/Tempo,Over-speeding,Grievous,0,2
PN202100244,2021-03-20,2021,3,Sun,23,23:53,18.50129,73.79184,Katraj - Dehu Road Bypass,Highway,80,Bridge/Slope,Clear,Dark - unlit,Bus,Over-speeding,Fatal,2,2
PN202101552,2021-03-21,2021,3,Mon,11,11:33,18.575711,73.83093,Bopodi-Dapodi Road,Collector,40,Junction,Clear,Daylight,Truck/Tempo,Other,Minor,0,2
PN202103623,2021-03-21,2021,3,Mon,14,14:52,18.578441,73.893648,(unnamed road),Collector,40,Junction,Clear,Daylight,Bicycle,Over-speeding,Grievous,0,3
PN202101357,2021-03-22,2021,3,Tue,12,12:18,18.621504,74.026646,NH753F,Highway,60,Mid-block,Clear,Daylight,Auto-rickshaw,Over-speeding,Grievous,0,1
PN202102218,2021-03-23,2021,3,Wed,8,08:57,18.54849,73.768332,Sus Road,Arterial,50,Junction,Clear,Daylight,Car,Signal jumping,Minor,0,1
PN202101370,2021-03-24,2021,3,Thu,1,01:40,18.577017,73.968597,Nagar Road,Highway,60,Junction,Cloudy,Dark - unlit,Truck/Tempo,Brake failure/vehicle defect,Fatal,2,1
PN202100187,2021-03-24,2021,3,Thu,9,09:44,18.565116,73.911867,Viman Nagar Road,Collector,40,Junction,Clear,Daylight,Two-wheeler,Over-speeding,Fatal,2,2
PN202103346,2021-03-24,2021,3,Thu,9,09:44,18.561581,73.892211,National Games Marg,Arterial,50,Junction,Cloudy,Daylight,Two-wheeler,Brake failure/vehicle defect,Minor,0,2
PN202101341,2021-03-25,2021,3,Fri,10,10:42,18.676601,73.821915,Sawatha Mali Temple Road,Collector,40,Mid-block,Clear,Daylight,Two-wheeler,Over-speeding,Minor,0,2
PN202100343,2021-03-25,2021,3,Fri,11,11:34,18.500936,73.936327,Solapur Road,Arterial,50,Junction,Clear,Daylight,Bus,Rash/careless driving,Fatal,2,1
PN202102132,2021-03-25,2021,3,Fri,12,12:16,18.545643,73.930584,Old Mundhwa Road,Collector,40,Junction,Clear,Daylight,Bicycle,Over-speeding,Fatal,1,2
PN202100997,2021-03-25,2021,3,Fri,19,19:17,18.484448,73.953548,Saswad Road,Highway,60,Junction,Clear,Dark - unlit,Bicycle,Over-speeding,Fatal,1,1
PN202100753,2021-03-26,2021,3,Sat,14,14:48,18.453755,73.828279,Katraj - Dehu Road Bypass,Highway,85,Bridge/Slope,Clear,Daylight,Bus,Over-speeding,Fatal,1,2
PN202102854,2021-03-27,2021,3,Sun,11,11:23,18.625241,73.775731,Aditya Birla Hospital Marg,Arterial,50,Mid-block,Clear,Daylight,Car,Over-speeding,Grievous,0,2
PN202100294,2021-03-28,2021,3,Mon,4,04:19,18.458939,73.825297,Katraj - Dehu Road Bypass,Highway,60,Junction,Clear,Dark - unlit,Truck/Tempo,Rash/careless driving,Fatal,2,2
PN202101764,2021-03-28,2021,3,Mon,20,20:23,18.638556,73.75778,Ravet - Walhekarwadi Road,Arterial,50,Junction,Clear,Dark - unlit,Two-wheeler,Over-speeding,Fatal,1,1
PN202102364,2021-04-01,2021,4,Fri,9,09:34,18.45746,73.769142,(unnamed road),Local,30,Mid-block,Clear,Daylight,Two-wheeler,Over-speeding,Grievous,0,3
PN202101020,2021-04-01,2021,4,Fri,15,15:51,18.489993,74.015115,(unnamed road),Collector,40,Junction,Cloudy,Daylight,Two-wheeler,Over-speeding,Grievous,0,1
PN202102723,2021-04-01,2021,4,Fri,23,23:26,18.539727,73.780674,Katraj - Dehu Road Bypass,Highway,80,Mid-block,Clear,Dark - unlit,Truck/Tempo,Over-speeding,Fatal,2,2
PN202100314,2021-04-02,2021,4,Sat,4,04:19,18.484844,73.953382,Saswad Road,Highway,60,Junction,Clear,Dark - unlit,Two-wheeler,Pothole/road condition,Fatal,1,2
PN202102937,2021-04-02,2021,4,Sat,19,19:13,18.499411,73.831144,Maai Mangeshkar Path,Collector,40,Junction,Clear,Dark - unlit,Two-wheeler,Over-speeding,Grievous,0,3
PN202103350,2021-04-02,2021,4,Sat,20,20:20,18.576254,73.903794,Sunset Boulevard,Collector,40,Mid-block,Clear,Dark - lit,Two-wheeler,Over-speeding,Grievous,0,2
PN202102312,2021-04-03,2021,4,Sun,4,04:09,18.591664,73.78444,Jagtap Dairy-Wakad Bypass Road,Arterial,50,Mid-block,Clear,Dark - lit,Two-wheeler,Drunk driving,Grievous,0,1
PN202100227,2021-04-04,2021,4,Mon,1,01:02,18.557094,73.944279,(unnamed road),Collector,40,Junction,Clear,Dark - lit,Pedestrian,Brake failure/vehicle defect,Fatal,1,2
PN202102189,2021-04-04,2021,4,Mon,11,11:18,18.480223,73.831742,New Canal Road,Collector,40,Mid-block,Clear,Daylight,Truck/Tempo,Over-speeding,Grievous,0,1
PN202102231,2021-04-04,2021,4,Mon,15,15:55,18.569399,73.879243,Sant Dyaneshwar Marg,Arterial,50,Mid-block,Clear,Daylight,Two-wheeler,Over-speeding,Grievous,0,1
PN202101713,2021-04-04,2021,4,Mon,20,20:25,18.548872,73.851128,Old Pune–Mumbai Highway,Highway,60,Junction,Clear,Dark - unlit,Two-wheeler,Rash/careless driving,Fatal,1,1
PN202102766,2021-04-05,2021,4,Tue,6,06:56,18.509211,73.774956,Katraj - Dehu Road Bypass,Highway,80,Mid-block,Clear,Dusk/Dawn,Two-wheeler,Over-speeding,Grievous,0,2
PN202101160,2021-04-05,2021,4,Tue,12,12:14,18.663777,73.771644,(unnamed road),Highway,40,Junction,Cloudy,Daylight,Truck/Tempo,Over-speeding,Fatal,1,2
PN202100288,2021-04-05,2021,4,Tue,17,17:12,18.430855,73.840417,Ambegaon Viaduct,Highway,75,Bridge/Slope,Clear,Daylight,Truck/Tempo,Over-speeding,Fatal,1,0
PN202101286,2021-04-06,2021,4,Wed,13,13:21,18.712243,73.761353,Old Pune Mumbai Highway-Dehu Gaon Road,Arterial,50,Mid-block,Clear,Daylight,Car,Over-speeding,Grievous,0,1
PN202102769,2021-04-06,2021,4,Wed,20,20:11,18.451188,73.830295,Katraj - Dehu Road Bypass,Highway,85,Mid-block,Clear,Dark - unlit,Bus,Over-speeding,Minor,0,0
PN202103879,2021-04-07,2021,4,Thu,11,11:49,18.552953,73.87977,Loop Road,Arterial,50,Junction,Clear,Daylight,Bus,Over-speeding,Fatal,2,1
PN202100082,2021-04-08,2021,4,Fri,6,06:41,18.460357,73.822653,Katraj - Dehu Road Bypass,Highway,60,Bridge/Slope,Clear,Dusk/Dawn,Car,Rash/careless driving,Minor,0,1
PN202102863,2021-04-08,2021,4,Fri,15,15:03,18.548629,73.871278,Deccan College Road,Arterial,50,Junction,Clear,Daylight,Two-wheeler,Rash/careless driving,Grievous,0,2
PN202103230,2021-04-08,2021,4,Fri,17,17:09,18.670281,73.990193,SH58,Arterial,50,Mid-block,Clear,Daylight,Two-wheeler,Over-speeding,Minor,0,1
PN202100316,2021-04-08,2021,4,Fri,23,23:01,18.556752,73.946841,Fountain Road,Collector,40,Junction,Clear,Dark - lit,Bicycle,Over-speeding,Grievous,0,1
PN202101903,2021-04-09,2021,4,Sat,19,19:40,18.534684,73.711382,(unnamed road),Collector,30,Mid-block,Cloudy,Dark - lit,Two-wheeler,Wrong-side driving,Fatal,1,2
PN202101862,2021-04-10,2021,4,Sun,17,17:17,18.579384,73.785642,New DP Road,Arterial,50,Junction,Clear,Daylight,Two-wheeler,Over-speeding,Grievous,0,1
PN202101879,2021-04-10,2021,4,Sun,17,17:53,18.658777,73.792035,Chikhali-Akurdi Road,Arterial,50,Mid-block,Clear,Daylight,Two-wheeler,Signal jumping,Minor,0,2
PN202100286,2021-04-11,2021,4,Mon,11,11:48,18.50084,73.937259,Solapur Road,Arterial,50,Junction,Cloudy,Daylight,Car,Over-speeding,Grievous,0,1
PN202101543,2021-04-11,2021,4,Mon,18,18:10,18.616192,73.922516,(unnamed road),Local,30,Mid-block,Clear,Dusk/Dawn,Bicycle,Wrong-side driving,Minor,0,1
PN202103176,2021-04-11,2021,4,Mon,23,23:22,18.609653,73.751412,Bhumkar Chowk Road,Collector,40,Junction,Clear,Dark - lit,Truck/Tempo,Over-speeding,Minor,0,1
PN202103894,2021-04-13,2021,4,Wed,10,10:31,18.582655,73.732999,(unnamed road),Collector,20,Junction,Clear,Daylight,Pedestrian,Over-speeding,Grievous,0,3
PN202102358,2021-04-13,2021,4,Wed,21,21:12,18.559079,73.809043,ITI Road,Arterial,30,Junction,Clear,Dark - unlit,Two-wheeler,Signal jumping,Fatal,2,0
PN202103100,2021-04-14,2021,4,Thu,12,12:25,18.4411,73.839093,Katraj - Dehu Road Bypass,Highway,85,Mid-block,Clear,Daylight,Two-wheeler,Over-speeding,Fatal,1,1
PN202102446,2021-04-14,2021,4,Thu,16,16:32,18.418975,73.974389,(unnamed road),Local,30,Mid-block,Clear,Daylight,Two-wheeler,Pothole/road condition,Fatal,2,0
PN202100585,2021-04-16,2021,4,Sat,20,20:49,18.454631,73.858729,Satara Road,Highway,60,Junction,Clear,Dark - unlit,Truck/Tempo,Rash/careless driving,Fatal,1,2
PN202101106,2021-04-16,2021,4,Sat,23,23:12,18.538841,73.833387,Ganeshkhind Road,Arterial,50,Mid-block,Clear,Dark - lit,Car,Rash/careless driving,Grievous,0,1
PN202101116,2021-04-17,2021,4,Sun,18,18:09,18.5493,73.893181,Nagar Road,Highway,60,Mid-block,Clear,Dusk/Dawn,Truck/Tempo,Wrong-side driving,Fatal,1,2
PN202100675,2021-04-19,2021,4,Tue,0,00:50,18.430216,73.840924,Katraj - Dehu Road Bypass,Highway,80,Bridge/Slope,Cloudy,Dark - unlit,Car,Other,Fatal,2,2
PN202101252,2021-04-20,2021,4,Wed,11,11:57,18.593338,73.952629,(unnamed road),Local,30,Junction,Clear,Daylight,Two-wheeler,Over-speeding,Fatal,1,1
PN202102233,2021-04-20,2021,4,Wed,13,13:19,18.603022,73.770222,Shri Chatrapati Shivaji Maharaj Road,Arterial,50,Junction,Clear,Daylight,Car,Brake failure/vehicle defect,Fatal,1,1
PN202100933,2021-04-20,2021,4,Wed,18,18:40,18.459638,73.823503,Katraj - Dehu Road Bypass,Highway,60,Junction,Clear,Dusk/Dawn,Auto-rickshaw,Over-speeding,Grievous,0,3
PN202100719,2021-04-23,2021,4,Sat,8,08:48,18.557174,73.944351,(unnamed road),Collector,40,Junction,Clear,Daylight,Bus,Over-speeding,Minor,0,0
PN202103553,2021-04-24,2021,4,Sun,4,04:39,18.576191,73.835528,New Harris Bridge,Arterial,60,Mid-block,Clear,Dark - unlit,Two-wheeler,Over-speeding,Grievous,0,3
PN202101527,2021-04-24,2021,4,Sun,18,18:54,18.516315,73.939006,Ramchandra Sakure Marg,Collector,40,Junction,Clear,Dusk/Dawn,Pedestrian,Over-speeding,Fatal,1,1
PN202101816,2021-04-24,2021,4,Sun,21,21:46,18.673547,73.717808,(unnamed road),Collector,40,Mid-block,Clear,Dark - unlit,Truck/Tempo,Over-speeding,Grievous,0,1
PN202100028,2021-04-24,2021,4,Sun,23,23:12,18.549371,73.936691,Kharadi Bypass,Highway,60,Junction,Clear,Dark - unlit,Car,Rash/careless driving,Minor,0,2
PN202103633,2021-04-25,2021,4,Mon,8,08:30,18.505172,73.954306,Hadapsar - Manjari Road,Arterial,50,Junction,Clear,Daylight,Two-wheeler,Rash/careless driving,Grievous,0,2
PN202100430,2021-04-26,2021,4,Tue,10,10:50,18.443346,73.973701,NH965,Highway,60,Junction,Clear,Daylight,Auto-rickshaw,Over-speeding,Grievous,0,2
PN202102600,2021-04-26,2021,4,Tue,20,20:02,18.524803,73.849466,Jangli Maharaj Path,Arterial,50,Junction,Clear,Dark - lit,Two-wheeler,Rash/careless driving,Minor,0,2
PN202101413,2021-04-27,2021,4,Wed,11,11:42,18.61605,73.907912,(unnamed road),Collector,40,Junction,Clear,Daylight,Two-wheeler,Signal jumping,Grievous,0,2
PN202103749,2021-04-28,2021,4,Thu,19,19:36,18.659573,73.919999,(unnamed road),Local,30,Junction,Clear,Dark - lit,Two-wheeler,Rash/careless driving,Grievous,0,2
PN202103881,2021-05-01,2021,5,Mon,15,15:33,18.453417,73.933135,(unnamed road),Local,30,Junction,Clear,Daylight,Two-wheeler,Over-speeding,Grievous,0,1
PN202103257,2021-05-01,2021,5,Mon,22,22:49,18.566686,73.839154,Old Pune–Mumbai Highway,Highway,60,Junction,Clear,Dark - unlit,Truck/Tempo,Over-speeding,Grievous,0,3
PN202103816,2021-05-02,2021,5,Tue,19,19:58,18.563103,73.885026,(unnamed road),Collector,40,Junction,Clear,Dark - lit,Truck/Tempo,Rash/careless driving,Grievous,0,3
PN202101710,2021-05-04,2021,5,Thu,15,15:04,18.490529,74.020944,(unnamed road),Local,30,Mid-block,Cloudy,Daylight,Auto-rickshaw,Over-speeding,Minor,0,2
PN202103037,2021-05-04,2021,5,Thu,23,23:07,18.474052,73.924124,Mohammadwadi Road,Arterial,50,Junction,Clear,Dark - lit,Two-wheeler,Over-speeding,Fatal,1,1
PN202101125,2021-05-05,2021,5,Fri,11,11:12,18.641013,73.775543,Premlok Park Road,Collector,40,Junction,Clear,Daylight,Pedestrian,Mobile phone use,Grievous,0,2
PN202101497,2021-05-05,2021,5,Fri,14,14:52,18.616314,73.916081,(unnamed road),Local,30,Junction,Clear,Daylight,Two-wheeler,Rash/careless driving,Minor,0,1
PN202103174,2021-05-06,2021,5,Sat,18,18:57,18.60313,73.75268,exit to bhumkar wasti,Arterial,20,Mid-block,Clear,Dusk/Dawn,Auto-rickshaw,Over-speeding,Grievous,0,2
PN202101394,2021-05-06,2021,5,Sat,19,19:24,18.49619,73.805243,(unnamed road),Collector,40,Mid-block,Cloudy,Dark - lit,Truck/Tempo,Wrong-side driving,Fatal,1,0
PN202102536,2021-05-06,2021,5,Sat,23,23:45,18.726868,73.854233,Pune Nashik Road,Highway,60,Mid-block,Clear,Dark - unlit,Truck/Tempo,Rash/careless driving,Grievous,0,1
PN202102895,2021-05-07,2021,5,Sun,13,13:57,18.625768,73.725236,Gaikwad Nagar Road,Local,30,Junction,Clear,Daylight,Two-wheeler,Rash/careless driving,Grievous,0,2
PN202103331,2021-05-07,2021,5,Sun,14,14:41,18.630831,73.822378,(unnamed road),Local,30,Junction,Clear,Daylight,Pedestrian,Over-speeding,Grievous,0,1
PN202103895,2021-05-07,2021,5,Sun,15,15:04,18.546601,73.902151,Central Avenue,Collector,40,Junction,Clear,Daylight,Pedestrian,Over-speeding,Fatal,2,2
PN202101656,2021-05-07,2021,5,Sun,17,17:23,18.625705,73.799214,(unnamed road),Local,30,Junction,Clear,Daylight,Bicycle,Signal jumping,Grievous,0,2
PN202101137,2021-05-07,2021,5,Sun,17,17:59,18.627372,73.782287,Pimpri Chinchwad Link Road,Arterial,50,Junction,Clear,Daylight,Pedestrian,Over-speeding,Grievous,0,1
PN202103191,2021-05-07,2021,5,Sun,21,21:33,18.476331,73.857345,(unnamed road),Collector,40,Junction,Clear,Dark - lit,Pedestrian,Over-speeding,Grievous,0,2
PN202101970,2021-05-08,2021,5,Mon,14,14:56,18.661746,73.827749,(unnamed road),Local,30,Junction,Clear,Daylight,Bicycle,Over-speeding,Grievous,0,3
PN202101186,2021-05-08,2021,5,Mon,19,19:00,18.433289,73.86194,(unnamed road),Local,30,Mid-block,Clear,Dark - unlit,Pedestrian,Rash/careless driving,Minor,0,2
PN202103142,2021-05-08,2021,5,Mon,19,19:10,18.634612,73.798368,Mother Teresa Flyover,Arterial,50,Mid-block,Clear,Dark - unlit,Two-wheeler,Over-speeding,Grievous,0,1
PN202102899,2021-05-08,2021,5,Mon,20,20:13,18.58348,73.72838,(unnamed road),Local,30,Junction,Rain,Dark - lit,Two-wheeler,Over-speeding,Minor,0,0
PN202102579,2021-05-08,2021,5,Mon,20,20:44,18.683219,73.874712,(unnamed road),Local,30,Junction,Clear,Dark - lit,Car,Rash/careless driving,Minor,0,1
PN202100728,2021-05-09,2021,5,Tue,3,03:34,18.500835,73.937311,Solapur Road,Arterial,50,Junction,Clear,Dark - unlit,Two-wheeler,Drunk driving,Fatal,1,0
PN202100114,2021-05-09,2021,5,Tue,14,14:34,18.444588,73.836531,Katraj - Dehu Road Bypass,Highway,85,Bridge/Slope,Cloudy,Daylight,Truck/Tempo,Over-speeding,Minor,0,2
PN202100367,2021-05-09,2021,5,Tue,14,14:42,18.455924,73.858697,Satara Road,Highway,60,Junction,Clear,Daylight,Bus,Over-speeding,Fatal,1,1
PN202103415,2021-05-09,2021,5,Tue,20,20:32,18.65552,73.844866,(unnamed road),Arterial,50,Junction,Clear,Dark - lit,Truck/Tempo,Brake failure/vehicle defect,Minor,0,0
PN202101266,2021-05-10,2021,5,Wed,14,14:43,18.504152,73.798729,(unnamed road),Local,30,Junction,Cloudy,Daylight,Pedestrian,Rash/careless driving,Minor,0,0
PN202100689,2021-05-10,2021,5,Wed,19,19:24,18.50156,73.791868,Katraj - Dehu Road Bypass,Highway,80,Bridge/Slope,Rain,Dark - unlit,Car,Over-speeding,Fatal,1,2
PN202100987,2021-05-10,2021,5,Wed,20,20:42,18.502286,73.792241,Katraj - Dehu Road Bypass,Highway,80,Junction,Clear,Dark - unlit,Two-wheeler,Over-speeding,Fatal,2,0
PN202102102,2021-05-10,2021,5,Wed,22,22:31,18.549534,73.897775,West Avenue,Arterial,50,Mid-block,Clear,Dark - unlit,Car,Over-speeding,Grievous,0,3
PN202102745,2021-05-11,2021,5,Thu,23,23:55,18.452484,73.950091,(unnamed road),Collector,40,Mid-block,Clear,Dark - unlit,Bicycle,Over-speeding,Fatal,1,2
PN202100137,2021-05-12,2021,5,Fri,10,10:44,18.534287,73.928563,Mundhwa Road,Arterial,40,Junction,Clear,Daylight,Pedestrian,Over-speeding,Grievous,0,1
PN202100700,2021-05-12,2021,5,Fri,17,17:40,18.557259,73.944619,(unnamed road),Collector,40,Junction,Cloudy,Daylight,Car,Over-speeding,Grievous,0,3
PN202102918,2021-05-12,2021,5,Fri,20,20:31,18.581107,73.985159,Nagar Road,Highway,60,Junction,Clear,Dark - unlit,Truck/Tempo,Over-speeding,Minor,0,0
PN202101647,2021-05-13,2021,5,Sat,1,01:30,18.652946,74.015964,SH58,Arterial,50,Junction,Clear,Dark - lit,Two-wheeler,Rash/careless driving,Fatal,1,1
PN202103300,2021-05-13,2021,5,Sat,19,19:28,18.46125,73.873726,Swami Vivekanand Marg,Arterial,50,Junction,Cloudy,Dark - lit,Car,Over-speeding,Fatal,1,1
PN202100330,2021-05-14,2021,5,Sun,5,05:05,18.443752,73.973135,Saswad Road,Highway,60,Mid-block,Clear,Dark - unlit,Auto-rickshaw,Signal jumping,Grievous,0,1
PN202102251,2021-05-14,2021,5,Sun,8,08:30,18.535343,73.884731,Naylor Road,Collector,40,Junction,Clear,Daylight,Two-wheeler,Over-speeding,Grievous,0,1
PN202101893,2021-05-15,2021,5,Mon,18,18:14,18.482325,73.995034,(unnamed road),Local,30,Junction,Clear,Dusk/Dawn,Two-wheeler,Over-speeding,Minor,0,2
PN202103607,2021-05-15,2021,5,Mon,21,21:40,18.588459,73.832206,(unnamed road),Arterial,40,Junction,Clear,Dark - lit,Pedestrian,Over-speeding,Fatal,1,2
PN202100897,2021-05-16,2021,5,Tue,6,06:30,18.557371,73.944685,(unnamed road),Collector,40,Junction,Cloudy,Dusk/Dawn,Auto-rickshaw,Rash/careless driving,Minor,0,2
PN202103817,2021-05-16,2021,5,Tue,17,17:36,18.633917,73.797534,(unnamed road),Local,30,Junction,Clear,Daylight,Pedestrian,Over-speeding,Minor,0,1
PN202102498,2021-05-16,2021,5,Tue,17,17:58,18.532884,73.897312,South Main Road,Arterial,50,Junction,Clear,Daylight,Car,Over-speeding,Fatal,1,1
PN202100661,2021-05-16,2021,5,Tue,18,18:14,18.501443,73.791938,Katraj - Dehu Road Bypass,Highway,80,Bridge/Slope,Cloudy,Dusk/Dawn,Truck/Tempo,Over-speeding,Fatal,2,0
PN202102900,2021-05-17,2021,5,Wed,10,10:42,18.498056,73.958417,Solapur Road,Highway,60,Junction,Clear,Daylight,Car,Over-speeding,Grievous,0,1
PN202103711,2021-05-17,2021,5,Wed,15,15:24,18.524876,73.996078,(unnamed road),Local,30,Mid-block,Clear,Daylight,Two-wheeler,Rash/careless driving,Grievous,0,3
PN202101198,2021-05-17,2021,5,Wed,16,16:45,18.461438,73.768271,(unnamed road),Local,30,Junction,Clear,Daylight,Two-wheeler,Other,Minor,0,2
PN202102499,2021-05-17,2021,5,Wed,17,17:01,18.48076,73.868065,Prabodhankar Thakare Path,Arterial,50,Junction,Clear,Daylight,Two-wheeler,Other,Fatal,1,2
PN202102460,2021-05-17,2021,5,Wed,22,22:45,18.485072,73.760236,(unnamed road),Collector,40,Mid-block,Clear,Dark - lit,Two-wheeler,Over-speeding,Fatal,1,2
PN202100519,2021-05-18,2021,5,Thu,21,21:46,18.445206,73.835922,Katraj - Dehu Road Bypass,Highway,85,Bridge/Slope,Clear,Dark - unlit,Two-wheeler,Over-speeding,Fatal,1,1
PN202100148,2021-05-20,2021,5,Sat,5,05:42,18.459936,73.823432,Navale Flyover,Highway,80,Bridge/Slope,Clear,Dark - unlit,Two-wheeler,Over-speeding,Grievous,0,3
PN202103861,2021-05-20,2021,5,Sat,7,07:24,18.579917,73.976096,Nagar Road,Highway,60,Mid-block,Clear,Daylight,Truck/Tempo,Pothole/road condition,Minor,0,2
PN202101489,2021-05-20,2021,5,Sat,21,21:28,18.552479,73.892845,Don Bosco Road,Arterial,50,Junction,Clear,Dark - lit,Truck/Tempo,Pothole/road condition,Grievous,0,1
PN202103336,2021-05-21,2021,5,Sun,1,01:25,18.480934,73.847115,Taljai Road,Local,30,Mid-block,Clear,Dark - unlit,Car,Over-speeding,Grievous,0,3
PN202101613,2021-05-22,2021,5,Mon,18,18:17,18.620217,73.810957,Old Pune–Mumbai Highway,Highway,80,Mid-block,Cloudy,Dusk/Dawn,Two-wheeler,Over-speeding,Fatal,1,1
PN202102392,2021-05-23,2021,5,Tue,4,04:11,18.593944,73.732822,Hinjawadi Phase 2 Road,Arterial,20,Mid-block,Clear,Dark - lit,Bus,Rash/careless driving,Minor,0,0
PN202103393,2021-05-23,2021,5,Tue,7,07:58,18.492413,73.998269,Solapur Road,Highway,60,Junction,Clear,Daylight,Bicycle,Over-speeding,Fatal,1,0
PN202102916,2021-05-24,2021,5,Wed,9,09:20,18.625992,73.744336,Service Road,Arterial,50,Mid-block,Clear,Daylight,Truck/Tempo,Wrong-side driving,Grievous,0,2
PN202100641,2021-05-24,2021,5,Wed,18,18:06,18.428983,73.841636,Katraj - Dehu Road Bypass,Highway,80,Bridge/Slope,Clear,Dusk/Dawn,Truck/Tempo,Drunk driving,Grievous,0,3
PN202102001,2021-05-24,2021,5,Wed,23,23:42,18.620612,73.771187,Aditya Birla Hospital Marg,Arterial,50,Mid-block,Clear,Dark - unlit,Truck/Tempo,Wrong-side driving,Fatal,1,1
PN202103792,2021-05-25,2021,5,Thu,22,22:20,18.520465,73.872488,Babasaheb Ambedkar Marg,Arterial,50,Junction,Cloudy,Dark - unlit,Two-wheeler,Over-speeding,Fatal,1,1
PN202100536,2021-05-26,2021,5,Fri,10,10:35,18.57816,73.90806,(unnamed road),Arterial,50,Junction,Clear,Daylight,Two-wheeler,Rash/careless driving,Minor,0,2
PN202100266,2021-05-27,2021,5,Sat,16,16:34,18.46086,73.82192,Katraj - Dehu Road Bypass,Highway,60,Junction,Clear,Daylight,Two-wheeler,Rash/careless driving,Grievous,0,2
PN202102301,2021-05-27,2021,5,Sat,20,20:55,18.513072,73.981786,(unnamed road),Local,30,Junction,Clear,Dark - lit,Auto-rickshaw,Over-speeding,Grievous,0,2
PN202101622,2021-05-28,2021,5,Sun,0,00:27,18.593496,73.999898,Nagar Road,Highway,60,Mid-block,Clear,Dark - unlit,Car,Drunk driving,Fatal,1,1
PN202100300,2021-05-28,2021,5,Sun,19,19:03,18.484713,73.798882,2nd Service Road,Collector,40,Junction,Clear,Dark - lit,Truck/Tempo,Drunk driving,Grievous,0,2
PN202100887,2021-05-28,2021,5,Sun,22,22:29,18.551041,73.93706,Kharadi Bypass,Highway,60,Junction,Clear,Dark - unlit,Two-wheeler,Drunk driving,Minor,0,2
PN202102546,2021-05-28,2021,5,Sun,22,22:53,18.54519,73.885339,Nagar Road,Highway,60,Mid-block,Clear,Dark - unlit,Two-wheeler,Drunk driving,Fatal,1,1
PN202100576,2021-06-01,2021,6,Thu,16,16:42,18.483762,73.800471,Warje Exit,Collector,30,Junction,Clear,Daylight,Two-wheeler,Over-speeding,Minor,0,1
PN202101174,2021-06-02,2021,6,Fri,9,09:46,18.444028,73.893722,(unnamed road),Arterial,50,Mid-block,Rain,Daylight,Two-wheeler,Over-speeding,Grievous,0,1
PN202101474,2021-06-02,2021,6,Fri,12,12:22,18.655494,73.841258,RTO Link Road,Arterial,50,Mid-block,Clear,Daylight,Auto-rickshaw,Wrong-side driving,Grievous,0,1
PN202103720,2021-06-02,2021,6,Fri,22,22:57,18.634002,73.78742,(unnamed road),Arterial,50,Junction,Rain,Dark - lit,Two-wheeler,Other,Minor,0,0
PN202100168,2021-06-03,2021,6,Sat,17,17:58,18.460858,73.821922,Katraj - Dehu Road Bypass,Highway,60,Junction,Rain,Daylight,Bus,Over-speeding,Grievous,0,1
PN202101201,2021-06-03,2021,6,Sat,18,18:37,18.550294,73.853341,(unnamed road),Collector,40,Mid-block,Rain,Dusk/Dawn,Auto-rickshaw,Over-speeding,Minor,0,2
PN202101463,2021-06-03,2021,6,Sat,18,18:59,18.516429,73.9751,Manjari Railway Flyover,Arterial,50,Junction,Clear,Dusk/Dawn,Two-wheeler,Rash/careless driving,Fatal,1,1
PN202103802,2021-06-03,2021,6,Sat,21,21:47,18.460134,73.948979,NH548DD,Highway,60,Junction,Rain,Dark - unlit,Truck/Tempo,Pothole/road condition,Fatal,1,2
PN202102813,2021-06-04,2021,6,Sun,2,02:33,18.455541,73.911115,(unnamed road),Collector,40,Mid-block,Cloudy,Dark - lit,Pedestrian,Over-speeding,Minor,0,2
PN202102789,2021-06-04,2021,6,Sun,15,15:23,18.44428,73.858148,(unnamed road),Local,30,Junction,Rain,Daylight,Pedestrian,Signal jumping,Grievous,0,3
PN202103433,2021-06-04,2021,6,Sun,15,15:23,18.691936,73.795132,(unnamed road),Local,30,Mid-block,Clear,Daylight,Pedestrian,Wrong-side driving,Grievous,0,2
PN202103264,2021-06-05,2021,6,Mon,16,16:00,18.591638,73.830975,Old Pune–Mumbai Highway,Highway,60,Junction,Cloudy,Daylight,Truck/Tempo,Over-speeding,Grievous,0,2
PN202102424,2021-06-05,2021,6,Mon,23,23:42,18.566514,73.734897,Maan - Mhalunge Connector Road,Arterial,50,Mid-block,Clear,Dark - lit,Two-wheeler,Rash/careless driving,Fatal,2,0
PN202100348,2021-06-06,2021,6,Tue,11,11:40,18.430074,73.841032,Katraj - Dehu Road Bypass,Highway,80,Bridge/Slope,Clear,Daylight,Two-wheeler,Wrong-side driving,Minor,0,0
PN202101179,2021-06-06,2021,6,Tue,15,15:18,18.494676,73.858086,Satara Road,Highway,60,Junction,Clear,Daylight,Two-wheeler,Brake failure/vehicle defect,Fatal,1,2
PN202102957,2021-06-06,2021,6,Tue,17,17:02,18.557964,73.77372,Pancard Club Road,Arterial,50,Junction,Clear,Daylight,Pedestrian,Over-speeding,Fatal,1,2
PN202102087,2021-06-06,2021,6,Tue,19,19:02,18.467272,73.764248,(unnamed road),Collector,40,Mid-block,Clear,Dark - lit,Two-wheeler,Over-speeding,Grievous,0,1
PN202101873,2021-06-07,2021,6,Wed,9,09:48,18.668616,73.791208,Spine Road,Arterial,50,Mid-block,Rain,Daylight,Car,Over-speeding,Minor,0,0
PN202101793,2021-06-08,2021,6,Thu,1,01:10,18.509223,73.959082,Hadapsar - Manjari Road,Arterial,50,Junction,Clear,Dark - unlit,Truck/Tempo,Over-speeding,Fatal,2,0
PN202101432,2021-06-08,2021,6,Thu,12,12:28,18.55147,73.866618,Deccan College Road,Arterial,50,Mid-block,Rain,Daylight,Auto-rickshaw,Over-speeding,Fatal,1,1
PN202100699,2021-06-09,2021,6,Fri,19,19:36,18.459675,73.823996,Katraj - Dehu Road Bypass,Highway,60,Junction,Rain,Dark - unlit,Bus,Over-speeding,Fatal,1,2
PN202102035,2021-06-10,2021,6,Sat,7,07:37,18.504396,73.878422,Castellino Marg,Highway,60,Mid-block,Cloudy,Daylight,Bicycle,Rash/careless driving,Minor,0,2
PN202100882,2021-06-10,2021,6,Sat,16,16:53,18.497418,73.942299,Saswad Road,Highway,60,Mid-block,Clear,Daylight,Two-wheeler,Over-speeding,Grievous,0,3
PN202101005,2021-06-11,2021,6,Sun,6,06:15,18.577188,73.907865,Airport New Road,Arterial,50,Junction,Rain,Dusk/Dawn,Auto-rickshaw,Over-speeding,Fatal,1,0
PN202103197,2021-06-11,2021,6,Sun,18,18:36,18.561922,73.938693,(unnamed road),Highway,40,Junction,Rain,Dusk/Dawn,Truck/Tempo,Other,Grievous,0,1
PN202102275,2021-06-11,2021,6,Sun,19,19:29,18.68737,73.846521,Pune Nashik Road,Highway,60,Mid-block,Clear,Dark - unlit,Two-wheeler,Over-speeding,Fatal,2,2
PN202103011,2021-06-11,2021,6,Sun,23,23:21,18.512581,73.853832,Bajirao Road,Highway,60,Junction,Clear,Dark - unlit,Two-wheeler,Over-speeding,Minor,0,1
PN202102677,2021-06-12,2021,6,Mon,9,09:19,18.677729,73.859142,Indrayani Road,Arterial,50,Junction,Rain,Daylight,Two-wheeler,Pothole/road condition,Minor,0,0
PN202100994,2021-06-13,2021,6,Tue,0,00:34,18.492668,73.789017,Katraj - Dehu Road Bypass,Highway,80,Bridge/Slope,Clear,Dark - unlit,Two-wheeler,Mobile phone use,Fatal,1,2
PN202100171,2021-06-13,2021,6,Tue,1,01:20,18.461059,73.822192,Katraj - Dehu Road Bypass,Highway,60,Bridge/Slope,Clear,Dark - unlit,Two-wheeler,Rash/careless driving,Fatal,1,2
PN202102702,2021-06-13,2021,6,Tue,19,19:09,18.664085,73.887273,Sant Dyaneshwar Marg,Arterial,50,Mid-block,Rain,Dark - lit,Pedestrian,Over-speeding,Minor,0,0
PN202101845,2021-06-14,2021,6,Wed,0,00:27,18.50444,73.764063,Paud Road,Arterial,50,Junction,Clear,Dark - lit,Car,Pothole/road condition,Minor,0,2
PN202103625,2021-06-14,2021,6,Wed,16,16:46,18.466569,73.919318,(unnamed road),Arterial,50,Junction,Rain,Daylight,Two-wheeler,Over-speeding,Fatal,1,2
PN202101695,2021-06-14,2021,6,Wed,23,23:50,18.636024,73.761633,(unnamed road),Local,30,Junction,Rain,Dark - lit,Truck/Tempo,Mobile phone use,Grievous,0,2
PN202100642,2021-06-15,2021,6,Thu,18,18:33,18.604249,73.751124,(unnamed road),Arterial,40,Junction,Cloudy,Dusk/Dawn,Truck/Tempo,Over-speeding,Minor,0,2
PN202100539,2021-06-15,2021,6,Thu,18,18:50,18.442713,73.973718,Saswad Road,Highway,60,Mid-block,Clear,Dusk/Dawn,Two-wheeler,Over-speeding,Minor,0,2
PN202100255,2021-06-16,2021,6,Fri,15,15:24,18.603374,73.752563,exit to bhumkar wasti,Arterial,20,Junction,Clear,Daylight,Pedestrian,Over-speeding,Fatal,1,1
PN202103080,2021-06-16,2021,6,Fri,17,17:42,18.582749,73.980225,(unnamed road),Local,30,Junction,Clear,Daylight,Bicycle,Other,Minor,0,0
PN202102095,2021-06-16,2021,6,Fri,21,21:11,18.504012,73.820935,Karve Road,Arterial,50,Junction,Clear,Dark - lit,Car,Over-speeding,Grievous,0,3
PN202102668,2021-06-17,2021,6,Sat,8,08:08,18.567067,73.768502,Gopal Hari Deshmukh Marg,Arterial,50,Mid-block,Clear,Daylight,Pedestrian,Over-speeding,Minor,0,2
PN202101438,2021-06-17,2021,6,Sat,17,17:40,18.496306,73.894848,Prince Of Wales Drive,Collector,60,Junction,Rain,Daylight,Two-wheeler,Wrong-side driving,Grievous,0,1
PN202100068,2021-06-18,2021,6,Sun,2,02:53,18.48431,73.79951,(unnamed road),Collector,40,Junction,Cloudy,Dark - lit,Car,Over-speeding,Minor,0,2
PN202102492,2021-06-18,2021,6,Sun,21,21:29,18.52836,73.90623,Bhagwan Tatyasaheb Kawade Marg,Collector,50,Junction,Rain,Dark - lit,Two-wheeler,Over-speeding,Minor,0,0
PN202101029,2021-06-18,2021,6,Sun,21,21:51,18.460731,73.822108,Katraj - Dehu Road Bypass,Highway,60,Junction,Clear,Dark - unlit,Two-wheeler,Wrong-side driving,Grievous,0,3
PN202102307,2021-06-18,2021,6,Sun,22,22:19,18.553889,73.7312,(unnamed road),Arterial,50,Mid-block,Clear,Dark - lit,Car,Drunk driving,Fatal,1,2
PN202101110,2021-06-18,2021,6,Sun,23,23:27,18.617029,73.944469,Wadgaon Shinde Road,Collector,40,Junction,Clear,Dark - lit,Two-wheeler,Drunk driving,Grievous,0,3
PN202102480,2021-06-19,2021,6,Mon,14,14:13,18.453354,73.968402,NH965,Highway,60,Mid-block,Rain,Daylight,Car,Wrong-side driving,Fatal,2,0
PN202103182,2021-06-19,2021,6,Mon,15,15:21,18.53855,73.829934,Senapati Bapat Marg,Arterial,50,Mid-block,Rain,Daylight,Car,Pothole/road condition,Grievous,0,2
PN202101788,2021-06-19,2021,6,Mon,22,22:52,18.585982,73.894152,(unnamed road),Local,30,Junction,Rain,Dark - lit,Two-wheeler,Drunk driving,Fatal,1,1
PN202102306,2021-06-20,2021,6,Tue,8,08:46,18.537398,73.834413,Gokhale Road,Collector,40,Mid-block,Cloudy,Daylight,Two-wheeler,Over-speeding,Minor,0,0
PN202100253,2021-06-20,2021,6,Tue,13,13:46,18.484713,73.799773,Warje Road,Collector,30,Junction,Clear,Daylight,Truck/Tempo,Other,Grievous,0,3
PN202102135,2021-06-20,2021,6,Tue,22,22:24,18.494473,73.852144,(unnamed road),Local,30,Junction,Rain,Dark - lit,Pedestrian,Over-speeding,Minor,0,2
PN202101659,2021-06-21,2021,6,Wed,13,13:32,18.433576,73.845106,(unnamed road),Local,30,Junction,Rain,Daylight,Two-wheeler,Over-speeding,Grievous,0,1
PN202100679,2021-06-21,2021,6,Wed,15,15:03,18.605699,73.752687,(unnamed road),Arterial,40,Junction,Rain,Daylight,Car,Mobile phone use,Grievous,0,3
PN202101910,2021-06-21,2021,6,Wed,19,19:52,18.599721,73.941447,Pathare Wasti Road,Collector,40,Mid-block,Clear,Dark - lit,Auto-rickshaw,Rash/careless driving,Grievous,0,2
PN202103555,2021-06-21,2021,6,Wed,21,21:17,18.49905,73.812485,(unnamed road),Local,30,Junction,Clear,Dark - lit,Pedestrian,Over-speeding,Minor,0,1
PN202103695,2021-06-22,2021,6,Thu,6,06:44,18.551947,73.988445,Manjari - Wagholi Road,Arterial,50,Junction,Rain,Dusk/Dawn,Two-wheeler,Rash/careless driving,Minor,0,1
PN202101583,2021-06-22,2021,6,Thu,13,13:56,18.491316,73.857572,Satara Road,Highway,60,Junction,Clear,Daylight,Two-wheeler,Drunk driving,Fatal,1,2
PN202102924,2021-06-22,2021,6,Thu,19,19:40,18.55455,73.801213,(unnamed road),Arterial,40,Junction,Clear,Dark - lit,Auto-rickshaw,Wrong-side driving,Grievous,0,3
PN202101151,2021-06-22,2021,6,Thu,22,22:28,18.510006,73.832778,Pa. Pu. Vasudevashram Path,Local,30,Mid-block,Rain,Dark - lit,Two-wheeler,Pothole/road condition,Fatal,1,2
PN202100228,2021-06-23,2021,6,Fri,6,06:43,18.497064,73.942777,Saswad Road,Highway,60,Mid-block,Rain,Dusk/Dawn,Bus,Over-speeding,Minor,0,0
PN202102992,2021-06-23,2021,6,Fri,17,17:05,18.64896,73.792229,Shreekeshar Street,Collector,40,Junction,Cloudy,Daylight,Car,Over-speeding,Minor,0,1
PN202101184,2021-06-23,2021,6,Fri,17,17:59,18.576517,74.008705,(unnamed road),Local,30,Junction,Rain,Daylight,Two-wheeler,Pothole/road condition,Grievous,0,1
PN202100929,2021-06-23,2021,6,Fri,22,22:01,18.43171,73.839041,Ambegaon Viaduct,Highway,75,Bridge/Slope,Rain,Dark - unlit,Truck/Tempo,Over-speeding,Grievous,0,2
PN202100087,2021-06-23,2021,6,Fri,22,22:45,18.561081,73.931175,(unnamed road),Collector,40,Junction,Rain,Dark - lit,Car,Over-speeding,Grievous,0,1
PN202103579,2021-06-24,2021,6,Sat,1,01:26,18.492458,73.856366,Shahu College Road,Collector,30,Mid-block,Clear,Dark - lit,Two-wheeler,Over-speeding,Fatal,1,0
PN202103079,2021-06-24,2021,6,Sat,5,05:13,18.642559,73.801227,IBMR College Road,Arterial,50,Mid-block,Clear,Dark - lit,Two-wheeler,Over-speeding,Fatal,1,2
PN202103330,2021-06-24,2021,6,Sat,15,15:53,18.591001,73.752484,Hinjawadi Road,Arterial,40,Mid-block,Rain,Daylight,Two-wheeler,Rash/careless driving,Fatal,1,0
PN202102724,2021-06-24,2021,6,Sat,16,16:27,18.422122,73.983159,Dive Ghat,Highway,60,Mid-block,Clear,Daylight,Car,Brake failure/vehicle defect,Fatal,1,1
PN202101554,2021-06-24,2021,6,Sat,16,16:41,18.683538,73.729013,Old Pune–Mumbai Highway,Highway,60,Mid-block,Clear,Daylight,Truck/Tempo,Wrong-side driving,Fatal,1,2
PN202101257,2021-06-25,2021,6,Sun,9,09:00,18.643271,73.750431,Aundh-Ravet Road,Arterial,50,Junction,Rain,Daylight,Car,Brake failure/vehicle defect,Minor,0,2
PN202102335,2021-06-25,2021,6,Sun,23,23:03,18.498859,73.840483,(unnamed road),Collector,40,Junction,Clear,Dark - lit,Truck/Tempo,Over-speeding,Grievous,0,3
PN202103450,2021-06-26,2021,6,Mon,12,12:26,18.508796,73.831502,Bharatratna Atal Bihari Vajpayee Flyover,Arterial,50,Mid-block,Clear,Daylight,Car,Over-speeding,Grievous,0,1
PN202103640,2021-06-26,2021,6,Mon,15,15:31,18.626599,74.033304,NH753F,Highway,60,Mid-block,Clear,Daylight,Truck/Tempo,Over-speeding,Minor,0,0
PN202103622,2021-06-26,2021,6,Mon,18,18:03,18.55189,73.918483,(unnamed road),Collector,40,Mid-block,Clear,Dusk/Dawn,Car,Over-speeding,Grievous,0,2
PN202103636,2021-06-28,2021,6,Wed,18,18:10,18.594064,73.819525,Srushti Chowk-Pimple Gurav-Ramkrushna Mangal Karyalay,Collector,40,Junction,Clear,Dusk/Dawn,Two-wheeler,Pothole/road condition,Minor,0,2
PN202103598,2021-07-01,2021,7,Sun,8,08:48,18.538038,73.799296,Dr. Homi Bhabha Marg,Arterial,40,Mid-block,Clear,Daylight,Car,Over-speeding,Minor,0,2
PN202100064,2021-07-01,2021,7,Sun,20,20:08,18.459935,73.823769,Katraj - Dehu Road Bypass,Highway,60,Junction,Clear,Dark - unlit,Two-wheeler,Over-speeding,Fatal,1,1
PN202103638,2021-07-02,2021,7,Mon,17,17:02,18.51961,73.942914,Amanora Park Town Main Road,Arterial,50,Mid-block,Rain,Daylight,Pedestrian,Over-speeding,Fatal,2,0
PN202101949,2021-07-02,2021,7,Mon,20,20:46,18.584415,73.974198,Lohgaon - Wagholi Road,Arterial,50,Mid-block,Clear,Dark - unlit,Two-wheeler,Over-speeding,Fatal,1,0
PN202100541,2021-07-02,2021,7,Mon,22,22:47,18.493863,73.788082,Katraj - Dehu Road Bypass,Highway,80,Bridge/Slope,Clear,Dark - unlit,Two-wheeler,Over-speeding,Fatal,1,0
PN202103063,2021-07-03,2021,7,Tue,13,13:35,18.516885,73.781259,Pashan-Bavdhan Road,Arterial,50,Junction,Clear,Daylight,Car,Over-speeding,Grievous,0,2
PN202101700,2021-07-03,2021,7,Tue,18,18:18,18.574509,73.780072,(unnamed road),Local,30,Mid-block,Rain,Dusk/Dawn,Two-wheeler,Mobile phone use,Minor,0,1
PN202101593,2021-07-03,2021,7,Tue,23,23:34,18.507749,73.956077,Hadapsar - Manjari Road,Arterial,50,Junction,Rain,Dark - lit,Truck/Tempo,Over-speeding,Fatal,2,1
PN202103329,2021-07-04,2021,7,Wed,5,05:07,18.482912,73.957945,Fursungi Road,Collector,40,Mid-block,Rain,Dark - lit,Pedestrian,Over-speeding,Fatal,1,1
PN202101204,2021-07-04,2021,7,Wed,8,08:48,18.446762,73.966325,(unnamed road),Local,30,Mid-block,Clear,Daylight,Two-wheeler,Over-speeding,Grievous,0,2
PN202100769,2021-07-04,2021,7,Wed,9,09:35,18.485925,73.953911,Fursungi Bhekrai Road,Collector,40,Junction,Rain,Daylight,Truck/Tempo,Over-speeding,Grievous,0,1
PN202103466,2021-07-04,2021,7,Wed,19,19:51,18.696985,73.769225,(unnamed road),Local,30,Junction,Cloudy,Dark - lit,Two-wheeler,Brake failure/vehicle defect,Fatal,1,0
PN202101191,2021-07-05,2021,7,Thu,6,06:16,18.465501,74.003997,(unnamed road),Collector,30,Mid-block,Rain,Dusk/Dawn,Truck/Tempo,Wrong-side driving,Fatal,2,0
PN202100199,2021-07-05,2021,7,Thu,15,15:15,18.605756,73.752367,(unnamed road),Arterial,50,Junction,Cloudy,Daylight,Truck/Tempo,Over-speeding,Grievous,0,3
PN202101666,2021-07-05,2021,7,Thu,17,17:25,18.696614,73.916796,(unnamed road),Arterial,50,Mid-block,Rain,Daylight,Pedestrian,Signal jumping,Fatal,1,0
PN202100150,2021-07-05,2021,7,Thu,21,21:49,18.603897,73.750777,(unnamed road),Arterial,40,Junction,Rain,Dark - lit,Auto-rickshaw,Over-speeding,Grievous,0,2
PN202103568,2021-07-06,2021,7,Fri,7,07:09,18.56423,73.840599,Old Pune–Mumbai Highway,Highway,60,Mid-block,Clear,Daylight,Two-wheeler,Wrong-side driving,Minor,0,2
PN202100369,2021-07-06,2021,7,Fri,11,11:42,18.460365,73.822641,Katraj - Dehu Road Bypass,Highway,60,Bridge/Slope,Cloudy,Daylight,Two-wheeler,Over-speeding,Fatal,1,1
PN202103476,2021-07-06,2021,7,Fri,21,21:48,18.590234,73.914977,Lohgaon Road,Arterial,50,Mid-block,Clear,Dark - unlit,Two-wheeler,Drunk driving,Fatal,1,0
PN202103299,2021-07-07,2021,7,Sat,0,00:58,18.507367,73.787408,Katraj - Dehu Road Bypass,Highway,80,Mid-block,Rain,Dark - unlit,Two-wheeler,Over-speeding,Fatal,1,0
PN202101969,2021-07-07,2021,7,Sat,11,11:25,18.556246,73.926002,(unnamed road),Local,30,Junction,Clear,Daylight,Two-wheeler,Over-speeding,Minor,0,1
PN202101409,2021-07-07,2021,7,Sat,16,16:43,18.459774,73.849205,(unnamed road),Local,30,Mid-block,Rain,Daylight,Two-wheeler,Rash/careless driving,Grievous,0,3
PN202103345,2021-07-07,2021,7,Sat,19,19:20,18.514611,73.931137,Main Gate Road,Collector,40,Junction,Clear,Dark - lit,Two-wheeler,Over-speeding,Fatal,1,0
PN202103805,2021-07-07,2021,7,Sat,20,20:45,18.527798,73.823808,(unnamed road),Collector,40,Junction,Rain,Dark - lit,Pedestrian,Over-speeding,Grievous,0,2
PN202101165,2021-07-08,2021,7,Sun,19,19:41,18.518011,73.947281,Amanora Park Town Main Road,Arterial,50,Mid-block,Rain,Dark - lit,Car,Pothole/road condition,Grievous,0,3
PN202103697,2021-07-08,2021,7,Sun,20,20:58,18.466096,74.004694,(unnamed road),Local,30,Junction,Rain,Dark - lit,Pedestrian,Wrong-side driving,Grievous,0,2
PN202102485,2021-07-09,2021,7,Mon,9,09:27,18.641353,73.795461,Tata Motors Road,Arterial,50,Mid-block,Rain,Daylight,Two-wheeler,Over-speeding,Fatal,1,0
PN202101122,2021-07-10,2021,7,Tue,10,10:44,18.556486,73.920159,(unnamed road),Local,30,Junction,Rain,Daylight,Pedestrian,Over-speeding,Minor,0,1
PN202101589,2021-07-10,2021,7,Tue,10,10:50,18.478454,73.787086,(unnamed road),Collector,40,Mid-block,Rain,Daylight,Two-wheeler,Rash/careless driving,Minor,0,2
PN202102884,2021-07-10,2021,7,Tue,11,11:23,18.500203,73.871414,(unnamed road),Local,30,Junction,Clear,Daylight,Pedestrian,Wrong-side driving,Minor,0,2
PN202101772,2021-07-10,2021,7,Tue,19,19:27,18.477083,73.797273,NDA Road,Arterial,50,Junction,Clear,Dark - unlit,Two-wheeler,Pothole/road condition,Fatal,1,2
PN202102185,2021-07-11,2021,7,Wed,2,02:26,18.497561,73.954567,(unnamed road),Local,30,Junction,Rain,Dark - lit,Pedestrian,Over-speeding,Minor,0,1
PN202100494,2021-07-11,2021,7,Wed,5,05:58,18.507892,73.788285,Paud Road,Arterial,40,Junction,Cloudy,Dark - lit,Two-wheeler,Rash/careless driving,Grievous,0,1
PN202101790,2021-07-11,2021,7,Wed,11,11:33,18.612526,73.824136,Pune Nashik Road,Highway,60,Mid-block,Clear,Daylight,Two-wheeler,Over-speeding,Fatal,1,1
PN202100820,2021-07-11,2021,7,Wed,16,16:55,18.48448,73.799244,2nd Service Road,Collector,40,Junction,Clear,Daylight,Two-wheeler,Rash/careless driving,Grievous,0,3
PN202101964,2021-07-12,2021,7,Thu,9,09:33,18.509006,73.916225,(unnamed road),Local,30,Mid-block,Clear,Daylight,Two-wheeler,Pothole/road condition,Minor,0,1
PN202101551,2021-07-12,2021,7,Thu,15,15:06,18.67562,73.839331,(unnamed road),Local,30,Junction,Clear,Daylight,Two-wheeler,Over-speeding,Fatal,2,2
PN202103138,2021-07-12,2021,7,Thu,18,18:54,18.724264,73.853227,Pune Nashik Road,Highway,60,Mid-block,Rain,Dusk/Dawn,Bus,Signal jumping,Grievous,0,2
PN202102085,2021-07-12,2021,7,Thu,20,20:07,18.498013,73.959456,Solapur Road,Highway,60,Mid-block,Clear,Dark - unlit,Pedestrian,Over-speeding,Fatal,1,1
PN202100385,2021-07-14,2021,7,Sat,17,17:16,18.563213,73.933586,Nagar Road,Highway,60,Junction,Clear,Daylight,Truck/Tempo,Wrong-side driving,Grievous,0,2
PN202100254,2021-07-15,2021,7,Sun,11,11:16,18.607791,73.751499,Service Road,Arterial,50,Junction,Rain,Daylight,Two-wheeler,Over-speeding,Fatal,1,2
PN202101176,2021-07-15,2021,7,Sun,17,17:28,18.654181,73.884207,Sant Dyaneshwar Marg,Arterial,50,Junction,Clear,Daylight,Car,Mobile phone use,Grievous,0,3
PN202101062,2021-07-15,2021,7,Sun,20,20:08,18.525276,73.906291,Bhagwan Tatyasaheb Kawade Marg,Collector,50,Junction,Clear,Dark - lit,Two-wheeler,Over-speeding,Grievous,0,3
PN202103590,2021-07-16,2021,7,Mon,4,04:23,18.504031,73.900971,Late Vitthalrao Namdeo Shivarkar Road,Arterial,50,Junction,Rain,Dark - unlit,Two-wheeler,Over-speeding,Fatal,1,0
PN202103181,2021-07-16,2021,7,Mon,9,09:04,18.693733,73.847292,Pune Nashik Road,Highway,60,Mid-block,Rain,Daylight,Two-wheeler,Pothole/road condition,Grievous,0,1
PN202103315,2021-07-16,2021,7,Mon,15,15:25,18.550257,73.955564,Grant Road,Arterial,50,Mid-block,Cloudy,Daylight,Truck/Tempo,Over-speeding,Minor,0,1
PN202101440,2021-07-16,2021,7,Mon,15,15:29,18.497702,73.961669,Solapur Road,Highway,60,Junction,Clear,Daylight,Two-wheeler,Signal jumping,Grievous,0,1
PN202100725,2021-07-16,2021,7,Mon,18,18:04,18.443078,73.973838,NH965,Highway,60,Junction,Cloudy,Dusk/Dawn,Two-wheeler,Wrong-side driving,Fatal,1,0
PN202102518,2021-07-16,2021,7,Mon,20,20:11,18.649502,73.770739,Akurdi Chikhali Marg,Arterial,50,Junction,Rain,Dark - lit,Pedestrian,Over-speeding,Fatal,1,2
PN202102609,2021-07-17,2021,7,Tue,10,10:04,18.501923,73.929186,Magarpatta Road Flyover,Highway,60,Mid-block,Clear,Daylight,Two-wheeler,Rash/careless driving,Grievous,0,1
PN202103613,2021-07-17,2021,7,Tue,11,11:50,18.582517,73.979262,Lohgaon - Wagholi New Road,Arterial,50,Mid-block,Clear,Daylight,Auto-rickshaw,Rash/careless driving,Grievous,0,3
PN202100888,2021-07-17,2021,7,Tue,17,17:43,18.507652,73.786843,Paud Road,Arterial,40,Junction,Rain,Daylight,Two-wheeler,Pothole/road condition,Minor,0,2
PN202101795,2021-07-18,2021,7,Wed,10,10:09,18.652582,73.848989,(unnamed road),Local,30,Mid-block,Clear,Daylight,Auto-rickshaw,Over-speeding,Grievous,0,2
PN202100100,2021-07-18,2021,7,Wed,18,18:45,18.50753,73.785417,Paud Road,Arterial,40,Junction,Rain,Dusk/Dawn,Auto-rickshaw,Rash/careless driving,Fatal,1,2
PN202100595,2021-07-18,2021,7,Wed,20,20:51,18.490008,74.015013,(unnamed road),Collector,40,Junction,Rain,Dark - lit,Two-wheeler,Pothole/road condition,Grievous,0,1
PN202103440,2021-07-19,2021,7,Thu,10,10:06,18.422433,73.980489,(unnamed road),Local,30,Mid-block,Rain,Daylight,Bus,Rash/careless driving,Minor,0,2
PN202100902,2021-07-19,2021,7,Thu,13,13:27,18.561936,73.931114,(unnamed road),Collector,40,Junction,Rain,Daylight,Two-wheeler,Pothole/road condition,Minor,0,0
PN202102023,2021-07-20,2021,7,Fri,12,12:48,18.615257,73.765229,Dange Chowk Underpass,Arterial,50,Mid-block,Clear,Daylight,Pedestrian,Wrong-side driving,Grievous,0,3
PN202103177,2021-07-20,2021,7,Fri,16,16:27,18.431596,73.828217,(unnamed road),Local,30,Junction,Rain,Daylight,Bicycle,Over-speeding,Grievous,0,3
PN202100004,2021-07-21,2021,7,Sat,10,10:59,18.460987,73.822307,Katraj - Dehu Road Bypass,Highway,60,Bridge/Slope,Rain,Daylight,Two-wheeler,Rash/careless driving,Minor,0,0
PN202100690,2021-07-21,2021,7,Sat,19,19:19,18.50085,73.93716,Solapur Road,Arterial,50,Junction,Clear,Dark - unlit,Bus,Wrong-side driving,Minor,0,1
PN202103113,2021-07-22,2021,7,Sun,8,08:04,18.5741,73.890209,Vishrantwadi - Airport Road,Arterial,50,Junction,Rain,Daylight,Pedestrian,Over-speeding,Grievous,0,1
PN202101769,2021-07-22,2021,7,Sun,12,12:14,18.460842,73.855118,(unnamed road),Local,30,Junction,Clear,Daylight,Two-wheeler,Over-speeding,Grievous,0,3
PN202100780,2021-07-22,2021,7,Sun,20,20:46,18.53357,73.930192,Mundhwa Road,Arterial,40,Junction,Clear,Dark - lit,Two-wheeler,Over-speeding,Grievous,0,3
PN202100303,2021-07-22,2021,7,Sun,22,22:32,18.430863,73.840406,Ambegaon Viaduct,Highway,75,Bridge/Slope,Rain,Dark - unlit,Car,Over-speeding,Fatal,1,0
PN202101233,2021-07-23,2021,7,Mon,6,06:31,18.677214,73.724223,(unnamed road),Arterial,50,Mid-block,Clear,Dusk/Dawn,Pedestrian,Pothole/road condition,Fatal,1,2
PN202101702,2021-07-23,2021,7,Mon,6,06:53,18.548456,73.95498,(unnamed road),Local,30,Mid-block,Cloudy,Dusk/Dawn,Car,Pothole/road condition,Grievous,0,1
PN202102750,2021-07-23,2021,7,Mon,17,17:10,18.632796,73.829733,Nigdi Bhosari Road,Arterial,50,Mid-block,Rain,Daylight,Car,Signal jumping,Minor,0,2
PN202100466,2021-07-23,2021,7,Mon,18,18:11,18.429774,73.841259,Katraj - Dehu Road Bypass,Highway,80,Bridge/Slope,Cloudy,Dusk/Dawn,Car,Over-speeding,Fatal,1,2
PN202102131,2021-07-23,2021,7,Mon,20,20:19,18.525929,73.772962,Katraj - Dehu Road Bypass,Highway,80,Mid-block,Cloudy,Dark - unlit,Two-wheeler,Signal jumping,Fatal,1,2
PN202100843,2021-07-25,2021,7,Wed,7,07:13,18.496379,73.9437,Saswad Road,Highway,60,Junction,Clear,Daylight,Truck/Tempo,Rash/careless driving,Grievous,0,3
PN202103170,2021-07-25,2021,7,Wed,15,15:48,18.46452,73.815681,Sinhagad Road,Arterial,50,Mid-block,Cloudy,Daylight,Pedestrian,Pothole/road condition,Grievous,0,2
PN202100406,2021-07-25,2021,7,Wed,16,16:21,18.606659,73.751393,Service Road,Arterial,50,Junction,Rain,Daylight,Truck/Tempo,Over-speeding,Grievous,0,1
PN202103804,2021-07-25,2021,7,Wed,17,17:57,18.451742,73.843106,(unnamed road),Local,30,Mid-block,Rain,Daylight,Pedestrian,Drunk driving,Fatal,1,2
PN202101342,2021-07-25,2021,7,Wed,20,20:18,18.534431,73.839314,Ganeshkhind Road,Arterial,50,Junction,Clear,Dark - unlit,Two-wheeler,Rash/careless driving,Grievous,0,2
PN202101600,2021-07-27,2021,7,Fri,5,05:50,18.615928,73.871752,Banacha Odha-Dighi Road,Collector,40,Junction,Cloudy,Dark - lit,Two-wheeler,Over-speeding,Minor,0,2
PN202102934,2021-07-27,2021,7,Fri,10,10:42,18.621547,73.91603,DY Patil University Road,Collector,40,Mid-block,Cloudy,Daylight,Two-wheeler,Wrong-side driving,Fatal,2,0
PN202103602,2021-07-27,2021,7,Fri,12,12:03,18.491505,73.960569,(unnamed road),Local,30,Junction,Rain,Daylight,Pedestrian,Over-speeding,Grievous,0,2
PN202103159,2021-07-27,2021,7,Fri,14,14:50,18.548551,73.823533,University Road,Arterial,50,Mid-block,Clear,Daylight,Car,Mobile phone use,Grievous,0,1
PN202100061,2021-07-27,2021,7,Fri,18,18:42,18.549314,73.936678,Kharadi Bypass,Highway,60,Junction,Clear,Dusk/Dawn,Two-wheeler,Over-speeding,Fatal,1,0
PN202102193,2021-07-28,2021,7,Sat,1,01:14,18.635055,73.849766,Pune Nashik Road,Highway,60,Junction,Cloudy,Dark - unlit,Car,Drunk driving,Minor,0,0
PN202101273,2021-07-28,2021,7,Sat,1,01:38,18.463559,73.866805,(unnamed road),Local,30,Junction,Rain,Dark - unlit,Two-wheeler,Over-speeding,Grievous,0,3
PN202100972,2021-07-28,2021,7,Sat,6,06:43,18.459298,73.824668,Katraj - Dehu Road Bypass,Highway,60,Junction,Clear,Dusk/Dawn,Car,Over-speeding,Minor,0,0
PN202101635,2021-07-28,2021,7,Sat,7,07:02,18.557123,73.986135,(unnamed road),Local,30,Junction,Clear,Daylight,Pedestrian,Over-speeding,Minor,0,2
PN202103544,2021-08-01,2021,8,Wed,8,08:28,18.506359,73.912638,Solapur Road,Highway,60,Junction,Cloudy,Daylight,Car,Over-speeding,Minor,0,2
PN202102405,2021-08-01,2021,8,Wed,15,15:29,18.584353,73.974443,Lohgaon - Wagholi Road,Arterial,50,Mid-block,Cloudy,Daylight,Car,Over-speeding,Minor,0,0
PN202103755,2021-08-02,2021,8,Thu,12,12:31,18.662279,73.91694,(unnamed road),Local,30,Junction,Rain,Daylight,Auto-rickshaw,Pothole/road condition,Minor,0,2
PN202103526,2021-08-02,2021,8,Thu,15,15:54,18.497634,73.939786,(unnamed road),Local,30,Junction,Rain,Daylight,Two-wheeler,Over-speeding,Grievous,0,3
PN202102389,2021-08-02,2021,8,Thu,16,16:46,18.590964,73.742139,Hinjawadi Road,Arterial,40,Junction,Cloudy,Daylight,Two-wheeler,Pothole/road condition,Grievous,0,2
PN202101212,2021-08-03,2021,8,Fri,16,16:03,18.443312,73.721211,(unnamed road),Local,30,Mid-block,Clear,Daylight,Two-wheeler,Over-speeding,Grievous,0,1
PN202103724,2021-08-03,2021,8,Fri,18,18:26,18.601513,73.753394,exit to bhumkar wasti,Arterial,20,Junction,Clear,Dusk/Dawn,Bus,Over-speeding,Grievous,0,3
PN202103892,2021-08-03,2021,8,Fri,20,20:03,18.464673,73.889797,Kondhwa Main Road,Arterial,50,Junction,Clear,Dark - unlit,Two-wheeler,Brake failure/vehicle defect,Grievous,0,2
PN202102083,2021-08-03,2021,8,Fri,20,20:09,18.453695,73.840045,Katraj - Dehu Road Bypass,Highway,60,Mid-block,Clear,Dark - unlit,Car,Rash/careless driving,Minor,0,1
PN202100076,2021-08-04,2021,8,Sat,13,13:28,18.563424,73.933887,Nagar Road,Highway,60,Mid-block,Clear,Daylight,Two-wheeler,Over-speeding,Grievous,0,3
PN202102272,2021-08-04,2021,8,Sat,15,15:11,18.470599,73.864269,(unnamed road),Local,30,Junction,Rain,Daylight,Car,Rash/careless driving,Minor,0,2
PN202101392,2021-08-04,2021,8,Sat,19,19:54,18.430673,73.84065,Ambegaon Viaduct,Highway,75,Mid-block,Rain,Dark - unlit,Truck/Tempo,Over-speeding,Minor,0,1
PN202101205,2021-08-05,2021,8,Sun,10,10:33,18.642962,73.791454,Chatrapati Shivaji Maharaj Chowk Underpass,Highway,80,Mid-block,Clear,Daylight,Truck/Tempo,Over-speeding,Fatal,1,0
PN202100438,2021-08-06,2021,8,Mon,2,02:39,18.604312,73.752938,Highway bypass,Arterial,20,Junction,Rain,Dark - lit,Bicycle,Over-speeding,Fatal,1,0
PN202100056,2021-08-06,2021,8,Mon,13,13:11,18.563421,73.913979,Viman Nagar Avenue 2,Collector,40,Junction,Cloudy,Daylight,Pedestrian,Over-speeding,Minor,0,1
PN202103071,2021-08-06,2021,8,Mon,14,14:50,18.536866,73.949524,Keshav Nagar Road,Collector,30,Junction,Clear,Daylight,Two-wheeler,Over-speeding,Minor,0,2
PN202101572,2021-08-07,2021,8,Tue,9,09:22,18.505219,73.938894,(unnamed road),Local,30,Mid-block,Cloudy,Daylight,Bicycle,Rash/careless driving,Minor,0,1
PN202103249,2021-08-07,2021,8,Tue,13,13:14,18.507437,73.773824,Paud Road,Arterial,50,Mid-block,Rain,Daylight,Car,Over-speeding,Grievous,0,3
PN202101001,2021-08-07,2021,8,Tue,20,20:55,18.609437,73.820366,(unnamed road),Arterial,40,Junction,Rain,Dark - lit,Two-wheeler,Pothole/road condition,Minor,0,2
PN202101863,2021-08-08,2021,8,Wed,10,10:36,18.555296,73.818244,(unnamed road),Local,30,Junction,Clear,Daylight,Auto-rickshaw,Other,Fatal,1,1
PN202101721,2021-08-10,2021,8,Fri,9,09:14,18.602469,73.825691,(unnamed road),Arterial,40,Mid-block,Cloudy,Daylight,Auto-rickshaw,Over-speeding,Fatal,1,1
PN202102211,2021-08-11,2021,8,Sat,15,15:59,18.620964,73.831376,Bhosari-MIDC Road,Collector,40,Mid-block,Rain,Daylight,Car,Pothole/road condition,Grievous,0,3
PN202100847,2021-08-12,2021,8,Sun,14,14:53,18.453798,73.828059,Katraj - Dehu Road Bypass,Highway,85,Bridge/Slope,Cloudy,Daylight,Auto-rickshaw,Over-speeding,Minor,0,2
PN202102215,2021-08-13,2021,8,Mon,11,11:20,18.587751,73.995664,Nagar Road,Highway,60,Junction,Rain,Daylight,Truck/Tempo,Over-speeding,Grievous,0,3
PN202102046,2021-08-13,2021,8,Mon,16,16:47,18.560519,73.94553,Fountain Road,Collector,40,Junction,Cloudy,Daylight,Car,Rash/careless driving,Grievous,0,2
PN202100304,2021-08-13,2021,8,Mon,19,19:07,18.454609,73.827579,Katraj - Dehu Road Bypass,Highway,85,Junction,Rain,Dark - unlit,Bus,Pothole/road condition,Fatal,1,2
PN202101743,2021-08-14,2021,8,Tue,4,04:23,18.505412,73.792365,DP Road,Collector,40,Mid-block,Rain,Dark - unlit,Two-wheeler,Rash/careless driving,Grievous,0,2
PN202100916,2021-08-14,2021,8,Tue,15,15:05,18.507598,73.786216,Paud Road,Arterial,40,Junction,Clear,Daylight,Two-wheeler,Signal jumping,Minor,0,2
PN202101435,2021-08-14,2021,8,Tue,18,18:42,18.479699,73.955639,Saswad Road,Highway,60,Junction,Clear,Dusk/Dawn,Two-wheeler,Brake failure/vehicle defect,Fatal,1,2
PN202103183,2021-08-15,2021,8,Wed,9,09:29,18.693308,73.712798,NH48,Highway,100,Mid-block,Rain,Daylight,Bus,Other,Grievous,0,3
PN202102106,2021-08-15,2021,8,Wed,12,12:06,18.436353,73.94826,(unnamed road),Collector,40,Mid-block,Clear,Daylight,Car,Over-speeding,Grievous,0,3
PN202100631,2021-08-16,2021,8,Thu,2,02:12,18.455026,73.858766,Satara Road,Highway,60,Junction,Clear,Dark - unlit,Two-wheeler,Pothole/road condition,Fatal,1,2
PN202103464,2021-08-16,2021,8,Thu,9,09:52,18.514549,73.972514,Manjari Railway Flyover,Arterial,50,Mid-block,Clear,Daylight,Auto-rickshaw,Over-speeding,Grievous,0,2
PN202103733,2021-08-16,2021,8,Thu,14,14:16,18.506114,73.913309,Pune-Solapur Road,Highway,60,Junction,Cloudy,Daylight,Two-wheeler,Over-speeding,Grievous,0,2
PN202100309,2021-08-16,2021,8,Thu,15,15:23,18.485099,73.799246,Warje Road,Collector,30,Junction,Rain,Daylight,Two-wheeler,Over-speeding,Minor,0,2
PN202102013,2021-08-19,2021,8,Sun,18,18:31,18.618587,73.849977,(unnamed road),Arterial,50,Junction,Clear,Dusk/Dawn,Two-wheeler,Over-speeding,Fatal,1,1
PN202103870,2021-08-19,2021,8,Sun,19,19:59,18.539723,73.885372,Koregaon Road,Arterial,30,Mid-block,Rain,Dark - lit,Two-wheeler,Rash/careless driving,Grievous,0,3
PN202101952,2021-08-19,2021,8,Sun,22,22:24,18.597808,73.761841,(unnamed road),Collector,40,Mid-block,Clear,Dark - unlit,Two-wheeler,Over-speeding,Fatal,1,0
PN202100163,2021-08-20,2021,8,Mon,18,18:20,18.459723,73.82342,Katraj - Dehu Road Bypass,Highway,60,Junction,Rain,Dusk/Dawn,Truck/Tempo,Pothole/road condition,Fatal,1,2
PN202101890,2021-08-20,2021,8,Mon,19,19:59,18.65515,73.756197,Bhalchandra Nagari Road,Collector,40,Junction,Rain,Dark - unlit,Two-wheeler,Pothole/road condition,Grievous,0,2
PN202101441,2021-08-21,2021,8,Tue,19,19:24,18.461694,74.032604,(unnamed road),Collector,40,Mid-block,Rain,Dark - lit,Two-wheeler,Drunk driving,Minor,0,1
PN202103260,2021-08-22,2021,8,Wed,0,00:28,18.465973,73.865407,(unnamed road),Local,30,Junction,Clear,Dark - lit,Two-wheeler,Drunk driving,Grievous,0,3
PN202101997,2021-08-22,2021,8,Wed,10,10:08,18.647931,73.787314,Kandoba Chowk Underpass,Highway,80,Mid-block,Clear,Daylight,Two-wheeler,Rash/careless driving,Minor,0,0
PN202102038,2021-08-22,2021,8,Wed,10,10:37,18.672267,73.889992,Dehu - Alandi Road,Arterial,50,Junction,Clear,Daylight,Pedestrian,Over-speeding,Grievous,0,3
PN202100044,2021-08-23,2021,8,Thu,13,13:47,18.500885,73.936781,Solapur Road,Arterial,50,Junction,Rain,Daylight,Two-wheeler,Over-speeding,Minor,0,2
PN202101371,2021-08-23,2021,8,Thu,15,15:06,18.667991,73.7823,(unnamed road),Arterial,50,Mid-block,Rain,Daylight,Two-wheeler,Wrong-side driving,Minor,0,1
PN202100546,2021-08-24,2021,8,Fri,0,00:25,18.50472,73.919288,Solapur Road Flyover,Highway,60,Junction,Clear,Dark - unlit,Truck/Tempo,Over-speeding,Fatal,1,2
PN202103256,2021-08-25,2021,8,Sat,16,16:05,18.455282,73.795007,(unnamed road),Collector,30,Mid-block,Clear,Daylight,Car,Over-speeding,Fatal,1,0
PN202101619,2021-08-25,2021,8,Sat,18,18:12,18.496442,73.838388,Dattawadi Road,Collector,40,Junction,Clear,Dusk/Dawn,Two-wheeler,Over-speeding,Fatal,1,0
PN202101881,2021-08-26,2021,8,Sun,6,06:58,18.483933,73.815211,(unnamed road),Local,30,Mid-block,Rain,Dusk/Dawn,Two-wheeler,Rash/careless driving,Grievous,0,3
PN202100125,2021-08-26,2021,8,Sun,15,15:32,18.610782,73.819064,Old Mumbai Pune Highway,Highway,80,Junction,Cloudy,Daylight,Two-wheeler,Wrong-side driving,Minor,0,1
PN202101018,2021-08-26,2021,8,Sun,22,22:42,18.485958,73.797308,Warje Road,Collector,40,Junction,Cloudy,Dark - lit,Car,Drunk driving,Fatal,1,1
PN202102084,2021-08-27,2021,8,Mon,8,08:39,18.593502,73.773609,Kaspate Vasti Road,Arterial,50,Junction,Clear,Daylight,Car,Rash/careless driving,Grievous,0,2
PN202102456,2021-08-27,2021,8,Mon,13,13:32,18.499621,73.813756,Karve Road,Arterial,65,Junction,Rain,Daylight,Two-wheeler,Pothole/road condition,Grievous,0,3
PN202100055,2021-08-27,2021,8,Mon,13,13:42,18.500969,73.791573,Katraj - Dehu Road Bypass,Highway,80,Bridge/Slope,Clear,Daylight,Car,Over-speeding,Fatal,1,0
PN202101538,2021-08-27,2021,8,Mon,18,18:42,18.651593,73.768405,(unnamed road),Local,30,Junction,Clear,Dusk/Dawn,Two-wheeler,Wrong-side driving,Grievous,0,1
PN202101928,2021-08-28,2021,8,Tue,9,09:15,18.432163,73.725306,(unnamed road),Collector,40,Mid-block,Clear,Daylight,Pedestrian,Mobile phone use,Fatal,1,2
PN202102968,2021-08-28,2021,8,Tue,19,19:00,18.530816,73.846788,Ganeshkhind Road,Arterial,50,Junction,Rain,Dark - unlit,Two-wheeler,Other,Fatal,1,2
PN202103798,2021-09-01,2021,9,Sat,6,06:05,18.479238,73.804848,Ram Nagar Road,Collector,40,Mid-block,Clear,Dusk/Dawn,Car,Drunk driving,Fatal,1,0
PN202103603,2021-09-01,2021,9,Sat,6,06:29,18.656686,73.755994,Bhalchandre Nagari Road,Collector,40,Mid-block,Rain,Dusk/Dawn,Two-wheeler,Pothole/road condition,Grievous,0,2
PN202102824,2021-09-01,2021,9,Sat,16,16:21,18.626601,73.805452,Pimpri Chowk Underpass,Highway,80,Mid-block,Cloudy,Daylight,Bus,Over-speeding,Fatal,1,2
PN202101813,2021-09-02,2021,9,Sun,8,08:30,18.690121,73.974861,(unnamed road),Collector,40,Mid-block,Clear,Daylight,Car,Over-speeding,Grievous,0,1
PN202101623,2021-09-02,2021,9,Sun,9,09:08,18.618024,74.022039,NH753F,Highway,60,Mid-block,Rain,Daylight,Two-wheeler,Over-speeding,Fatal,1,2
PN202102495,2021-09-02,2021,9,Sun,12,12:14,18.50716,73.853694,Bajirao Road,Highway,60,Mid-block,Rain,Daylight,Truck/Tempo,Over-speeding,Fatal,2,0
PN202100940,2021-09-03,2021,9,Mon,0,00:37,18.56514,73.912825,Viman Nagar Road,Collector,40,Junction,Cloudy,Dark - lit,Auto-rickshaw,Rash/careless driving,Grievous,0,3
PN202103351,2021-09-03,2021,9,Mon,16,16:37,18.671085,73.726046,(unnamed road),Arterial,50,Mid-block,Clear,Daylight,Car,Over-speeding,Minor,0,2
PN202101486,2021-09-03,2021,9,Mon,20,20:03,18.480729,73.911226,(unnamed road),Local,30,Mid-block,Clear,Dark - lit,Bicycle,Rash/careless driving,Grievous,0,2
PN202100564,2021-09-03,2021,9,Mon,20,20:28,18.430617,73.840722,Ambegaon Viaduct,Highway,75,Bridge/Slope,Clear,Dark - unlit,Car,Signal jumping,Fatal,1,2
PN202102191,2021-09-04,2021,9,Tue,12,12:23,18.506678,73.884913,Solapur Road,Highway,60,Mid-block,Clear,Daylight,Auto-rickshaw,Signal jumping,Grievous,0,1
PN202103902,2021-09-04,2021,9,Tue,17,17:20,18.519755,73.875425,Sadhu Vaswani Path,Arterial,50,Junction,Cloudy,Daylight,Truck/Tempo,Other,Minor,0,1
PN202103769,2021-09-05,2021,9,Wed,20,20:22,18.635648,73.790326,(unnamed road),Local,30,Mid-block,Cloudy,Dark - lit,Two-wheeler,Other,Minor,0,0
PN202101941,2021-09-06,2021,9,Thu,19,19:13,18.495249,73.852806,(unnamed road),Local,30,Junction,Cloudy,Dark - lit,Auto-rickshaw,Wrong-side driving,Minor,0,0
PN202102785,2021-09-07,2021,9,Fri,11,11:36,18.490931,73.932485,Kale Borate Nagar Road,Collector,40,Junction,Rain,Daylight,Pedestrian,Rash/careless driving,Grievous,0,3
PN202100637,2021-09-08,2021,9,Sat,2,02:10,18.444845,73.836174,Katraj - Dehu Road Bypass,Highway,85,Bridge/Slope,Clear,Dark - unlit,Truck/Tempo,Over-speeding,Grievous,0,3
PN202101131,2021-09-08,2021,9,Sat,22,22:49,18.649745,73.830665,(unnamed road),Arterial,50,Mid-block,Clear,Dark - lit,Auto-rickshaw,Over-speeding,Grievous,0,2
PN202100507,2021-09-09,2021,9,Sun,2,02:43,18.605222,73.751741,(unnamed road),Arterial,40,Junction,Clear,Dark - lit,Two-wheeler,Over-speeding,Minor,0,2
PN202101068,2021-09-10,2021,9,Mon,6,06:17,18.561227,73.919028,Nagar Road,Highway,60,Mid-block,Clear,Dusk/Dawn,Two-wheeler,Pothole/road condition,Grievous,0,2
PN202102145,2021-09-10,2021,9,Mon,17,17:59,18.439652,73.954971,(unnamed road),Collector,40,Mid-block,Clear,Daylight,Truck/Tempo,Brake failure/vehicle defect,Grievous,0,2
PN202103548,2021-09-10,2021,9,Mon,22,22:35,18.537043,73.850564,Old Pune–Mumbai Highway,Highway,40,Junction,Clear,Dark - unlit,Truck/Tempo,Over-speeding,Fatal,2,0
PN202101196,2021-09-10,2021,9,Mon,23,23:09,18.503862,73.739867,(unnamed road),Local,30,Junction,Clear,Dark - lit,Pedestrian,Drunk driving,Grievous,0,1
PN202102079,2021-09-11,2021,9,Tue,1,01:36,18.647364,73.844777,Spine Road,Arterial,50,Mid-block,Rain,Dark - lit,Pedestrian,Over-speeding,Fatal,1,0
PN202101567,2021-09-11,2021,9,Tue,9,09:12,18.542847,73.788715,Pashan-Sus Road,Arterial,50,Mid-block,Cloudy,Daylight,Car,Drunk driving,Grievous,0,1
PN202101675,2021-09-11,2021,9,Tue,9,09:32,18.557245,73.846102,Breman Chowk - Khadki Bazar Road,Arterial,50,Junction,Clear,Daylight,Truck/Tempo,Pothole/road condition,Minor,0,2
PN202100677,2021-09-11,2021,9,Tue,18,18:49,18.563377,73.935118,Nagar Road,Highway,60,Junction,Clear,Dusk/Dawn,Two-wheeler,Rash/careless driving,Fatal,1,0
PN202101380,2021-09-11,2021,9,Tue,20,20:50,18.537318,73.934214,Kharadi Bypass,Highway,60,Junction,Clear,Dark - unlit,Pedestrian,Mobile phone use,Fatal,1,1
PN202101117,2021-09-12,2021,9,Wed,2,02:56,18.474917,73.82247,Sinhagad Road Flyover,Arterial,50,Mid-block,Rain,Dark - unlit,Two-wheeler,Over-speeding,Fatal,1,2
PN202101732,2021-09-12,2021,9,Wed,21,21:40,18.549974,73.809781,Gopal Hari Deshmukh Marg,Arterial,50,Junction,Clear,Dark - lit,Car,Wrong-side driving,Minor,0,0
PN202103637,2021-09-12,2021,9,Wed,21,21:59,18.715412,73.848392,Pune Nashik Road,Highway,60,Mid-block,Rain,Dark - unlit,Auto-rickshaw,Over-speeding,Fatal,2,0
PN202102896,2021-09-13,2021,9,Thu,2,02:44,18.673523,73.80062,(unnamed road),Local,30,Mid-block,Clear,Dark - lit,Two-wheeler,Over-speeding,Minor,0,0
PN202101601,2021-09-13,2021,9,Thu,10,10:35,18.457178,73.938031,NH548DD,Highway,60,Mid-block,Cloudy,Daylight,Two-wheeler,Mobile phone use,Fatal,1,0
PN202103344,2021-09-13,2021,9,Thu,14,14:17,18.526039,73.92981,(unnamed road),Local,30,Mid-block,Rain,Daylight,Two-wheeler,Pothole/road condition,Grievous,0,2
PN202100301,2021-09-13,2021,9,Thu,19,19:58,18.505882,73.917757,(unnamed road),Collector,40,Junction,Rain,Dark - unlit,Two-wheeler,Pothole/road condition,Minor,0,0
PN202102946,2021-09-13,2021,9,Thu,23,23:20,18.589601,73.821731,(unnamed road),Local,30,Mid-block,Clear,Dark - unlit,Two-wheeler,Other,Grievous,0,3
PN202100281,2021-09-15,2021,9,Sat,4,04:51,18.430024,73.841276,Katraj - Dehu Road Bypass,Highway,80,Bridge/Slope,Cloudy,Dark - unlit,Two-wheeler,Over-speeding,Fatal,1,2
PN202102305,2021-09-15,2021,9,Sat,16,16:48,18.577027,73.787876,New DP Road,Arterial,50,Mid-block,Clear,Daylight,Two-wheeler,Rash/careless driving,Minor,0,1
PN202101829,2021-09-16,2021,9,Sun,7,07:07,18.438634,73.998736,(unnamed road),Local,30,Mid-block,Rain,Daylight,Two-wheeler,Rash/careless driving,Grievous,0,1
PN202101837,2021-09-16,2021,9,Sun,7,07:11,18.605505,73.784323,Pimple Saudagar - Kalewadi Road,Arterial,50,Junction,Clear,Daylight,Two-wheeler,Over-speeding,Fatal,1,1
PN202101973,2021-09-16,2021,9,Sun,14,14:36,18.477487,73.980181,(unnamed road),Collector,40,Mid-block,Rain,Daylight,Two-wheeler,Drunk driving,Fatal,1,0
PN202103202,2021-09-17,2021,9,Mon,21,21:28,18.42566,73.766131,Sinhagad Road,Arterial,50,Mid-block,Rain,Dark - lit,Truck/Tempo,Pothole/road condition,Fatal,1,1
PN202103811,2021-09-18,2021,9,Tue,13,13:51,18.676017,73.812933,(unnamed road),Local,30,Junction,Rain,Daylight,Pedestrian,Over-speeding,Grievous,0,2
PN202101404,2021-09-18,2021,9,Tue,14,14:26,18.452175,73.766586,NDA Road,Arterial,50,Mid-block,Clear,Daylight,Auto-rickshaw,Brake failure/vehicle defect,Grievous,0,1
PN202103241,2021-09-18,2021,9,Tue,15,15:48,18.615259,73.815053,Old Mumbai Pune Highway,Highway,80,Mid-block,Cloudy,Daylight,Pedestrian,Pothole/road condition,Minor,0,0
PN202100662,2021-09-19,2021,9,Wed,12,12:27,18.441593,73.974354,Saswad Road,Highway,60,Junction,Rain,Daylight,Two-wheeler,Over-speeding,Minor,0,0
PN202103406,2021-09-19,2021,9,Wed,20,20:47,18.517748,73.963173,(unnamed road),Local,30,Mid-block,Clear,Dark - lit,Two-wheeler,Other,Grievous,0,1
PN202102991,2021-09-20,2021,9,Thu,10,10:04,18.650787,73.831385,(unnamed road),Arterial,50,Mid-block,Cloudy,Daylight,Two-wheeler,Rash/careless driving,Grievous,0,1
PN202100768,2021-09-20,2021,9,Thu,11,11:30,18.494706,73.787813,Katraj - Dehu Road Bypass,Highway,80,Bridge/Slope,Rain,Daylight,Truck/Tempo,Over-speeding,Grievous,0,1
PN202101478,2021-09-20,2021,9,Thu,19,19:59,18.466075,73.857825,Satara Road,Highway,60,Junction,Clear,Dark - unlit,Car,Rash/careless driving,Grievous,0,2
PN202103382,2021-09-20,2021,9,Thu,23,23:09,18.457751,73.806096,Sinhagad Road,Arterial,50,Junction,Rain,Dark - lit,Truck/Tempo,Over-speeding,Fatal,1,2
PN202101757,2021-09-21,2021,9,Fri,10,10:46,18.598408,73.933289,(unnamed road),Local,30,Junction,Clear,Daylight,Car,Rash/careless driving,Grievous,0,2
PN202101316,2021-09-21,2021,9,Fri,12,12:06,18.663154,73.718939,Mumbai - Pune Expressway,Highway,100,Mid-block,Cloudy,Daylight,Truck/Tempo,Rash/careless driving,Fatal,1,0
PN202102091,2021-09-21,2021,9,Fri,12,12:59,18.633617,73.823271,(unnamed road),Local,30,Mid-block,Clear,Daylight,Two-wheeler,Wrong-side driving,Minor,0,2
PN202102360,2021-09-21,2021,9,Fri,20,20:31,18.705758,73.760327,Old Pune Mumbai Highway-Dehu Gaon Road,Arterial,50,Mid-block,Rain,Dark - lit,Truck/Tempo,Over-speeding,Minor,0,0
PN202101882,2021-09-21,2021,9,Fri,21,21:23,18.645082,73.797109,(unnamed road),Local,30,Mid-block,Rain,Dark - lit,Car,Over-speeding,Grievous,0,2
PN202100312,2021-09-22,2021,9,Sat,8,08:56,18.460072,73.823068,Katraj - Dehu Road Bypass,Highway,60,Junction,Rain,Daylight,Truck/Tempo,Over-speeding,Grievous,0,1
PN202101143,2021-09-22,2021,9,Sat,10,10:40,18.677863,73.87222,Dehu - Alandi Road,Arterial,50,Junction,Clear,Daylight,Bus,Over-speeding,Minor,0,0
PN202100796,2021-09-22,2021,9,Sat,12,12:05,18.4605,73.823065,Katraj - Dehu Road Bypass,Highway,60,Junction,Cloudy,Daylight,Car,Brake failure/vehicle defect,Fatal,1,0
PN202102527,2021-09-22,2021,9,Sat,14,14:34,18.590247,73.91024,(unnamed road),Local,30,Mid-block,Rain,Daylight,Pedestrian,Over-speeding,Fatal,1,0
PN202100799,2021-09-22,2021,9,Sat,21,21:04,18.430829,73.84045,Ambegaon Viaduct,Highway,75,Bridge/Slope,Cloudy,Dark - unlit,Two-wheeler,Over-speeding,Fatal,1,2
PN202101087,2021-09-23,2021,9,Sun,15,15:09,18.615037,73.81508,(unnamed road),Arterial,50,Mid-block,Clear,Daylight,Two-wheeler,Signal jumping,Minor,0,1
PN202102243,2021-09-23,2021,9,Sun,18,18:29,18.464511,74.022696,(unnamed road),Collector,40,Mid-block,Clear,Dusk/Dawn,Two-wheeler,Over-speeding,Fatal,1,1
PN202102290,2021-09-24,2021,9,Mon,7,07:19,18.647289,73.84847,Spine Road,Arterial,50,Mid-block,Clear,Daylight,Two-wheeler,Over-speeding,Minor,0,0
PN202100713,2021-09-24,2021,9,Mon,23,23:13,18.502623,73.937135,Tupe Patil Road,Collector,40,Junction,Rain,Dark - lit,Two-wheeler,Over-speeding,Minor,0,2
PN202102201,2021-09-25,2021,9,Tue,6,06:12,18.639251,73.790816,(unnamed road),Local,30,Junction,Clear,Dusk/Dawn,Two-wheeler,Rash/careless driving,Minor,0,2
PN202101431,2021-09-25,2021,9,Tue,14,14:44,18.498125,73.84132,Sinhagad Road,Arterial,50,Mid-block,Rain,Daylight,Car,Rash/careless driving,Minor,0,0
PN202102212,2021-09-25,2021,9,Tue,19,19:57,18.617002,73.849629,(unnamed road),Arterial,50,Junction,Cloudy,Dark - lit,Two-wheeler,Brake failure/vehicle defect,Minor,0,0
PN202101557,2021-09-26,2021,9,Wed,9,09:00,18.518989,73.928298,(unnamed road),Local,30,Junction,Rain,Daylight,Two-wheeler,Signal jumping,Grievous,0,2
PN202101618,2021-09-26,2021,9,Wed,22,22:50,18.673935,73.893292,(unnamed road),Arterial,50,Junction,Clear,Dark - lit,Bus,Other,Grievous,0,2
PN202101381,2021-09-27,2021,9,Thu,9,09:05,18.463127,73.846253,(unnamed road),Local,30,Junction,Clear,Daylight,Pedestrian,Over-speeding,Fatal,1,2
PN202101379,2021-09-27,2021,9,Thu,12,12:26,18.494797,73.982203,Solapur Road,Highway,60,Mid-block,Clear,Daylight,Auto-rickshaw,Over-speeding,Minor,0,2
PN202102217,2021-09-28,2021,9,Fri,2,02:34,18.67985,73.800093,(unnamed road),Local,30,Mid-block,Rain,Dark - lit,Car,Over-speeding,Grievous,0,3
PN202103576,2021-09-28,2021,9,Fri,19,19:39,18.56076,73.78811,(unnamed road),Collector,40,Junction,Cloudy,Dark - lit,Truck/Tempo,Over-speeding,Fatal,1,0
PN202102981,2021-10-01,2021,10,Tue,10,10:04,18.543569,73.836606,(unnamed road),Local,30,Mid-block,Clear,Daylight,Pedestrian,Over-speeding,Grievous,0,3
PN202100568,2021-10-01,2021,10,Tue,14,14:26,18.550517,73.937524,Kharadi South Main Road,Arterial,50,Junction,Clear,Daylight,Truck/Tempo,Over-speeding,Minor,0,1
PN202103686,2021-10-01,2021,10,Tue,14,14:30,18.629356,73.802987,Punyashlok Ahilyabai Holkar Underpass,Highway,80,Mid-block,Clear,Daylight,Car,Over-speeding,Minor,0,1
PN202103903,2021-10-01,2021,10,Tue,16,16:25,18.506327,73.985357,(unnamed road),Local,30,Mid-block,Clear,Daylight,Pedestrian,Signal jumping,Grievous,0,1
PN202100204,2021-10-01,2021,10,Tue,16,16:26,18.459323,73.824119,Navale Flyover,Highway,80,Bridge/Slope,Rain,Daylight,Two-wheeler,Over-speeding,Minor,0,0
PN202102066,2021-10-01,2021,10,Tue,21,21:05,18.659314,73.943543,(unnamed road),Collector,40,Mid-block,Clear,Dark - lit,Pedestrian,Over-speeding,Fatal,1,2
PN202100979,2021-10-01,2021,10,Tue,23,23:19,18.495097,73.78777,Katraj - Dehu Road Bypass,Highway,80,Bridge/Slope,Clear,Dark - unlit,Two-wheeler,Over-speeding,Fatal,1,1
PN202103200,2021-10-02,2021,10,Wed,15,15:26,18.459226,73.893035,(unnamed road),Local,30,Junction,Clear,Daylight,Pedestrian,Over-speeding,Minor,0,0
PN202101846,2021-10-02,2021,10,Wed,15,15:35,18.686768,73.789497,Talawade Road,Arterial,50,Junction,Cloudy,Daylight,Two-wheeler,Over-speeding,Grievous,0,1
PN202102264,2021-10-02,2021,10,Wed,18,18:23,18.582705,73.88329,Dhanori Road,Arterial,50,Junction,Clear,Dusk/Dawn,Two-wheeler,Other,Fatal,1,0
PN202101534,2021-10-03,2021,10,Thu,7,07:25,18.679202,73.848042,Dehu - Alandi Road,Arterial,50,Mid-block,Clear,Daylight,Auto-rickshaw,Over-speeding,Minor,0,0
PN202100130,2021-10-03,2021,10,Thu,20,20:12,18.550209,73.937045,Kharadi Bypass,Highway,60,Junction,Clear,Dark - unlit,Bus,Over-speeding,Grievous,0,3
PN202103383,2021-10-03,2021,10,Thu,22,22:48,18.619638,73.791934,(unnamed road),Local,30,Mid-block,Clear,Dark - lit,Two-wheeler,Drunk driving,Minor,0,0
PN202103660,2021-10-04,2021,10,Fri,1,01:22,18.5587,73.91203,Nagar Road,Highway,60,Mid-block,Clear,Dark - unlit,Two-wheeler,Pothole/road condition,Grievous,0,2
PN202102889,2021-10-05,2021,10,Sat,23,23:10,18.65528,73.831993,Golden cafe,Collector,50,Mid-block,Clear,Dark - lit,Auto-rickshaw,Rash/careless driving,Grievous,0,1
PN202101027,2021-10-07,2021,10,Mon,19,19:15,18.534211,73.928167,Mundhwa Road,Arterial,40,Junction,Clear,Dark - lit,Car,Over-speeding,Fatal,1,0
PN202100027,2021-10-08,2021,10,Tue,12,12:47,18.443249,73.837397,Katraj - Dehu Road Bypass,Highway,85,Bridge/Slope,Clear,Daylight,Two-wheeler,Over-speeding,Grievous,0,3
PN202103285,2021-10-08,2021,10,Tue,19,19:59,18.513413,73.87992,East Street,Arterial,50,Junction,Rain,Dark - lit,Auto-rickshaw,Rash/careless driving,Grievous,0,2
PN202102195,2021-10-09,2021,10,Wed,10,10:57,18.493968,73.828379,(unnamed road),Local,30,Junction,Clear,Daylight,Two-wheeler,Over-speeding,Minor,0,1
PN202101386,2021-10-10,2021,10,Thu,9,09:20,18.599422,73.744844,New Wakad - Hinjawadi Link Road,Arterial,50,Junction,Clear,Daylight,Car,Over-speeding,Fatal,1,2
PN202101115,2021-10-11,2021,10,Fri,0,00:14,18.456154,73.872929,(unnamed road),Local,30,Mid-block,Clear,Dark - lit,Two-wheeler,Signal jumping,Grievous,0,3
PN202101480,2021-10-12,2021,10,Sat,16,16:53,18.522493,73.874141,Vinod Pathak Path,Arterial,50,Junction,Clear,Daylight,Two-wheeler,Rash/careless driving,Minor,0,2
PN202101034,2021-10-12,2021,10,Sat,17,17:33,18.459075,73.825059,Katraj - Dehu Road Bypass,Highway,60,Bridge/Slope,Clear,Daylight,Pedestrian,Rash/careless driving,Minor,0,0
PN202101391,2021-10-12,2021,10,Sat,20,20:05,18.670152,73.950667,(unnamed road),Local,30,Junction,Clear,Dark - unlit,Auto-rickshaw,Rash/careless driving,Minor,0,1
PN202100937,2021-10-12,2021,10,Sat,20,20:59,18.500972,73.791575,Katraj - Dehu Road Bypass,Highway,80,Bridge/Slope,Clear,Dark - unlit,Bus,Over-speeding,Fatal,2,1
PN202102956,2021-10-13,2021,10,Sun,19,19:06,18.638156,73.795653,Chinchwad Chowk Underpass,Highway,80,Mid-block,Clear,Dark - unlit,Two-wheeler,Drunk driving,Fatal,1,1
PN202100879,2021-10-13,2021,10,Sun,19,19:54,18.500797,73.791267,Katraj - Dehu Road Bypass,Highway,80,Bridge/Slope,Clear,Dark - unlit,Truck/Tempo,Brake failure/vehicle defect,Minor,0,2
PN202101840,2021-10-14,2021,10,Mon,10,10:20,18.605262,73.752147,Mumbai - Satara Highway,Highway,80,Mid-block,Clear,Daylight,Car,Wrong-side driving,Minor,0,0
PN202102757,2021-10-17,2021,10,Thu,7,07:15,18.634891,73.79883,(unnamed road),Arterial,40,Junction,Clear,Daylight,Two-wheeler,Rash/careless driving,Fatal,1,0
PN202100424,2021-10-18,2021,10,Fri,10,10:48,18.501271,73.791664,Katraj - Dehu Road Bypass,Highway,80,Bridge/Slope,Cloudy,Daylight,Two-wheeler,Rash/careless driving,Fatal,1,0
PN202100347,2021-10-18,2021,10,Fri,17,17:55,18.485967,73.953847,Fursungi Bhekrai Road,Collector,40,Junction,Clear,Daylight,Car,Rash/careless driving,Minor,0,0
PN202102969,2021-10-19,2021,10,Sat,21,21:43,18.422186,73.934011,(unnamed road),Local,30,Mid-block,Clear,Dark - lit,Two-wheeler,Over-speeding,Grievous,0,2
PN202100706,2021-10-21,2021,10,Mon,14,14:17,18.504865,73.917649,(unnamed road),Collector,40,Junction,Clear,Daylight,Two-wheeler,Over-speeding,Grievous,0,1
PN202101047,2021-10-21,2021,10,Mon,18,18:14,18.603937,73.825082,(unnamed road),Arterial,40,Mid-block,Clear,Dusk/Dawn,Bicycle,Mobile phone use,Grievous,0,2
PN202101628,2021-10-22,2021,10,Tue,14,14:36,18.628585,73.9323,(unnamed road),Collector,40,Mid-block,Clear,Daylight,Car,Rash/careless driving,Minor,0,0
PN202100063,2021-10-23,2021,10,Wed,21,21:25,18.557698,73.945564,(unnamed road),Collector,40,Junction,Clear,Dark - lit,Car,Over-speeding,Fatal,1,2
PN202100726,2021-10-23,2021,10,Wed,22,22:03,18.606475,73.753611,(unnamed road),Arterial,40,Junction,Cloudy,Dark - lit,Bus,Wrong-side driving,Grievous,0,1
PN202102893,2021-10-24,2021,10,Thu,13,13:41,18.434513,73.859783,NH60,Highway,50,Mid-block,Cloudy,Daylight,Truck/Tempo,Over-speeding,Grievous,0,3
PN202100282,2021-10-24,2021,10,Thu,19,19:21,18.533946,73.929234,Mundhwa Road,Arterial,40,Junction,Clear,Dark - unlit,Car,Over-speeding,Minor,0,0
PN202102413,2021-10-26,2021,10,Sat,10,10:38,18.465241,73.817916,Katraj - Dehu Road Bypass,Highway,80,Mid-block,Clear,Daylight,Two-wheeler,Wrong-side driving,Fatal,1,0
PN202102764,2021-10-26,2021,10,Sat,13,13:10,18.687358,73.807275,Dehu - Alandi Road,Arterial,50,Mid-block,Clear,Daylight,Two-wheeler,Rash/careless driving,Grievous,0,2
PN202103110,2021-10-27,2021,10,Sun,12,12:51,18.455295,73.767252,NDA Road,Arterial,50,Junction,Clear,Daylight,Two-wheeler,Over-speeding,Grievous,0,2
PN202103797,2021-10-27,2021,10,Sun,19,19:58,18.470803,73.872969,(unnamed road),Local,30,Junction,Clear,Dark - unlit,Pedestrian,Drunk driving,Grievous,0,3
PN202100695,2021-10-27,2021,10,Sun,21,21:54,18.459733,73.82341,Katraj - Dehu Road Bypass,Highway,60,Junction,Clear,Dark - unlit,Truck/Tempo,Brake failure/vehicle defect,Fatal,2,0
PN202100413,2021-10-27,2021,10,Sun,22,22:20,18.49494,73.78777,Katraj - Dehu Road Bypass,Highway,80,Bridge/Slope,Clear,Dark - unlit,Truck/Tempo,Drunk driving,Grievous,0,1
PN202103422,2021-10-28,2021,10,Mon,8,08:47,18.462096,73.820346,Katraj - Dehu Road Bypass,Highway,60,Junction,Clear,Daylight,Two-wheeler,Wrong-side driving,Fatal,1,1
PN202100099,2021-10-28,2021,10,Mon,10,10:01,18.460571,73.822959,Katraj - Dehu Road Bypass,Highway,60,Junction,Clear,Daylight,Bicycle,Rash/careless driving,Fatal,1,1
PN202102589,2021-10-28,2021,10,Mon,15,15:49,18.541898,73.983826,(unnamed road),Local,30,Mid-block,Clear,Daylight,Two-wheeler,Over-speeding,Grievous,0,1
PN202100608,2021-11-01,2021,11,Fri,16,16:17,18.484729,73.799748,Warje Road,Collector,30,Junction,Clear,Daylight,Two-wheeler,Over-speeding,Fatal,1,2
PN202100908,2021-11-02,2021,11,Sat,10,10:12,18.497395,73.94233,Saswad Road,Highway,60,Mid-block,Clear,Daylight,Two-wheeler,Over-speeding,Grievous,0,2
PN202103035,2021-11-02,2021,11,Sat,14,14:42,18.471761,73.795808,(unnamed road),Local,30,Junction,Cloudy,Daylight,Two-wheeler,Other,Grievous,0,3
PN202100620,2021-11-03,2021,11,Sun,11,11:58,18.495499,73.787956,Katraj - Dehu Road Bypass,Highway,80,Bridge/Slope,Clear,Daylight,Two-wheeler,Pothole/road condition,Grievous,0,1
PN202100771,2021-11-03,2021,11,Sun,15,15:49,18.607781,73.820626,Kasarwadi - Pimple Gurav Road,Arterial,50,Junction,Clear,Daylight,Two-wheeler,Rash/careless driving,Minor,0,1
PN202101113,2021-11-04,2021,11,Mon,17,17:44,18.588925,73.788322,Aundh Ravet Road,Arterial,50,Mid-block,Clear,Daylight,Pedestrian,Over-speeding,Grievous,0,2
PN202103115,2021-11-04,2021,11,Mon,18,18:45,18.52583,73.831348,Hanumant Eknath Vitkar Path,Collector,40,Junction,Clear,Dusk/Dawn,Two-wheeler,Drunk driving,Grievous,0,2
PN202103335,2021-11-05,2021,11,Tue,7,07:26,18.65523,73.944385,(unnamed road),Collector,40,Mid-block,Cloudy,Daylight,Car,Over-speeding,Grievous,0,1
PN202100234,2021-11-05,2021,11,Tue,17,17:39,18.445315,73.835846,Katraj - Dehu Road Bypass,Highway,85,Bridge/Slope,Clear,Daylight,Pedestrian,Over-speeding,Fatal,2,2
PN202100555,2021-11-07,2021,11,Thu,19,19:16,18.507746,73.78762,Paud Road,Arterial,40,Junction,Clear,Dark - lit,Car,Drunk driving,Minor,0,1
PN202103928,2021-11-09,2021,11,Sat,14,14:26,18.634358,73.874937,Sant Jnaneshwar Marg,Arterial,50,Junction,Clear,Daylight,Car,Over-speeding,Fatal,1,1
PN202103028,2021-11-10,2021,11,Sun,18,18:02,18.691021,73.756299,(unnamed road),Collector,40,Mid-block,Clear,Dusk/Dawn,Car,Over-speeding,Minor,0,1
PN202101860,2021-11-10,2021,11,Sun,19,19:51,18.507078,73.78465,(unnamed road),Highway,40,Mid-block,Clear,Dark - unlit,Car,Over-speeding,Fatal,1,0
PN202103707,2021-11-11,2021,11,Mon,2,02:13,18.567547,74.019866,(unnamed road),Collector,40,Mid-block,Clear,Dark - lit,Bicycle,Signal jumping,Minor,0,0
PN202102667,2021-11-11,2021,11,Mon,20,20:20,18.603123,73.727774,(unnamed road),Collector,30,Junction,Clear,Dark - unlit,Truck/Tempo,Signal jumping,Grievous,0,3
PN202101569,2021-11-11,2021,11,Mon,22,22:23,18.597602,73.781863,Aundh Ravet Road Flyover,Arterial,50,Mid-block,Clear,Dark - unlit,Car,Over-speeding,Grievous,0,2
PN202101329,2021-11-12,2021,11,Tue,0,00:17,18.482267,73.826722,Sinhagad Road Flyover,Arterial,50,Mid-block,Clear,Dark - lit,Two-wheeler,Over-speeding,Fatal,1,2
PN202100117,2021-11-12,2021,11,Tue,9,09:49,18.494716,73.787811,Katraj - Dehu Road Bypass,Highway,80,Bridge/Slope,Clear,Daylight,Truck/Tempo,Rash/careless driving,Minor,0,2
PN202100513,2021-11-12,2021,11,Tue,13,13:49,18.456443,73.858414,Satara Road,Highway,60,Junction,Clear,Daylight,Two-wheeler,Over-speeding,Minor,0,1
PN202100653,2021-11-13,2021,11,Wed,4,04:31,18.461032,73.822235,Katraj - Dehu Road Bypass,Highway,60,Bridge/Slope,Clear,Dark - unlit,Truck/Tempo,Rash/careless driving,Fatal,1,1
PN202101372,2021-11-13,2021,11,Wed,9,09:45,18.50198,73.809286,DP Road,Arterial,50,Mid-block,Clear,Daylight,Two-wheeler,Over-speeding,Minor,0,2
PN202102484,2021-11-13,2021,11,Wed,20,20:46,18.555978,73.752881,(unnamed road),Local,30,Junction,Cloudy,Dark - unlit,Bus,Pothole/road condition,Grievous,0,1
PN202102966,2021-11-14,2021,11,Thu,13,13:49,18.574147,73.738056,Blue Ridge Approach Road,Collector,30,Mid-block,Cloudy,Daylight,Truck/Tempo,Mobile phone use,Grievous,0,3
PN202101232,2021-11-15,2021,11,Fri,5,05:29,18.453925,73.959376,(unnamed road),Local,30,Mid-block,Clear,Dark - unlit,Two-wheeler,Rash/careless driving,Minor,0,0
PN202100621,2021-11-16,2021,11,Sat,22,22:45,18.608965,73.82026,Bharatratna J.R.D Tata Flyover Ramp,Arterial,40,Junction,Clear,Dark - lit,Two-wheeler,Over-speeding,Minor,0,2
PN202101828,2021-11-17,2021,11,Sun,17,17:19,18.516196,73.773025,Patil nagar road,Collector,40,Junction,Clear,Daylight,Car,Other,Grievous,0,1
PN202100722,2021-11-17,2021,11,Sun,18,18:31,18.48413,73.79998,Warje Exit,Collector,30,Junction,Clear,Dusk/Dawn,Two-wheeler,Over-speeding,Minor,0,2
PN202103216,2021-11-18,2021,11,Mon,12,12:41,18.496853,73.8749,Shankar Rao Lohane Marg,Collector,40,Junction,Clear,Daylight,Two-wheeler,Drunk driving,Fatal,1,1
PN202100382,2021-11-18,2021,11,Mon,13,13:06,18.502639,73.792363,Katraj - Dehu Road Bypass,Highway,80,Junction,Clear,Daylight,Two-wheeler,Over-speeding,Fatal,1,2
PN202102762,2021-11-19,2021,11,Tue,13,13:18,18.598279,73.824888,(unnamed road),Local,30,Junction,Clear,Daylight,Car,Over-speeding,Grievous,0,3
PN202103496,2021-11-19,2021,11,Tue,19,19:07,18.684677,73.690873,Mumbai - Pune Expressway,Highway,100,Mid-block,Clear,Dark - unlit,Pedestrian,Over-speeding,Fatal,1,2
PN202101333,2021-11-20,2021,11,Wed,10,10:18,18.613828,74.012681,(unnamed road),Local,30,Mid-block,Clear,Daylight,Two-wheeler,Over-speeding,Minor,0,0
PN202103563,2021-11-20,2021,11,Wed,14,14:21,18.532089,73.853293,Old Pune–Mumbai Highway,Highway,60,Mid-block,Clear,Daylight,Two-wheeler,Over-speeding,Fatal,1,1
PN202103117,2021-11-21,2021,11,Thu,15,15:13,18.488752,73.872021,(unnamed road),Local,30,Junction,Clear,Daylight,Auto-rickshaw,Over-speeding,Fatal,1,0
PN202102768,2021-11-22,2021,11,Fri,9,09:47,18.506406,73.905868,Pune-Solapur Road,Highway,60,Mid-block,Clear,Daylight,Two-wheeler,Over-speeding,Grievous,0,2
PN202100011,2021-11-24,2021,11,Sun,2,02:28,18.453619,73.828205,Katraj - Dehu Road Bypass,Highway,85,Bridge/Slope,Clear,Dark - unlit,Bicycle,Rash/careless driving,Fatal,2,2
PN202100269,2021-11-24,2021,11,Sun,15,15:29,18.5024,73.937488,(unnamed road),Collector,40,Junction,Clear,Daylight,Bus,Over-speeding,Fatal,1,2
PN202100990,2021-11-25,2021,11,Mon,8,08:24,18.484163,73.800546,Warje Exit,Collector,30,Junction,Clear,Daylight,Pedestrian,Drunk driving,Grievous,0,1
PN202102017,2021-11-25,2021,11,Mon,18,18:23,18.512997,73.862862,Mirza Ghalib Marg,Collector,40,Junction,Clear,Dusk/Dawn,Truck/Tempo,Rash/careless driving,Grievous,0,2
PN202102004,2021-11-26,2021,11,Tue,17,17:03,18.670337,73.738424,(unnamed road),Local,30,Junction,Clear,Daylight,Bicycle,Pothole/road condition,Grievous,0,1
PN202101886,2021-11-27,2021,11,Wed,2,02:55,18.49289,73.894195,Prince Of Wales Drive,Collector,40,Mid-block,Cloudy,Dark - unlit,Auto-rickshaw,Rash/careless driving,Minor,0,0
PN202101072,2021-11-27,2021,11,Wed,6,06:02,18.67947,73.785664,(unnamed road),Local,30,Mid-block,Clear,Dusk/Dawn,Two-wheeler,Wrong-side driving,Fatal,1,2
PN202101597,2021-11-27,2021,11,Wed,9,09:36,18.657495,73.84909,Pune Nashik Road,Highway,60,Mid-block,Rain,Daylight,Two-wheeler,Rash/careless driving,Minor,0,0
PN202103221,2021-11-27,2021,11,Wed,14,14:34,18.706239,73.760353,Old Pune Mumbai Highway-Dehu Gaon Road,Arterial,50,Mid-block,Clear,Daylight,Pedestrian,Over-speeding,Fatal,1,1
PN202103639,2021-11-27,2021,11,Wed,16,16:48,18.559412,73.955197,Grant Road,Arterial,50,Junction,Clear,Daylight,Bus,Over-speeding,Minor,0,0
PN202102799,2021-11-27,2021,11,Wed,17,17:21,18.428892,73.983224,(unnamed road),Local,30,Mid-block,Clear,Daylight,Two-wheeler,Over-speeding,Grievous,0,1
PN202100710,2021-11-27,2021,11,Wed,18,18:54,18.492331,73.998281,(unnamed road),Collector,40,Junction,Clear,Dusk/Dawn,Car,Other,Minor,0,0
PN202100649,2021-11-28,2021,11,Thu,14,14:03,18.443423,73.973658,NH965,Highway,60,Junction,Clear,Daylight,Pedestrian,Signal jumping,Grievous,0,2
PN202100101,2021-11-28,2021,11,Thu,22,22:25,18.430948,73.840033,Ambegaon Viaduct,Highway,75,Bridge/Slope,Clear,Dark - unlit,Truck/Tempo,Over-speeding,Grievous,0,3
PN202100310,2021-12-01,2021,12,Mon,8,08:26,18.430637,73.840493,Ambegaon Viaduct,Highway,75,Bridge/Slope,Clear,Daylight,Pedestrian,Over-speeding,Fatal,1,2
PN202103389,2021-12-01,2021,12,Mon,17,17:52,18.522864,73.876223,Sadhu Vaswani Path,Arterial,50,Mid-block,Cloudy,Daylight,Car,Over-speeding,Grievous,0,2
PN202102972,2021-12-01,2021,12,Mon,21,21:33,18.644807,73.85037,Pune Nashik Road,Highway,60,Mid-block,Clear,Dark - unlit,Two-wheeler,Over-speeding,Fatal,1,0
PN202103880,2021-12-02,2021,12,Tue,18,18:30,18.476383,73.807932,Katraj - Dehu Road Bypass,Highway,80,Junction,Clear,Dusk/Dawn,Truck/Tempo,Over-speeding,Grievous,0,1
PN202100743,2021-12-02,2021,12,Tue,22,22:24,18.53363,73.92986,Mundhwa Road,Arterial,40,Junction,Clear,Dark - lit,Two-wheeler,Over-speeding,Grievous,0,3
PN202101289,2021-12-03,2021,12,Wed,12,12:21,18.613221,73.740126,(unnamed road),Local,30,Mid-block,Clear,Daylight,Two-wheeler,Drunk driving,Minor,0,1
PN202100692,2021-12-03,2021,12,Wed,15,15:13,18.610481,73.819014,(unnamed road),Arterial,40,Junction,Clear,Daylight,Truck/Tempo,Over-speeding,Minor,0,1
PN202103370,2021-12-03,2021,12,Wed,17,17:02,18.453081,73.842202,Katraj - Dehu Road Bypass,Highway,60,Mid-block,Clear,Daylight,Truck/Tempo,Over-speeding,Fatal,2,0
PN202102945,2021-12-03,2021,12,Wed,22,22:47,18.549839,73.948604,(unnamed road),Collector,40,Junction,Clear,Dark - lit,Bicycle,Drunk driving,Grievous,0,2
PN202101032,2021-12-04,2021,12,Thu,16,16:38,18.507686,73.787241,Paud Road,Arterial,40,Junction,Clear,Daylight,Auto-rickshaw,Rash/careless driving,Grievous,0,1
PN202103334,2021-12-05,2021,12,Fri,17,17:24,18.553942,73.740161,(unnamed road),Local,30,Mid-block,Clear,Daylight,Two-wheeler,Over-speeding,Grievous,0,1
PN202102629,2021-12-05,2021,12,Fri,18,18:15,18.550476,73.955527,Grant Road,Arterial,50,Mid-block,Clear,Dusk/Dawn,Two-wheeler,Over-speeding,Minor,0,0
PN202100025,2021-12-06,2021,12,Sat,1,01:18,18.606375,73.754833,Phoenix Mall Road,Collector,40,Junction,Clear,Dark - lit,Two-wheeler,Rash/careless driving,Grievous,0,3
PN202100823,2021-12-06,2021,12,Sat,15,15:54,18.50773,73.787547,Paud Road,Arterial,40,Junction,Clear,Daylight,Car,Over-speeding,Fatal,1,2
PN202102254,2021-12-06,2021,12,Sat,22,22:22,18.455646,73.840217,(unnamed road),Local,30,Junction,Clear,Dark - lit,Auto-rickshaw,Rash/careless driving,Minor,0,0
PN202101187,2021-12-07,2021,12,Sun,13,13:34,18.500363,73.854007,Chimaji Appa Peshwe Path,Arterial,50,Mid-block,Clear,Daylight,Car,Over-speeding,Fatal,2,0
PN202103685,2021-12-08,2021,12,Mon,9,09:49,18.658652,73.721065,(unnamed road),Collector,40,Mid-block,Clear,Daylight,Two-wheeler,Over-speeding,Minor,0,1
PN202102098,2021-12-08,2021,12,Mon,16,16:40,18.502774,73.87044,(unnamed road),Local,30,Junction,Clear,Daylight,Two-wheeler,Rash/careless driving,Grievous,0,2
PN202101787,2021-12-08,2021,12,Mon,18,18:08,18.477515,73.934645,(unnamed road),Local,30,Mid-block,Clear,Dusk/Dawn,Two-wheeler,Over-speeding,Grievous,0,3
PN202103646,2021-12-09,2021,12,Tue,11,11:42,18.596503,73.949064,(unnamed road),Local,30,Junction,Clear,Daylight,Pedestrian,Rash/careless driving,Minor,0,0
PN202102204,2021-12-09,2021,12,Tue,18,18:02,18.644918,73.795075,(unnamed road),Collector,40,Junction,Clear,Dusk/Dawn,Two-wheeler,Over-speeding,Minor,0,2
PN202102309,2021-12-10,2021,12,Wed,5,05:11,18.580644,73.981264,Nagar Road,Highway,60,Mid-block,Clear,Dark - unlit,Two-wheeler,Rash/careless driving,Fatal,1,0
PN202103925,2021-12-10,2021,12,Wed,12,12:15,18.594483,73.728673,Bhumkar Das Gurge Road,Arterial,50,Junction,Clear,Daylight,Two-wheeler,Pothole/road condition,Minor,0,0
PN202100261,2021-12-11,2021,12,Thu,10,10:50,18.455894,73.858511,Satara Road,Highway,60,Junction,Cloudy,Daylight,Two-wheeler,Over-speeding,Grievous,0,1
PN202102569,2021-12-12,2021,12,Fri,6,06:32,18.509343,73.853736,Bajirao Road,Highway,60,Junction,Clear,Dusk/Dawn,Auto-rickshaw,Over-speeding,Grievous,0,2
PN202100578,2021-12-12,2021,12,Fri,18,18:56,18.454442,73.857463,Khashaba Jadhav Path | Lane Number 6,Collector,40,Junction,Cloudy,Dusk/Dawn,Two-wheeler,Pothole/road condition,Minor,0,1
PN202103605,2021-12-12,2021,12,Fri,19,19:57,18.567375,73.768203,Gopal Hari Deshmukh Marg,Arterial,50,Mid-block,Clear,Dark - unlit,Two-wheeler,Brake failure/vehicle defect,Fatal,1,1
PN202102782,2021-12-12,2021,12,Fri,22,22:21,18.545857,73.820918,Gopal Hari Deshmukh Marg,Arterial,50,Junction,Clear,Dark - lit,Pedestrian,Over-speeding,Grievous,0,1
PN202102984,2021-12-13,2021,12,Sat,8,08:09,18.532435,73.874254,Matoshri Ramabai Ambedkar Path,Collector,40,Junction,Clear,Daylight,Two-wheeler,Over-speeding,Minor,0,1
PN202102843,2021-12-13,2021,12,Sat,17,17:47,18.53224,73.877305,Bund Garden Road,Highway,60,Mid-block,Clear,Daylight,Truck/Tempo,Over-speeding,Fatal,2,0
PN202103581,2021-12-13,2021,12,Sat,20,20:06,18.486474,73.899794,(unnamed road),Collector,30,Mid-block,Clear,Dark - lit,Two-wheeler,Brake failure/vehicle defect,Fatal,1,0
PN202101930,2021-12-16,2021,12,Tue,16,16:53,18.515017,73.928226,Magarpatta Inner Circle,Collector,40,Junction,Clear,Daylight,Two-wheeler,Other,Grievous,0,1
PN202103212,2021-12-17,2021,12,Wed,9,09:19,18.479772,73.89633,B G Lonkar Road,Collector,40,Junction,Clear,Daylight,Auto-rickshaw,Over-speeding,Grievous,0,1
PN202101634,2021-12-17,2021,12,Wed,16,16:14,18.442293,73.956483,(unnamed road),Local,30,Mid-block,Clear,Daylight,Pedestrian,Other,Minor,0,1
PN202101563,2021-12-18,2021,12,Thu,17,17:16,18.494872,73.900626,(unnamed road),Local,30,Mid-block,Cloudy,Daylight,Two-wheeler,Over-speeding,Fatal,1,2
PN202101989,2021-12-19,2021,12,Fri,7,07:22,18.662806,73.771234,(unnamed road),Arterial,50,Junction,Clear,Daylight,Car,Rash/careless driving,Minor,0,1
PN202100965,2021-12-19,2021,12,Fri,10,10:41,18.507325,73.7869,Katraj - Dehu Road Bypass,Highway,80,Junction,Cloudy,Daylight,Two-wheeler,Rash/careless driving,Minor,0,1
PN202101615,2021-12-19,2021,12,Fri,22,22:51,18.670066,73.767275,Old Pune–Mumbai Highway,Highway,60,Mid-block,Clear,Dark - unlit,Truck/Tempo,Over-speeding,Fatal,1,0
PN202102549,2021-12-21,2021,12,Sun,23,23:11,18.655997,73.780374,Old Pune–Mumbai Highway,Highway,80,Mid-block,Clear,Dark - unlit,Car,Over-speeding,Fatal,2,2
PN202103057,2021-12-22,2021,12,Mon,1,01:05,18.650269,73.734633,Gramdaivat Shree Dharmanath Maharaj Flyover,Highway,80,Mid-block,Clear,Dark - unlit,Truck/Tempo,Rash/careless driving,Grievous,0,2
PN202100837,2021-12-22,2021,12,Mon,4,04:11,18.501276,73.791828,Katraj - Dehu Road Bypass,Highway,80,Bridge/Slope,Clear,Dark - unlit,Two-wheeler,Over-speeding,Fatal,1,1
PN202103085,2021-12-22,2021,12,Mon,5,05:18,18.51983,73.937094,gTupe Patil Road,Collector,40,Junction,Clear,Dark - unlit,Two-wheeler,Over-speeding,Grievous,0,3
PN202102069,2021-12-22,2021,12,Mon,10,10:46,18.642366,73.79703,Mahatma Phule Marg,Collector,40,Junction,Clear,Daylight,Two-wheeler,Pothole/road condition,Grievous,0,3
PN202103255,2021-12-22,2021,12,Mon,13,13:51,18.470177,73.784178,(unnamed road),Collector,40,Mid-block,Clear,Daylight,Two-wheeler,Signal jumping,Minor,0,2
PN202101461,2021-12-22,2021,12,Mon,15,15:22,18.698947,73.754508,(unnamed road),Collector,30,Mid-block,Clear,Daylight,Two-wheeler,Signal jumping,Grievous,0,1
PN202102519,2021-12-22,2021,12,Mon,23,23:54,18.618329,73.791587,Hedgewar road,Arterial,50,Junction,Clear,Dark - unlit,Two-wheeler,Over-speeding,Grievous,0,1
PN202103213,2021-12-23,2021,12,Tue,12,12:47,18.570188,73.878884,Sant Dyaneshwar Marg,Arterial,50,Mid-block,Clear,Daylight,Auto-rickshaw,Over-speeding,Minor,0,0
PN202100434,2021-12-23,2021,12,Tue,18,18:02,18.576916,73.907921,Airport New Road,Arterial,50,Junction,Clear,Dusk/Dawn,Two-wheeler,Over-speeding,Minor,0,1
PN202101951,2021-12-23,2021,12,Tue,20,20:47,18.630673,73.790486,Pimpri Chinchwad Link Road,Arterial,50,Junction,Clear,Dark - lit,Two-wheeler,Drunk driving,Fatal,1,1
PN202100822,2021-12-26,2021,12,Fri,10,10:07,18.454393,73.858696,Satara Road,Highway,60,Junction,Clear,Daylight,Two-wheeler,Rash/careless driving,Grievous,0,1
PN202100308,2021-12-27,2021,12,Sat,19,19:19,18.609559,73.820261,(unnamed road),Arterial,40,Junction,Clear,Dark - unlit,Two-wheeler,Other,Minor,0,1
PN202100454,2021-12-28,2021,12,Sun,0,00:23,18.489755,74.017868,Solapur Road,Highway,60,Junction,Mist/Fog,Dark - unlit,Two-wheeler,Over-speeding,Fatal,1,1
PN202103857,2021-12-28,2021,12,Sun,10,10:09,18.489935,73.90005,Late Vitthalrao Namdeo Shivarkar Road,Arterial,50,Junction,Clear,Daylight,Truck/Tempo,Over-speeding,Minor,0,0
PN202103111,2021-12-28,2021,12,Sun,23,23:40,18.692676,73.974143,(unnamed road),Collector,40,Mid-block,Cloudy,Dark - lit,Car,Over-speeding,Fatal,2,1
PN202202964,2022-01-01,2022,1,Thu,0,00:32,18.58077,73.979089,Nagar Road,Highway,60,Junction,Clear,Dark - unlit,Truck/Tempo,Over-speeding,Fatal,1,2
PN202202574,2022-01-02,2022,1,Fri,5,05:09,18.653634,73.782347,Old Pune–Mumbai Highway,Highway,80,Mid-block,Mist/Fog,Dark - unlit,Truck/Tempo,Brake failure/vehicle defect,Minor,0,1
PN202200811,2022-01-03,2022,1,Sat,18,18:10,18.578238,73.907342,(unnamed road),Arterial,50,Junction,Clear,Dusk/Dawn,Car,Mobile phone use,Grievous,0,1
PN202203671,2022-01-03,2022,1,Sat,21,21:29,18.663385,73.727816,Mumbai - Pune Expressway,Highway,30,Junction,Clear,Dark - unlit,Truck/Tempo,Wrong-side driving,Fatal,1,1
PN202200302,2022-01-05,2022,1,Mon,10,10:54,18.490934,74.000011,548DD,Collector,40,Mid-block,Clear,Daylight,Car,Over-speeding,Minor,0,0
PN202201614,2022-01-05,2022,1,Mon,13,13:05,18.650607,73.832483,(unnamed road),Local,30,Junction,Clear,Daylight,Auto-rickshaw,Over-speeding,Grievous,0,2
PN202200968,2022-01-05,2022,1,Mon,14,14:24,18.45745,73.858394,Satara Road,Highway,60,Junction,Clear,Daylight,Pedestrian,Over-speeding,Grievous,0,2
PN202201913,2022-01-05,2022,1,Mon,18,18:28,18.570995,73.953544,Nagar Road,Highway,60,Mid-block,Clear,Dusk/Dawn,Truck/Tempo,Over-speeding,Fatal,1,0
PN202202944,2022-01-06,2022,1,Tue,12,12:46,18.485562,73.871004,Jawaharlal Nehru Marg,Arterial,50,Mid-block,Rain,Daylight,Car,Wrong-side driving,Fatal,1,2
PN202203134,2022-01-06,2022,1,Tue,15,15:56,18.628999,73.743172,Service Road,Arterial,50,Mid-block,Clear,Daylight,Pedestrian,Pothole/road condition,Grievous,0,3
PN202202240,2022-01-06,2022,1,Tue,20,20:07,18.454791,73.931493,NH548DD,Highway,60,Junction,Clear,Dark - unlit,Bus,Mobile phone use,Grievous,0,3
PN202201164,2022-01-08,2022,1,Thu,12,12:42,18.57034,73.83278,Bhau Patil Path,Arterial,50,Junction,Clear,Daylight,Car,Over-speeding,Grievous,0,3
PN202202247,2022-01-08,2022,1,Thu,16,16:54,18.668786,73.902534,(unnamed road),Local,30,Mid-block,Cloudy,Daylight,Car,Rash/careless driving,Minor,0,2
PN202201063,2022-01-08,2022,1,Thu,22,22:11,18.524727,73.857535,Dengle Bridge,Arterial,50,Mid-block,Cloudy,Dark - unlit,Two-wheeler,Over-speeding,Minor,0,2
PN202201945,2022-01-09,2022,1,Fri,2,02:25,18.451316,73.894888,Undri Pisoli Road,Highway,60,Mid-block,Clear,Dark - unlit,Two-wheeler,Over-speeding,Fatal,1,1
PN202202655,2022-01-09,2022,1,Fri,15,15:59,18.569763,73.80939,Aundh Ravet Road,Arterial,50,Mid-block,Clear,Daylight,Auto-rickshaw,Over-speeding,Fatal,1,2
PN202203787,2022-01-09,2022,1,Fri,17,17:47,18.49047,74.012199,Solapur Road,Highway,60,Mid-block,Cloudy,Daylight,Pedestrian,Over-speeding,Fatal,1,2
PN202202860,2022-01-09,2022,1,Fri,20,20:43,18.677499,73.724003,Katraj - Dehu Road Bypass,Highway,80,Junction,Clear,Dark - unlit,Car,Over-speeding,Grievous,0,2
PN202201026,2022-01-10,2022,1,Sat,22,22:44,18.492773,73.78894,Katraj - Dehu Road Bypass,Highway,80,Bridge/Slope,Cloudy,Dark - unlit,Two-wheeler,Drunk driving,Fatal,1,1
PN202202469,2022-01-11,2022,1,Sun,0,00:49,18.558409,73.785097,(unnamed road),Local,30,Mid-block,Mist/Fog,Dark - lit,Auto-rickshaw,Over-speeding,Grievous,0,2
PN202200626,2022-01-11,2022,1,Sun,12,12:44,18.492472,73.998974,(unnamed road),Collector,40,Mid-block,Clear,Daylight,Car,Over-speeding,Grievous,0,1
PN202203914,2022-01-11,2022,1,Sun,13,13:21,18.650041,73.839196,Golden cafe,Collector,50,Junction,Cloudy,Daylight,Two-wheeler,Over-speeding,Grievous,0,2
PN202200098,2022-01-11,2022,1,Sun,23,23:22,18.565007,73.914151,Viman Nagar Avenue 2,Collector,40,Junction,Clear,Dark - unlit,Two-wheeler,Rash/careless driving,Minor,0,0
PN202200271,2022-01-12,2022,1,Mon,9,09:54,18.550159,73.938852,Kharadi South Main Road,Arterial,50,Junction,Clear,Daylight,Car,Over-speeding,Grievous,0,2
PN202202631,2022-01-12,2022,1,Mon,14,14:42,18.68663,73.846144,(unnamed road),Local,30,Junction,Clear,Daylight,Two-wheeler,Over-speeding,Fatal,1,1
PN202201625,2022-01-12,2022,1,Mon,23,23:01,18.473697,73.810432,Suncity Exit Road,Collector,40,Junction,Clear,Dark - unlit,Truck/Tempo,Over-speeding,Minor,0,2
PN202203133,2022-01-12,2022,1,Mon,23,23:40,18.690628,73.716054,NH48,Highway,100,Mid-block,Clear,Dark - unlit,Two-wheeler,Wrong-side driving,Fatal,1,2
PN202202362,2022-01-13,2022,1,Tue,4,04:47,18.529822,73.874534,Raja Bahadur Mill Marg,Highway,60,Mid-block,Clear,Dark - unlit,Car,Over-speeding,Minor,0,1
PN202200549,2022-01-13,2022,1,Tue,20,20:39,18.501387,73.79176,Katraj - Dehu Road Bypass,Highway,80,Bridge/Slope,Clear,Dark - unlit,Pedestrian,Other,Fatal,1,0
PN202202082,2022-01-13,2022,1,Tue,22,22:32,18.710576,73.848548,Pune Nashik Road,Highway,60,Mid-block,Clear,Dark - unlit,Truck/Tempo,Brake failure/vehicle defect,Fatal,2,0
PN202203845,2022-01-14,2022,1,Wed,15,15:18,18.435146,73.771318,Sinhagad Road,Arterial,50,Mid-block,Clear,Daylight,Truck/Tempo,Drunk driving,Fatal,1,0
PN202203004,2022-01-14,2022,1,Wed,20,20:44,18.58077,73.978747,Nagar Road,Highway,60,Junction,Clear,Dark - unlit,Two-wheeler,Over-speeding,Fatal,2,0
PN202201671,2022-01-14,2022,1,Wed,22,22:46,18.569381,73.826764,(unnamed road),Local,30,Junction,Cloudy,Dark - lit,Two-wheeler,Wrong-side driving,Grievous,0,1
PN202201733,2022-01-15,2022,1,Thu,19,19:54,18.510003,73.879997,East Street,Arterial,50,Mid-block,Clear,Dark - lit,Two-wheeler,Over-speeding,Grievous,0,1
PN202202401,2022-01-16,2022,1,Fri,19,19:22,18.480555,73.805863,Karve Road,Arterial,40,Junction,Clear,Dark - lit,Two-wheeler,Over-speeding,Grievous,0,3
PN202203627,2022-01-16,2022,1,Fri,21,21:10,18.524544,73.866299,Manik Nagar Lane No.2,Local,30,Junction,Clear,Dark - unlit,Two-wheeler,Rash/careless driving,Grievous,0,2
PN202203086,2022-01-17,2022,1,Sat,18,18:22,18.619486,73.912318,DY Patil University Road,Collector,40,Mid-block,Cloudy,Dusk/Dawn,Car,Over-speeding,Minor,0,2
PN202202435,2022-01-18,2022,1,Sun,3,03:15,18.640619,73.845151,Vaishnao Mata Marg,Arterial,50,Junction,Clear,Dark - lit,Pedestrian,Over-speeding,Fatal,1,2
PN202200219,2022-01-18,2022,1,Sun,14,14:40,18.489973,74.015247,(unnamed road),Collector,40,Junction,Cloudy,Daylight,Two-wheeler,Pothole/road condition,Minor,0,2
PN202202350,2022-01-18,2022,1,Sun,21,21:28,18.620633,74.024778,NH753F,Highway,60,Mid-block,Clear,Dark - unlit,Two-wheeler,Signal jumping,Fatal,1,2
PN202200317,2022-01-19,2022,1,Mon,13,13:12,18.492289,74.00026,(unnamed road),Collector,40,Junction,Clear,Daylight,Two-wheeler,Over-speeding,Fatal,1,2
PN202200664,2022-01-19,2022,1,Mon,15,15:07,18.453627,73.828387,Katraj - Dehu Road Bypass,Highway,85,Bridge/Slope,Rain,Daylight,Bus,Brake failure/vehicle defect,Fatal,1,1
PN202200898,2022-01-20,2022,1,Tue,22,22:49,18.551386,73.937273,Kharadi Bypass,Highway,60,Junction,Clear,Dark - unlit,Car,Brake failure/vehicle defect,Fatal,1,0
PN202200668,2022-01-21,2022,1,Wed,19,19:27,18.605317,73.755426,Phoenix Mall Road,Collector,40,Junction,Clear,Dark - lit,Truck/Tempo,Over-speeding,Minor,0,0
PN202203550,2022-01-22,2022,1,Thu,2,02:48,18.62426,73.720346,(unnamed road),Local,30,Junction,Clear,Dark - lit,Two-wheeler,Over-speeding,Grievous,0,1
PN202200890,2022-01-22,2022,1,Thu,12,12:16,18.483732,73.801103,Warje Exit,Collector,30,Junction,Cloudy,Daylight,Two-wheeler,Over-speeding,Minor,0,0
PN202200403,2022-01-22,2022,1,Thu,15,15:03,18.496785,73.943004,Saswad Road,Highway,60,Mid-block,Clear,Daylight,Two-wheeler,Rash/careless driving,Fatal,1,1
PN202202623,2022-01-23,2022,1,Fri,18,18:49,18.600395,73.826875,Old Pune–Mumbai Highway,Highway,60,Mid-block,Clear,Dusk/Dawn,Car,Rash/careless driving,Minor,0,2
PN202201397,2022-01-24,2022,1,Sat,10,10:20,18.590256,73.740928,Sakhare Vasti Road,Collector,40,Mid-block,Clear,Daylight,Two-wheeler,Pothole/road condition,Fatal,1,1
PN202201086,2022-01-24,2022,1,Sat,17,17:41,18.465924,74.008434,(unnamed road),Collector,40,Mid-block,Clear,Daylight,Car,Over-speeding,Grievous,0,3
PN202200638,2022-01-24,2022,1,Sat,21,21:15,18.500495,73.791015,Katraj - Dehu Road Bypass,Highway,80,Bridge/Slope,Clear,Dark - unlit,Truck/Tempo,Brake failure/vehicle defect,Minor,0,1
PN202203103,2022-01-25,2022,1,Sun,7,07:41,18.641068,73.758806,(unnamed road),Local,30,Mid-block,Clear,Daylight,Pedestrian,Mobile phone use,Fatal,1,2
PN202201496,2022-01-25,2022,1,Sun,15,15:41,18.497776,73.85105,Golwalkar Guruji Road,Collector,30,Junction,Clear,Daylight,Car,Signal jumping,Grievous,0,3
PN202201270,2022-01-26,2022,1,Mon,5,05:52,18.502606,73.934452,(unnamed road),Collector,40,Junction,Clear,Dark - lit,Car,Mobile phone use,Minor,0,2
PN202202874,2022-01-26,2022,1,Mon,10,10:12,18.562763,73.731066,Mhalunge - Nande Road,Collector,40,Mid-block,Clear,Daylight,Car,Over-speeding,Grievous,0,2
PN202201838,2022-01-26,2022,1,Mon,11,11:48,18.643865,73.960743,(unnamed road),Local,30,Mid-block,Clear,Daylight,Two-wheeler,Signal jumping,Minor,0,0
PN202202259,2022-01-26,2022,1,Mon,13,13:19,18.595714,73.783132,Aundh Ravet Road,Arterial,50,Junction,Clear,Daylight,Car,Over-speeding,Fatal,1,2
PN202202726,2022-01-27,2022,1,Tue,2,02:31,18.445253,73.815511,Benkar Vasati Road,Collector,40,Junction,Cloudy,Dark - unlit,Truck/Tempo,Over-speeding,Fatal,1,0
PN202203296,2022-01-27,2022,1,Tue,8,08:16,18.496253,73.80166,(unnamed road),Collector,40,Junction,Clear,Daylight,Truck/Tempo,Over-speeding,Minor,0,2
PN202203919,2022-01-27,2022,1,Tue,17,17:16,18.580187,73.834591,Old Pune–Mumbai Highway,Highway,60,Mid-block,Cloudy,Daylight,Car,Over-speeding,Minor,0,1
PN202203348,2022-01-28,2022,1,Wed,19,19:16,18.647279,73.84539,Spine Road,Arterial,50,Junction,Clear,Dark - unlit,Two-wheeler,Wrong-side driving,Minor,0,2
PN202202125,2022-01-28,2022,1,Wed,19,19:46,18.561256,73.842862,Old Pune–Mumbai Highway,Highway,60,Mid-block,Clear,Dark - unlit,Truck/Tempo,Over-speeding,Grievous,0,3
PN202200149,2022-01-28,2022,1,Wed,23,23:59,18.460561,73.822355,Katraj - Dehu Road Bypass,Highway,60,Bridge/Slope,Clear,Dark - unlit,Two-wheeler,Drunk driving,Fatal,1,2
PN202201416,2022-02-01,2022,2,Sun,11,11:48,18.672677,73.911165,SH58,Arterial,50,Junction,Clear,Daylight,Car,Signal jumping,Grievous,0,2
PN202202571,2022-02-01,2022,2,Sun,12,12:01,18.583287,73.76069,exit to baner,Arterial,20,Mid-block,Clear,Daylight,Pedestrian,Rash/careless driving,Grievous,0,1
PN202201505,2022-02-02,2022,2,Mon,10,10:55,18.662063,73.715409,(unnamed road),Collector,40,Mid-block,Clear,Daylight,Car,Over-speeding,Grievous,0,3
PN202203525,2022-02-02,2022,2,Mon,23,23:28,18.448575,73.886022,(unnamed road),Local,30,Mid-block,Clear,Dark - lit,Two-wheeler,Over-speeding,Fatal,1,0
PN202202781,2022-02-03,2022,2,Tue,15,15:32,18.492745,73.996619,Solapur Road,Highway,60,Junction,Clear,Daylight,Truck/Tempo,Over-speeding,Grievous,0,2
PN202200415,2022-02-03,2022,2,Tue,17,17:35,18.500991,73.935888,Solapur Road,Arterial,50,Junction,Clear,Daylight,Pedestrian,Over-speeding,Fatal,1,1
PN202203557,2022-02-03,2022,2,Tue,18,18:27,18.601685,73.778832,Aundh - Ravet BRTS Road,Collector,40,Mid-block,Clear,Dusk/Dawn,Truck/Tempo,Wrong-side driving,Minor,0,2
PN202202003,2022-02-03,2022,2,Tue,21,21:42,18.5978,73.790411,Shivraj Nagar - Kokane Chowk Road,Collector,40,Junction,Clear,Dark - lit,Car,Over-speeding,Minor,0,2
PN202201468,2022-02-04,2022,2,Wed,13,13:55,18.668904,73.830745,(unnamed road),Local,30,Junction,Clear,Daylight,Car,Wrong-side driving,Minor,0,1
PN202202543,2022-02-04,2022,2,Wed,18,18:53,18.487542,73.803115,(unnamed road),Local,30,Junction,Clear,Dusk/Dawn,Two-wheeler,Brake failure/vehicle defect,Minor,0,0
PN202201162,2022-02-05,2022,2,Thu,7,07:16,18.52504,73.963691,Mundhwa Road,Arterial,40,Junction,Clear,Daylight,Two-wheeler,Over-speeding,Grievous,0,1
PN202203467,2022-02-05,2022,2,Thu,13,13:18,18.54012,73.780153,Katraj - Dehu Road Bypass,Highway,80,Junction,Clear,Daylight,Car,Over-speeding,Minor,0,1
PN202203081,2022-02-05,2022,2,Thu,17,17:15,18.439396,73.747701,(unnamed road),Collector,40,Mid-block,Clear,Daylight,Auto-rickshaw,Over-speeding,Minor,0,1
PN202202147,2022-02-05,2022,2,Thu,20,20:48,18.578173,73.907963,(unnamed road),Arterial,50,Junction,Clear,Dark - unlit,Two-wheeler,Over-speeding,Fatal,2,2
PN202200681,2022-02-06,2022,2,Fri,2,02:59,18.604556,73.752562,Mumbai - Satara Highway,Highway,80,Junction,Clear,Dark - unlit,Bus,Rash/careless driving,Minor,0,2
PN202201948,2022-02-06,2022,2,Fri,15,15:16,18.450865,73.879853,Katraj-Kondhwa Road,Highway,60,Junction,Clear,Daylight,Pedestrian,Other,Grievous,0,1
PN202200427,2022-02-06,2022,2,Fri,22,22:58,18.444532,73.83657,Katraj - Dehu Road Bypass,Highway,85,Bridge/Slope,Clear,Dark - unlit,Bicycle,Over-speeding,Grievous,0,3
PN202202829,2022-02-09,2022,2,Mon,3,03:16,18.459019,73.948039,NH548DD,Highway,60,Mid-block,Clear,Dark - unlit,Bus,Over-speeding,Grievous,0,2
PN202202410,2022-02-10,2022,2,Tue,9,09:40,18.489473,74.019116,Solapur Road,Highway,60,Mid-block,Cloudy,Daylight,Two-wheeler,Rash/careless driving,Grievous,0,3
PN202200883,2022-02-10,2022,2,Tue,19,19:33,18.504834,73.917772,(unnamed road),Collector,40,Junction,Clear,Dark - lit,Two-wheeler,Drunk driving,Grievous,0,3
PN202201016,2022-02-10,2022,2,Tue,21,21:21,18.43165,73.839138,Ambegaon Viaduct,Highway,75,Bridge/Slope,Clear,Dark - unlit,Bus,Rash/careless driving,Grievous,0,2
PN202201901,2022-02-10,2022,2,Tue,22,22:05,18.608493,73.821068,Old Mumbai Pune Highway,Highway,80,Mid-block,Clear,Dark - unlit,Truck/Tempo,Rash/careless driving,Fatal,2,0
PN202201579,2022-02-11,2022,2,Wed,4,04:35,18.654321,73.88328,(unnamed road),Collector,40,Junction,Clear,Dark - lit,Two-wheeler,Over-speeding,Grievous,0,3
PN202203205,2022-02-12,2022,2,Thu,2,02:33,18.497735,73.840462,(unnamed road),Collector,40,Junction,Clear,Dark - unlit,Two-wheeler,Drunk driving,Fatal,2,1
PN202202897,2022-02-12,2022,2,Thu,10,10:45,18.468606,73.829102,(unnamed road),Local,30,Junction,Clear,Daylight,Two-wheeler,Wrong-side driving,Fatal,1,1
PN202203032,2022-02-12,2022,2,Thu,13,13:44,18.643195,73.750088,Aundh-Ravet Road,Arterial,50,Junction,Clear,Daylight,Two-wheeler,Over-speeding,Grievous,0,2
PN202202427,2022-02-12,2022,2,Thu,17,17:35,18.591056,73.935517,(unnamed road),Collector,40,Junction,Clear,Daylight,Truck/Tempo,Drunk driving,Grievous,0,1
PN202200393,2022-02-12,2022,2,Thu,18,18:19,18.431583,73.839245,Ambegaon Viaduct,Highway,75,Bridge/Slope,Clear,Dusk/Dawn,Car,Over-speeding,Grievous,0,2
PN202202630,2022-02-12,2022,2,Thu,23,23:48,18.676731,73.851203,Dehu - Alandi Road,Arterial,50,Mid-block,Clear,Dark - lit,Two-wheeler,Other,Fatal,1,0
PN202203270,2022-02-13,2022,2,Fri,11,11:10,18.587242,73.953858,(unnamed road),Local,30,Junction,Clear,Daylight,Two-wheeler,Over-speeding,Grievous,0,2
PN202202846,2022-02-13,2022,2,Fri,17,17:20,18.478059,74.003852,(unnamed road),Local,30,Junction,Clear,Daylight,Two-wheeler,Over-speeding,Minor,0,0
PN202200941,2022-02-14,2022,2,Sat,5,05:30,18.460001,73.823694,Katraj - Dehu Road Bypass,Highway,60,Junction,Clear,Dark - unlit,Truck/Tempo,Over-speeding,Grievous,0,3
PN202202120,2022-02-15,2022,2,Sun,1,01:40,18.401606,73.855519,Katraj Ghat,Highway,50,Mid-block,Cloudy,Dark - unlit,Two-wheeler,Brake failure/vehicle defect,Grievous,0,1
PN202202961,2022-02-15,2022,2,Sun,14,14:19,18.524489,73.853817,Shivaji Road,Highway,45,Junction,Clear,Daylight,Truck/Tempo,Over-speeding,Grievous,0,1
PN202202648,2022-02-15,2022,2,Sun,15,15:36,18.516003,73.843512,Jagannath Kaniram Kasat Path,Collector,40,Junction,Clear,Daylight,Car,Rash/careless driving,Minor,0,0
PN202202448,2022-02-16,2022,2,Mon,9,09:42,18.581914,73.987241,Nagar Road,Highway,60,Mid-block,Clear,Daylight,Bus,Over-speeding,Minor,0,2
PN202202113,2022-02-16,2022,2,Mon,11,11:26,18.418556,73.757471,Sinhagad Road,Arterial,50,Mid-block,Cloudy,Daylight,Car,Over-speeding,Fatal,1,0
PN202201396,2022-02-16,2022,2,Mon,14,14:48,18.461327,73.821317,Katraj - Dehu Road Bypass,Highway,60,Mid-block,Clear,Daylight,Car,Over-speeding,Grievous,0,2
PN202201760,2022-02-16,2022,2,Mon,15,15:44,18.573391,73.836642,Old Pune–Mumbai Highway,Highway,60,Junction,Clear,Daylight,Pedestrian,Rash/careless driving,Fatal,1,0
PN202200636,2022-02-17,2022,2,Tue,13,13:53,18.550529,73.937479,Kharadi South Main Road,Arterial,50,Junction,Cloudy,Daylight,Car,Over-speeding,Minor,0,1
PN202202537,2022-02-17,2022,2,Tue,16,16:46,18.46342,73.85811,Sadguru Shankar Maharaj Uddanpul,Highway,60,Mid-block,Clear,Daylight,Two-wheeler,Rash/careless driving,Fatal,1,2
PN202203658,2022-02-17,2022,2,Tue,17,17:55,18.579224,73.800871,Aundh Ravet Road,Arterial,50,Mid-block,Clear,Daylight,Two-wheeler,Over-speeding,Grievous,0,2
PN202202150,2022-02-17,2022,2,Tue,18,18:09,18.46735,73.818285,Sinhagad Road,Arterial,50,Mid-block,Clear,Dusk/Dawn,Two-wheeler,Over-speeding,Fatal,1,1
PN202202541,2022-02-18,2022,2,Wed,6,06:45,18.51823,73.94853,(unnamed road),Local,30,Junction,Clear,Dusk/Dawn,Car,Over-speeding,Grievous,0,3
PN202202020,2022-02-18,2022,2,Wed,22,22:46,18.610974,73.773466,(unnamed road),Local,30,Junction,Clear,Dark - lit,Bus,Drunk driving,Fatal,1,1
PN202200842,2022-02-19,2022,2,Thu,0,00:46,18.609211,73.820558,(unnamed road),Arterial,40,Junction,Clear,Dark - unlit,Two-wheeler,Rash/careless driving,Grievous,0,2
PN202202133,2022-02-20,2022,2,Fri,9,09:55,18.569693,73.841882,Lakshmanrao Kirloskar Road,Arterial,50,Junction,Clear,Daylight,Truck/Tempo,Rash/careless driving,Minor,0,1
PN202200824,2022-02-20,2022,2,Fri,10,10:48,18.456086,73.858487,Satara Road,Highway,60,Junction,Clear,Daylight,Bicycle,Rash/careless driving,Grievous,0,2
PN202201359,2022-02-20,2022,2,Fri,16,16:45,18.633819,73.828801,Nigdi Bhosari Road,Arterial,50,Mid-block,Clear,Daylight,Two-wheeler,Over-speeding,Fatal,1,1
PN202200486,2022-02-22,2022,2,Sun,7,07:05,18.458893,73.825377,Katraj - Dehu Road Bypass,Highway,60,Junction,Clear,Daylight,Two-wheeler,Over-speeding,Fatal,1,1
PN202200236,2022-02-22,2022,2,Sun,10,10:12,18.454038,73.82804,Katraj - Dehu Road Bypass,Highway,85,Junction,Clear,Daylight,Truck/Tempo,Over-speeding,Grievous,0,2
PN202203290,2022-02-22,2022,2,Sun,16,16:32,18.480204,73.861268,Swami Vivekanand Marg,Arterial,50,Junction,Clear,Daylight,Auto-rickshaw,Drunk driving,Fatal,1,1
PN202202887,2022-02-22,2022,2,Sun,18,18:20,18.630391,73.723018,(unnamed road),Local,30,Mid-block,Clear,Dusk/Dawn,Two-wheeler,Over-speeding,Grievous,0,1
PN202200614,2022-02-23,2022,2,Mon,21,21:15,18.565284,73.910893,West Avenue,Collector,40,Junction,Clear,Dark - lit,Two-wheeler,Over-speeding,Grievous,0,1
PN202200604,2022-02-24,2022,2,Tue,10,10:42,18.455536,73.826839,Katraj - Dehu Road Bypass,Highway,85,Junction,Clear,Daylight,Car,Over-speeding,Minor,0,0
PN202202438,2022-02-24,2022,2,Tue,14,14:25,18.602839,73.936315,(unnamed road),Local,30,Junction,Clear,Daylight,Two-wheeler,Over-speeding,Grievous,0,1
PN202201965,2022-02-25,2022,2,Wed,19,19:41,18.629171,73.83303,Nigdi Bhosari Road,Arterial,50,Mid-block,Rain,Dark - lit,Two-wheeler,Rash/careless driving,Minor,0,2
PN202200024,2022-02-25,2022,2,Wed,20,20:08,18.453564,73.858367,Satara Road,Highway,60,Junction,Clear,Dark - unlit,Car,Drunk driving,Minor,0,0
PN202201826,2022-02-26,2022,2,Thu,6,06:24,18.711431,73.76103,Old Pune Mumbai Highway-Dehu Gaon Road,Arterial,50,Mid-block,Cloudy,Dusk/Dawn,Auto-rickshaw,Rash/careless driving,Minor,0,2
PN202200613,2022-02-26,2022,2,Thu,8,08:31,18.507448,73.789244,Katraj - Dehu Road Bypass,Highway,80,Junction,Clear,Daylight,Two-wheeler,Over-speeding,Fatal,1,1
PN202201183,2022-02-26,2022,2,Thu,23,23:32,18.447253,73.834268,(unnamed road),Collector,40,Junction,Clear,Dark - lit,Two-wheeler,Over-speeding,Fatal,1,0
PN202200144,2022-02-27,2022,2,Fri,11,11:43,18.454456,73.827698,Katraj - Dehu Road Bypass,Highway,85,Junction,Clear,Daylight,Two-wheeler,Over-speeding,Grievous,0,2
PN202203362,2022-02-27,2022,2,Fri,18,18:33,18.556967,73.926106,Ganesh Nagar Road,Collector,40,Junction,Clear,Dusk/Dawn,Two-wheeler,Other,Fatal,2,0
PN202201523,2022-02-28,2022,2,Sat,18,18:00,18.645334,73.88014,Sant Dyaneshwar Marg Flyover,Arterial,50,Mid-block,Clear,Dusk/Dawn,Two-wheeler,Over-speeding,Fatal,1,1
PN202201250,2022-03-02,2022,3,Thu,1,01:16,18.611721,73.803777,Pimple Saudagar-Pimpri Link Road,Collector,40,Junction,Clear,Dark - lit,Car,Over-speeding,Fatal,1,2
PN202203223,2022-03-03,2022,3,Fri,14,14:18,18.426042,73.985095,(unnamed road),Local,30,Junction,Clear,Daylight,Auto-rickshaw,Rash/careless driving,Grievous,0,1
PN202201590,2022-03-03,2022,3,Fri,16,16:32,18.536705,73.85057,G. D. Madgulkar Bhuyari Marg,Collector,40,Mid-block,Clear,Daylight,Auto-rickshaw,Wrong-side driving,Minor,0,1
PN202201243,2022-03-04,2022,3,Sat,3,03:44,18.659828,73.834822,Pandit Deendayal Upadhay Marg,Collector,40,Mid-block,Clear,Dark - unlit,Two-wheeler,Other,Grievous,0,1
PN202200998,2022-03-04,2022,3,Sat,15,15:52,18.453312,73.858323,Satara Road,Highway,60,Junction,Clear,Daylight,Pedestrian,Rash/careless driving,Minor,0,0
PN202202638,2022-03-04,2022,3,Sat,20,20:27,18.456439,73.935706,NH548DD,Highway,60,Mid-block,Clear,Dark - unlit,Two-wheeler,Rash/careless driving,Fatal,1,2
PN202202155,2022-03-05,2022,3,Sun,11,11:04,18.544964,73.842225,Rangehills Marg,Arterial,50,Mid-block,Clear,Daylight,Truck/Tempo,Over-speeding,Grievous,0,3
PN202201147,2022-03-06,2022,3,Mon,10,10:25,18.508704,73.778336,(unnamed road),Collector,40,Mid-block,Clear,Daylight,Two-wheeler,Signal jumping,Grievous,0,2
PN202200580,2022-03-07,2022,3,Tue,12,12:24,18.460573,73.822338,Katraj - Dehu Road Bypass,Highway,60,Bridge/Slope,Clear,Daylight,Truck/Tempo,Signal jumping,Fatal,2,1
PN202201128,2022-03-07,2022,3,Tue,19,19:00,18.646609,73.788444,Old Pune–Mumbai Highway,Highway,80,Mid-block,Clear,Dark - unlit,Truck/Tempo,Over-speeding,Fatal,2,1
PN202200498,2022-03-07,2022,3,Tue,21,21:46,18.503487,73.919405,(unnamed road),Collector,40,Junction,Clear,Dark - unlit,Car,Over-speeding,Minor,0,1
PN202201981,2022-03-07,2022,3,Tue,23,23:57,18.53891,73.808671,Dr. Homi Bhabha Marg,Arterial,50,Mid-block,Clear,Dark - lit,Truck/Tempo,Over-speeding,Fatal,1,0
PN202200193,2022-03-08,2022,3,Wed,14,14:09,18.445395,73.83579,Katraj - Dehu Road Bypass,Highway,85,Bridge/Slope,Cloudy,Daylight,Two-wheeler,Over-speeding,Fatal,1,1
PN202203303,2022-03-09,2022,3,Thu,3,03:25,18.663448,73.720273,Gahunje - Mukai Chowk Kiwale Road,Collector,40,Mid-block,Clear,Dark - unlit,Two-wheeler,Pothole/road condition,Fatal,1,2
PN202203573,2022-03-09,2022,3,Thu,8,08:24,18.601715,73.77606,Kaspate Vasti Road,Arterial,50,Mid-block,Clear,Daylight,Two-wheeler,Over-speeding,Fatal,1,1
PN202201120,2022-03-09,2022,3,Thu,9,09:46,18.643468,73.771294,(unnamed road),Collector,40,Junction,Clear,Daylight,Truck/Tempo,Signal jumping,Grievous,0,3
PN202202078,2022-03-09,2022,3,Thu,15,15:04,18.594825,73.764354,Rambhau Kalate path,Arterial,50,Mid-block,Clear,Daylight,Two-wheeler,Over-speeding,Grievous,0,3
PN202201929,2022-03-10,2022,3,Fri,11,11:35,18.53953,73.936057,Ganga Liviano Road,Local,30,Junction,Clear,Daylight,Auto-rickshaw,Over-speeding,Grievous,0,2
PN202202057,2022-03-10,2022,3,Fri,19,19:28,18.501764,73.929852,Magarpatta Road Flyover,Highway,60,Junction,Clear,Dark - unlit,Car,Pothole/road condition,Grievous,0,2
PN202201814,2022-03-10,2022,3,Fri,23,23:20,18.571622,73.820816,"Dhore Nagar , Lane No 1",Local,30,Junction,Clear,Dark - lit,Pedestrian,Over-speeding,Minor,0,2
PN202203500,2022-03-11,2022,3,Sat,5,05:32,18.599896,73.733305,Bhumkar Das Gurge Road,Arterial,50,Junction,Cloudy,Dark - lit,Car,Rash/careless driving,Fatal,1,1
PN202202481,2022-03-11,2022,3,Sat,19,19:57,18.653864,73.737132,Aundh-Ravet Road,Arterial,50,Mid-block,Clear,Dark - lit,Bicycle,Over-speeding,Fatal,1,0
PN202201272,2022-03-12,2022,3,Sun,12,12:05,18.483775,73.827786,Sinhagad Road,Arterial,50,Mid-block,Clear,Daylight,Two-wheeler,Rash/careless driving,Minor,0,2
PN202200782,2022-03-12,2022,3,Sun,18,18:56,18.485004,73.953316,Saswad Road,Highway,60,Junction,Clear,Dusk/Dawn,Truck/Tempo,Over-speeding,Grievous,0,1
PN202203243,2022-03-12,2022,3,Sun,19,19:27,18.558771,73.723337,Mhalunge - Nande Road,Collector,40,Junction,Cloudy,Dark - lit,Car,Signal jumping,Minor,0,0
PN202200006,2022-03-12,2022,3,Sun,23,23:56,18.485491,73.798679,Warje Road,Collector,30,Junction,Clear,Dark - lit,Two-wheeler,Drunk driving,Minor,0,0
PN202200830,2022-03-13,2022,3,Mon,1,01:10,18.48643,73.95316,Fursungi Bhekrai Road,Collector,40,Junction,Cloudy,Dark - lit,Car,Pothole/road condition,Fatal,1,1
PN202200977,2022-03-13,2022,3,Mon,10,10:21,18.496898,73.78831,Katraj - Dehu Road Bypass,Highway,80,Bridge/Slope,Clear,Daylight,Bus,Other,Grievous,0,2
PN202201136,2022-03-13,2022,3,Mon,13,13:47,18.602324,73.776398,Kaspate Vasti Road,Arterial,50,Junction,Clear,Daylight,Two-wheeler,Signal jumping,Grievous,0,2
PN202200696,2022-03-14,2022,3,Tue,11,11:54,18.454404,73.858163,Khashaba Jadhav Path | Lane Number 6,Collector,40,Junction,Clear,Daylight,Car,Mobile phone use,Grievous,0,3
PN202200502,2022-03-14,2022,3,Tue,11,11:58,18.459829,73.823316,Katraj - Dehu Road Bypass,Highway,60,Junction,Clear,Daylight,Truck/Tempo,Brake failure/vehicle defect,Fatal,1,1
PN202203175,2022-03-14,2022,3,Tue,13,13:01,18.600385,73.917122,(unnamed road),Local,30,Mid-block,Clear,Daylight,Two-wheeler,Wrong-side driving,Grievous,0,1
PN202201175,2022-03-14,2022,3,Tue,16,16:32,18.569593,73.879011,Sant Dyaneshwar Marg,Arterial,50,Mid-block,Clear,Daylight,Two-wheeler,Over-speeding,Grievous,0,1
PN202200129,2022-03-14,2022,3,Tue,18,18:23,18.550089,73.939111,Kharadi South Main Road,Arterial,50,Junction,Clear,Dusk/Dawn,Two-wheeler,Over-speeding,Minor,0,1
PN202203207,2022-03-15,2022,3,Wed,14,14:12,18.44961,73.932864,Handewadi Road,Arterial,50,Mid-block,Clear,Daylight,Two-wheeler,Over-speeding,Grievous,0,3
PN202200634,2022-03-16,2022,3,Thu,17,17:02,18.608854,73.820752,Old Mumbai Pune Highway,Highway,80,Junction,Clear,Daylight,Pedestrian,Over-speeding,Fatal,1,1
PN202201405,2022-03-16,2022,3,Thu,18,18:23,18.523761,73.876506,(unnamed road),Arterial,50,Mid-block,Clear,Dusk/Dawn,Two-wheeler,Other,Minor,0,0
PN202201292,2022-03-16,2022,3,Thu,18,18:51,18.587874,73.782657,Thopte colony path,Local,30,Mid-block,Clear,Dusk/Dawn,Auto-rickshaw,Over-speeding,Minor,0,0
PN202201605,2022-03-18,2022,3,Sat,19,19:34,18.507552,73.78318,Service Rd,Arterial,40,Mid-block,Clear,Dark - lit,Pedestrian,Pothole/road condition,Minor,0,2
PN202200329,2022-03-18,2022,3,Sat,21,21:56,18.505973,73.917674,(unnamed road),Collector,40,Junction,Clear,Dark - unlit,Two-wheeler,Wrong-side driving,Grievous,0,3
PN202201390,2022-03-19,2022,3,Sun,20,20:22,18.488035,73.859848,Swaroopanand Path,Local,30,Mid-block,Clear,Dark - lit,Auto-rickshaw,Over-speeding,Fatal,1,0
PN202203554,2022-03-20,2022,3,Mon,8,08:31,18.555548,73.906498,Nagar Road,Highway,60,Mid-block,Cloudy,Daylight,Car,Over-speeding,Minor,0,2
PN202201919,2022-03-20,2022,3,Mon,19,19:21,18.489293,73.864777,Shivneri Marg,Arterial,50,Mid-block,Clear,Dark - lit,Pedestrian,Over-speeding,Fatal,2,2
PN202200951,2022-03-22,2022,3,Wed,3,03:25,18.549747,73.936775,Kharadi Bypass,Highway,60,Junction,Clear,Dark - unlit,Truck/Tempo,Over-speeding,Fatal,1,0
PN202203016,2022-03-22,2022,3,Wed,8,08:30,18.507634,73.85804,Shivaji Road,Highway,60,Junction,Clear,Daylight,Bus,Over-speeding,Fatal,1,1
PN202203806,2022-03-22,2022,3,Wed,11,11:10,18.603334,73.791746,Pimple Saudagar - Kalewadi Road,Arterial,50,Junction,Clear,Daylight,Two-wheeler,Over-speeding,Fatal,1,2
PN202202775,2022-03-22,2022,3,Wed,20,20:17,18.519415,73.837379,Gopal Ganesh Agarkar Path,Collector,40,Mid-block,Clear,Dark - lit,Two-wheeler,Mobile phone use,Grievous,0,1
PN202203896,2022-03-24,2022,3,Fri,5,05:42,18.533115,73.878146,Bund Garden Road,Highway,60,Junction,Clear,Dark - unlit,Truck/Tempo,Wrong-side driving,Fatal,2,1
PN202203039,2022-03-24,2022,3,Fri,7,07:07,18.493837,73.869257,Bharat Ratna Doctor Babasaheb Ambedkar Flyover,Arterial,50,Mid-block,Clear,Daylight,Two-wheeler,Over-speeding,Fatal,1,0
PN202203574,2022-03-24,2022,3,Fri,14,14:48,18.681434,73.874882,Daswani Road,Collector,40,Mid-block,Clear,Daylight,Car,Over-speeding,Minor,0,0
PN202201690,2022-03-24,2022,3,Fri,18,18:16,18.513483,73.879879,East Street,Arterial,50,Junction,Clear,Dusk/Dawn,Auto-rickshaw,Over-speeding,Minor,0,2
PN202203814,2022-03-24,2022,3,Fri,18,18:17,18.590173,73.772898,Wakad Road,Arterial,50,Junction,Clear,Dusk/Dawn,Car,Rash/careless driving,Minor,0,1
PN202203800,2022-03-25,2022,3,Sat,8,08:44,18.529189,73.906114,(unnamed road),Collector,40,Junction,Clear,Daylight,Auto-rickshaw,Over-speeding,Grievous,0,1
PN202200315,2022-03-25,2022,3,Sat,19,19:45,18.453554,73.828448,Katraj - Dehu Road Bypass,Highway,85,Bridge/Slope,Clear,Dark - unlit,Two-wheeler,Brake failure/vehicle defect,Minor,0,0
PN202202029,2022-03-26,2022,3,Sun,10,10:53,18.557624,73.842398,(unnamed road),Collector,30,Mid-block,Clear,Daylight,Car,Rash/careless driving,Fatal,1,1
PN202201373,2022-03-26,2022,3,Sun,12,12:02,18.539067,73.850921,New Wakadewadi MSRTC Bus Stand Road,Collector,40,Junction,Clear,Daylight,Bicycle,Over-speeding,Minor,0,2
PN202200003,2022-03-26,2022,3,Sun,17,17:13,18.494118,73.788151,Katraj - Dehu Road Bypass,Highway,80,Bridge/Slope,Clear,Daylight,Two-wheeler,Wrong-side driving,Minor,0,0
PN202200615,2022-03-26,2022,3,Sun,22,22:38,18.49354,73.78821,Katraj - Dehu Road Bypass,Highway,80,Bridge/Slope,Clear,Dark - unlit,Two-wheeler,Over-speeding,Minor,0,0
PN202202237,2022-03-28,2022,3,Tue,0,00:59,18.414922,73.856327,Katraj Ghat,Highway,50,Mid-block,Clear,Dark - unlit,Truck/Tempo,Over-speeding,Fatal,1,2
PN202201986,2022-03-28,2022,3,Tue,16,16:03,18.523919,73.887627,Richardson Road,Collector,40,Mid-block,Cloudy,Daylight,Two-wheeler,Over-speeding,Grievous,0,3
PN202200624,2022-03-28,2022,3,Tue,22,22:25,18.49484,73.787788,Katraj - Dehu Road Bypass,Highway,80,Bridge/Slope,Cloudy,Dark - unlit,Truck/Tempo,Over-speeding,Minor,0,2
PN202200826,2022-04-01,2022,4,Sat,3,03:13,18.50301,73.919342,(unnamed road),Collector,40,Junction,Clear,Dark - lit,Two-wheeler,Over-speeding,Fatal,1,0
PN202203349,2022-04-01,2022,4,Sat,13,13:44,18.605126,73.760949,(unnamed road),Local,30,Junction,Clear,Daylight,Car,Over-speeding,Grievous,0,1
PN202201839,2022-04-01,2022,4,Sat,22,22:59,18.666275,73.799476,Spine Road,Arterial,50,Mid-block,Clear,Dark - lit,Bus,Over-speeding,Grievous,0,1
PN202200195,2022-04-02,2022,4,Sun,9,09:48,18.45934,73.82375,Katraj - Dehu Road Bypass,Highway,60,Junction,Clear,Daylight,Two-wheeler,Rash/careless driving,Fatal,1,0
PN202201727,2022-04-02,2022,4,Sun,19,19:09,18.627172,73.834865,Nigdi Bhosari Road,Arterial,50,Mid-block,Clear,Dark - unlit,Two-wheeler,Over-speeding,Fatal,2,2
PN202201037,2022-04-02,2022,4,Sun,19,19:16,18.607962,73.820491,Kasarwadi - Pimple Gurav Road,Arterial,50,Junction,Clear,Dark - lit,Auto-rickshaw,Over-speeding,Grievous,0,3
PN202202294,2022-04-04,2022,4,Tue,18,18:51,18.496502,73.992483,(unnamed road),Local,30,Junction,Clear,Dusk/Dawn,Pedestrian,Wrong-side driving,Grievous,0,2
PN202200545,2022-04-05,2022,4,Wed,4,04:52,18.534296,73.928326,Mundhwa Road,Arterial,40,Junction,Rain,Dark - lit,Car,Rash/careless driving,Minor,0,1
PN202202970,2022-04-05,2022,4,Wed,20,20:02,18.659514,73.744787,SB Patil College Road,Collector,40,Junction,Clear,Dark - lit,Two-wheeler,Other,Grievous,0,3
PN202200748,2022-04-06,2022,4,Thu,10,10:28,18.453717,73.828311,Katraj - Dehu Road Bypass,Highway,85,Bridge/Slope,Clear,Daylight,Car,Over-speeding,Fatal,1,0
PN202203604,2022-04-06,2022,4,Thu,20,20:31,18.677452,73.782061,(unnamed road),Local,30,Junction,Clear,Dark - lit,Auto-rickshaw,Wrong-side driving,Minor,0,2
PN202200765,2022-04-07,2022,4,Fri,14,14:28,18.534294,73.928417,Mundhwa Road,Arterial,40,Junction,Cloudy,Daylight,Car,Over-speeding,Grievous,0,1
PN202201791,2022-04-08,2022,4,Sat,2,02:40,18.597211,73.79008,Rahatani Road,Arterial,50,Junction,Clear,Dark - lit,Two-wheeler,Over-speeding,Grievous,0,1
PN202202216,2022-04-08,2022,4,Sat,14,14:02,18.438952,73.975785,Saswad Road,Highway,60,Junction,Clear,Daylight,Pedestrian,Over-speeding,Minor,0,0
PN202203527,2022-04-08,2022,4,Sat,20,20:13,18.65412,73.844981,(unnamed road),Arterial,50,Mid-block,Clear,Dark - lit,Two-wheeler,Wrong-side driving,Grievous,0,2
PN202203408,2022-04-08,2022,4,Sat,23,23:04,18.663163,73.745166,(unnamed road),Collector,40,Junction,Clear,Dark - lit,Bicycle,Other,Minor,0,1
PN202200864,2022-04-09,2022,4,Sun,14,14:16,18.501624,73.93732,(unnamed road),Collector,40,Junction,Clear,Daylight,Two-wheeler,Over-speeding,Minor,0,2
PN202203567,2022-04-09,2022,4,Sun,17,17:07,18.578989,73.829275,Sangvi Phata-Old Sangvi-Dapodi Road,Arterial,50,Junction,Clear,Daylight,Bus,Over-speeding,Grievous,0,3
PN202203360,2022-04-09,2022,4,Sun,20,20:22,18.571973,73.790552,New DP Road,Arterial,50,Mid-block,Clear,Dark - unlit,Pedestrian,Signal jumping,Grievous,0,2
PN202200602,2022-04-09,2022,4,Sun,20,20:53,18.507794,73.78784,Paud Road,Arterial,40,Junction,Clear,Dark - lit,Car,Rash/careless driving,Minor,0,0
PN202200078,2022-04-10,2022,4,Mon,6,06:33,18.441944,73.974156,Saswad Road,Highway,60,Junction,Clear,Dusk/Dawn,Car,Over-speeding,Grievous,0,2
PN202201288,2022-04-10,2022,4,Mon,16,16:32,18.520492,73.891598,Prince Of Wales Drive,Arterial,50,Mid-block,Clear,Daylight,Two-wheeler,Over-speeding,Grievous,0,2
PN202202881,2022-04-11,2022,4,Tue,4,04:13,18.660211,73.778747,(unnamed road),Arterial,50,Mid-block,Clear,Dark - lit,Two-wheeler,Over-speeding,Grievous,0,2
PN202203006,2022-04-11,2022,4,Tue,18,18:39,18.482752,73.785994,(unnamed road),Local,30,Junction,Cloudy,Dusk/Dawn,Car,Wrong-side driving,Grievous,0,2
PN202201982,2022-04-12,2022,4,Wed,15,15:02,18.632401,73.780358,(unnamed road),Collector,40,Junction,Clear,Daylight,Car,Over-speeding,Grievous,0,2
PN202201897,2022-04-12,2022,4,Wed,21,21:08,18.558195,73.784412,(unnamed road),Local,30,Junction,Clear,Dark - lit,Pedestrian,Over-speeding,Grievous,0,1
PN202202455,2022-04-14,2022,4,Fri,13,13:12,18.525909,73.886665,Richardson Road,Collector,40,Mid-block,Cloudy,Daylight,Two-wheeler,Over-speeding,Grievous,0,2
PN202202955,2022-04-14,2022,4,Fri,18,18:55,18.591779,73.874151,Sant Dyaneshwar Marg,Arterial,50,Junction,Clear,Dusk/Dawn,Car,Over-speeding,Grievous,0,3
PN202203076,2022-04-14,2022,4,Fri,20,20:26,18.452293,73.792683,Sinhagad Road,Arterial,50,Mid-block,Clear,Dark - lit,Two-wheeler,Other,Grievous,0,2
PN202201957,2022-04-15,2022,4,Sat,20,20:05,18.541979,73.872684,Sangamwadi Road,Arterial,85,Mid-block,Clear,Dark - lit,Two-wheeler,Over-speeding,Minor,0,0
PN202202590,2022-04-15,2022,4,Sat,23,23:47,18.500594,73.96826,Manjri Greens Road,Collector,40,Junction,Clear,Dark - unlit,Two-wheeler,Wrong-side driving,Minor,0,0
PN202203084,2022-04-16,2022,4,Sun,10,10:36,18.516476,73.773047,Bavdhan Gaon Rd,Collector,20,Junction,Clear,Daylight,Two-wheeler,Rash/careless driving,Grievous,0,3
PN202203062,2022-04-16,2022,4,Sun,11,11:39,18.532081,74.01719,(unnamed road),Collector,40,Junction,Cloudy,Daylight,Pedestrian,Over-speeding,Minor,0,1
PN202202510,2022-04-16,2022,4,Sun,19,19:31,18.552412,73.897387,Nagar Road,Highway,60,Junction,Clear,Dark - unlit,Car,Over-speeding,Fatal,1,0
PN202202746,2022-04-16,2022,4,Sun,20,20:26,18.507477,73.877184,Mahatma Phule Path,Arterial,50,Junction,Clear,Dark - lit,Car,Wrong-side driving,Minor,0,1
PN202203923,2022-04-16,2022,4,Sun,22,22:01,18.507873,73.944106,(unnamed road),Local,30,Junction,Clear,Dark - lit,Car,Drunk driving,Grievous,0,3
PN202201393,2022-04-17,2022,4,Mon,23,23:27,18.553965,73.97898,(unnamed road),Local,30,Junction,Cloudy,Dark - lit,Two-wheeler,Over-speeding,Minor,0,0
PN202202853,2022-04-18,2022,4,Tue,23,23:17,18.645778,73.880475,Sant Dyaneshwar Marg Flyover,Arterial,50,Mid-block,Clear,Dark - lit,Car,Other,Fatal,1,1
PN202202476,2022-04-19,2022,4,Wed,14,14:36,18.518752,73.941296,(unnamed road),Collector,40,Mid-block,Rain,Daylight,Pedestrian,Over-speeding,Grievous,0,3
PN202202734,2022-04-19,2022,4,Wed,18,18:43,18.678869,73.856101,Indrayani Road,Arterial,50,Mid-block,Clear,Dusk/Dawn,Two-wheeler,Over-speeding,Minor,0,1
PN202201902,2022-04-19,2022,4,Wed,23,23:20,18.615148,73.815271,Old Mumbai Pune Highway,Highway,80,Mid-block,Clear,Dark - unlit,Car,Over-speeding,Fatal,1,2
PN202200093,2022-04-20,2022,4,Thu,11,11:46,18.442194,73.974014,Saswad Road,Highway,60,Junction,Cloudy,Daylight,Two-wheeler,Signal jumping,Minor,0,0
PN202203327,2022-04-20,2022,4,Thu,18,18:50,18.534954,73.885574,Arjun Mansukhani Path,Arterial,50,Mid-block,Clear,Dusk/Dawn,Two-wheeler,Drunk driving,Grievous,0,1
PN202203072,2022-04-21,2022,4,Fri,9,09:19,18.665037,73.806366,Spine Road,Arterial,50,Mid-block,Clear,Daylight,Car,Rash/careless driving,Grievous,0,1
PN202201875,2022-04-21,2022,4,Fri,20,20:58,18.601471,73.770083,Shri Chatrapati Shivaji Maharaj Road,Arterial,50,Junction,Clear,Dark - lit,Two-wheeler,Over-speeding,Grievous,0,2
PN202200583,2022-04-21,2022,4,Fri,21,21:33,18.500752,73.791392,Katraj - Dehu Road Bypass,Highway,80,Bridge/Slope,Clear,Dark - unlit,Bus,Over-speeding,Fatal,2,1
PN202203514,2022-04-21,2022,4,Fri,22,22:55,18.436236,73.737867,(unnamed road),Collector,40,Mid-block,Cloudy,Dark - lit,Auto-rickshaw,Rash/careless driving,Grievous,0,2
PN202203487,2022-04-22,2022,4,Sat,13,13:01,18.621582,73.772115,Aditya Birla Hospital Marg,Arterial,50,Junction,Clear,Daylight,Two-wheeler,Over-speeding,Fatal,2,0
PN202200183,2022-04-23,2022,4,Sun,5,05:49,18.43086,73.84041,Ambegaon Viaduct,Highway,75,Bridge/Slope,Clear,Dark - unlit,Truck/Tempo,Pothole/road condition,Minor,0,0
PN202200380,2022-04-23,2022,4,Sun,7,07:15,18.608216,73.822192,(unnamed road),Highway,40,Junction,Clear,Daylight,Two-wheeler,Brake failure/vehicle defect,Fatal,1,2
PN202203291,2022-04-24,2022,4,Mon,9,09:22,18.61209,73.749608,Katraj - Dehu Road Bypass,Highway,80,Mid-block,Cloudy,Daylight,Truck/Tempo,Over-speeding,Grievous,0,1
PN202202694,2022-04-24,2022,4,Mon,20,20:31,18.610758,73.800199,(unnamed road),Collector,40,Junction,Clear,Dark - lit,Pedestrian,Over-speeding,Minor,0,1
PN202201200,2022-04-24,2022,4,Mon,20,20:44,18.504477,73.927677,Magarpatta Road Flyover,Highway,60,Mid-block,Clear,Dark - unlit,Pedestrian,Over-speeding,Fatal,1,2
PN202200658,2022-04-25,2022,4,Tue,9,09:13,18.605825,73.751675,Service Road,Arterial,50,Junction,Clear,Daylight,Two-wheeler,Over-speeding,Grievous,0,2
PN202203600,2022-04-25,2022,4,Tue,19,19:01,18.499063,73.96805,Manjri Greens Road,Collector,40,Junction,Clear,Dark - unlit,Pedestrian,Rash/careless driving,Minor,0,2
PN202201235,2022-04-26,2022,4,Wed,19,19:20,18.499284,73.842155,Panmla road,Collector,40,Mid-block,Clear,Dark - lit,Two-wheeler,Over-speeding,Grievous,0,1
PN202201078,2022-04-26,2022,4,Wed,21,21:01,18.549412,73.92743,(unnamed road),Local,30,Junction,Clear,Dark - lit,Two-wheeler,Over-speeding,Minor,0,2
PN202200759,2022-04-27,2022,4,Thu,7,07:14,18.500088,73.790674,Katraj - Dehu Road Bypass,Highway,80,Bridge/Slope,Clear,Daylight,Two-wheeler,Wrong-side driving,Grievous,0,3
PN202200378,2022-04-27,2022,4,Thu,12,12:34,18.495529,73.787957,Katraj - Dehu Road Bypass,Highway,80,Bridge/Slope,Clear,Daylight,Bus,Over-speeding,Grievous,0,1
PN202201389,2022-04-27,2022,4,Thu,18,18:28,18.694502,73.847449,Pune Nashik Road,Highway,60,Junction,Clear,Dusk/Dawn,Truck/Tempo,Over-speeding,Fatal,2,1
PN202203342,2022-04-27,2022,4,Thu,19,19:26,18.50374,73.8213,Narayandas Nagindas Gandhi Path,Collector,40,Junction,Rain,Dark - unlit,Car,Pothole/road condition,Grievous,0,1
PN202201105,2022-04-27,2022,4,Thu,20,20:14,18.502824,73.927442,Magarpatta Road Flyover,Highway,60,Junction,Clear,Dark - unlit,Car,Mobile phone use,Minor,0,2
PN202201075,2022-04-28,2022,4,Fri,11,11:42,18.679371,73.848862,Dehu - Alandi Road,Arterial,50,Junction,Clear,Daylight,Two-wheeler,Pothole/road condition,Grievous,0,2
PN202203931,2022-04-28,2022,4,Fri,14,14:02,18.493282,73.835377,Sinhagad Road,Arterial,50,Junction,Cloudy,Daylight,Two-wheeler,Over-speeding,Fatal,1,0
PN202203858,2022-05-01,2022,5,Tue,11,11:15,18.457218,73.802359,Sinhagad Road,Arterial,50,Junction,Clear,Daylight,Two-wheeler,Over-speeding,Grievous,0,1
PN202200476,2022-05-01,2022,5,Tue,19,19:06,18.610393,73.818103,Kasarwadi - Pimple Gurav Road,Arterial,50,Junction,Clear,Dark - lit,Bus,Over-speeding,Grievous,0,3
PN202201866,2022-05-01,2022,5,Tue,20,20:13,18.663998,73.887247,Sant Dyaneshwar Marg,Arterial,50,Mid-block,Clear,Dark - lit,Truck/Tempo,Over-speeding,Grievous,0,2
PN202203058,2022-05-01,2022,5,Tue,20,20:39,18.591609,73.757561,(unnamed road),Arterial,50,Junction,Clear,Dark - lit,Car,Over-speeding,Minor,0,2
PN202201224,2022-05-02,2022,5,Wed,11,11:36,18.649825,73.850377,Pune Nashik Road,Highway,60,Mid-block,Clear,Daylight,Bicycle,Over-speeding,Fatal,1,1
PN202202915,2022-05-02,2022,5,Wed,17,17:46,18.5146,73.87788,Taboot Street,Local,30,Junction,Clear,Daylight,Bicycle,Over-speeding,Minor,0,0
PN202202103,2022-05-03,2022,5,Thu,2,02:15,18.56865,73.910188,(unnamed road),Local,30,Junction,Clear,Dark - unlit,Auto-rickshaw,Drunk driving,Grievous,0,3
PN202203593,2022-05-03,2022,5,Thu,21,21:46,18.669434,73.731012,(unnamed road),Local,30,Mid-block,Clear,Dark - unlit,Two-wheeler,Over-speeding,Grievous,0,3
PN202201644,2022-05-04,2022,5,Fri,0,00:30,18.595198,73.728482,Bhumkar Das Gurge Road,Arterial,50,Junction,Clear,Dark - unlit,Two-wheeler,Over-speeding,Grievous,0,1
PN202201836,2022-05-04,2022,5,Fri,14,14:37,18.524432,73.879337,Maneckji Mehta Road,Arterial,50,Mid-block,Cloudy,Daylight,Car,Over-speeding,Grievous,0,3
PN202201024,2022-05-04,2022,5,Fri,19,19:51,18.486337,73.95272,Saswad Road,Highway,60,Junction,Clear,Dark - unlit,Two-wheeler,Pothole/road condition,Minor,0,2
PN202201285,2022-05-05,2022,5,Sat,5,05:37,18.560492,73.917309,Nagar Road,Highway,60,Mid-block,Clear,Dark - unlit,Car,Over-speeding,Fatal,1,0
PN202200825,2022-05-05,2022,5,Sat,11,11:04,18.454541,73.827632,Katraj - Dehu Road Bypass,Highway,85,Junction,Clear,Daylight,Bus,Wrong-side driving,Fatal,1,1
PN202203922,2022-05-06,2022,5,Sun,5,05:20,18.412367,73.847064,Katraj - Dehu Road Bypass,Highway,80,Mid-block,Clear,Dark - unlit,Car,Rash/careless driving,Grievous,0,1
PN202200656,2022-05-06,2022,5,Sun,6,06:55,18.4923,73.998522,(unnamed road),Collector,40,Junction,Clear,Dusk/Dawn,Bus,Mobile phone use,Grievous,0,2
PN202200758,2022-05-06,2022,5,Sun,15,15:28,18.460301,73.823353,Katraj - Dehu Road Bypass,Highway,60,Junction,Clear,Daylight,Truck/Tempo,Brake failure/vehicle defect,Fatal,2,2
PN202200467,2022-05-06,2022,5,Sun,15,15:52,18.444605,73.836519,Katraj - Dehu Road Bypass,Highway,85,Bridge/Slope,Clear,Daylight,Truck/Tempo,Over-speeding,Grievous,0,1
PN202202088,2022-05-06,2022,5,Sun,22,22:44,18.546097,73.889881,Nagar Road,Highway,60,Mid-block,Clear,Dark - unlit,Truck/Tempo,Other,Fatal,1,1
PN202200398,2022-05-06,2022,5,Sun,23,23:06,18.496805,73.788261,Katraj - Dehu Road Bypass,Highway,80,Bridge/Slope,Clear,Dark - unlit,Bus,Over-speeding,Minor,0,2
PN202202873,2022-05-07,2022,5,Mon,9,09:49,18.493816,74.007949,(unnamed road),Local,30,Mid-block,Cloudy,Daylight,Truck/Tempo,Over-speeding,Grievous,0,3
PN202202292,2022-05-08,2022,5,Tue,12,12:29,18.662682,73.728545,Mumbai - Pune Expressway,Highway,30,Mid-block,Clear,Daylight,Two-wheeler,Over-speeding,Fatal,1,2
PN202203214,2022-05-08,2022,5,Tue,13,13:24,18.723172,73.852443,Pune Nashik Road,Highway,60,Mid-block,Clear,Daylight,Two-wheeler,Rash/careless driving,Fatal,1,2
PN202201056,2022-05-08,2022,5,Tue,14,14:14,18.556207,73.987752,Manjari - Wagholi Road,Arterial,50,Mid-block,Clear,Daylight,Truck/Tempo,Rash/careless driving,Grievous,0,1
PN202201504,2022-05-09,2022,5,Wed,20,20:30,18.643956,73.799972,Tata Motors Road,Arterial,50,Junction,Clear,Dark - lit,Car,Over-speeding,Grievous,0,3
PN202200858,2022-05-10,2022,5,Thu,19,19:24,18.485145,73.799184,Warje Road,Collector,30,Junction,Cloudy,Dark - lit,Bus,Over-speeding,Minor,0,1
PN202200584,2022-05-10,2022,5,Thu,19,19:51,18.56158,73.93126,(unnamed road),Collector,40,Junction,Clear,Dark - lit,Car,Rash/careless driving,Fatal,1,2
PN202200551,2022-05-10,2022,5,Thu,21,21:11,18.533729,73.929862,Mundhwa Road,Arterial,40,Junction,Clear,Dark - unlit,Truck/Tempo,Pothole/road condition,Grievous,0,2
PN202203583,2022-05-11,2022,5,Fri,6,06:48,18.501605,73.900655,Late Vitthalrao Namdeo Shivarkar Road,Arterial,50,Junction,Clear,Dusk/Dawn,Car,Over-speeding,Minor,0,2
PN202202357,2022-05-11,2022,5,Fri,8,08:06,18.565944,73.906709,Airport New Road,Arterial,50,Mid-block,Clear,Daylight,Car,Over-speeding,Minor,0,2
PN202203075,2022-05-11,2022,5,Fri,16,16:34,18.632905,73.823262,(unnamed road),Local,30,Junction,Clear,Daylight,Bicycle,Over-speeding,Minor,0,1
PN202200039,2022-05-11,2022,5,Fri,21,21:12,18.533953,73.929221,Mundhwa Road,Arterial,40,Junction,Clear,Dark - unlit,Two-wheeler,Over-speeding,Minor,0,2
PN202201541,2022-05-12,2022,5,Sat,13,13:18,18.474074,73.892186,(unnamed road),Local,30,Junction,Clear,Daylight,Two-wheeler,Over-speeding,Grievous,0,1
PN202200075,2022-05-13,2022,5,Sun,18,18:08,18.45994,73.823208,Katraj - Dehu Road Bypass,Highway,60,Junction,Clear,Dusk/Dawn,Pedestrian,Rash/careless driving,Minor,0,1
PN202203339,2022-05-13,2022,5,Sun,19,19:31,18.645783,73.789034,Old Pune–Mumbai Highway,Highway,80,Mid-block,Clear,Dark - unlit,Truck/Tempo,Over-speeding,Minor,0,0
PN202200021,2022-05-14,2022,5,Mon,9,09:23,18.506924,73.783674,Paud Road,Arterial,50,Junction,Cloudy,Daylight,Two-wheeler,Over-speeding,Minor,0,2
PN202202663,2022-05-14,2022,5,Mon,15,15:00,18.609665,73.998255,(unnamed road),Collector,40,Junction,Clear,Daylight,Two-wheeler,Over-speeding,Fatal,1,2
PN202203470,2022-05-14,2022,5,Mon,22,22:10,18.650926,73.882644,Sant Dyaneshwar Marg,Arterial,50,Mid-block,Clear,Dark - lit,Two-wheeler,Brake failure/vehicle defect,Fatal,1,1
PN202200521,2022-05-15,2022,5,Tue,2,02:41,18.459321,73.824629,Katraj - Dehu Road Bypass,Highway,60,Junction,Clear,Dark - unlit,Two-wheeler,Over-speeding,Fatal,1,1
PN202202177,2022-05-15,2022,5,Tue,12,12:38,18.503516,73.864871,(unnamed road),Local,30,Junction,Cloudy,Daylight,Two-wheeler,Rash/careless driving,Grievous,0,3
PN202203751,2022-05-15,2022,5,Tue,13,13:33,18.434196,73.847579,(unnamed road),Local,30,Junction,Clear,Daylight,Bus,Rash/careless driving,Minor,0,2
PN202200708,2022-05-16,2022,5,Wed,3,03:28,18.501042,73.937763,Shree Sant Dnyaneshwar Maharaj and Shree Sant Tukaram Maharaj Flyover,Highway,60,Junction,Clear,Dark - unlit,Two-wheeler,Over-speeding,Grievous,0,3
PN202201495,2022-05-16,2022,5,Wed,15,15:17,18.580444,73.761756,exit to baner,Arterial,20,Mid-block,Clear,Daylight,Car,Over-speeding,Minor,0,1
PN202203304,2022-05-16,2022,5,Wed,17,17:26,18.613056,74.007577,(unnamed road),Local,30,Mid-block,Clear,Daylight,Two-wheeler,Signal jumping,Minor,0,2
PN202202920,2022-05-16,2022,5,Wed,20,20:36,18.530654,73.959646,(unnamed road),Local,30,Mid-block,Clear,Dark - unlit,Two-wheeler,Over-speeding,Grievous,0,1
PN202203165,2022-05-17,2022,5,Thu,23,23:47,18.649835,73.930957,(unnamed road),Collector,40,Mid-block,Clear,Dark - lit,Car,Other,Minor,0,2
PN202202904,2022-05-19,2022,5,Sat,6,06:41,18.613165,73.724864,(unnamed road),Local,30,Mid-block,Clear,Dusk/Dawn,Car,Over-speeding,Minor,0,2
PN202202075,2022-05-20,2022,5,Sun,10,10:46,18.488108,73.939097,(unnamed road),Collector,40,Junction,Clear,Daylight,Two-wheeler,Over-speeding,Minor,0,0
PN202200869,2022-05-20,2022,5,Sun,14,14:19,18.445076,73.83619,Katraj - Dehu Road Bypass,Highway,85,Bridge/Slope,Clear,Daylight,Auto-rickshaw,Pothole/road condition,Grievous,0,3
PN202202721,2022-05-21,2022,5,Mon,17,17:20,18.512278,73.864331,(unnamed road),Collector,40,Junction,Clear,Daylight,Pedestrian,Over-speeding,Minor,0,2
PN202202787,2022-05-21,2022,5,Mon,17,17:24,18.449728,73.83172,(unnamed road),Collector,40,Mid-block,Clear,Daylight,Two-wheeler,Over-speeding,Fatal,1,2
PN202202144,2022-05-22,2022,5,Tue,3,03:27,18.673828,73.725166,Katraj - Dehu Road Bypass,Highway,80,Junction,Cloudy,Dark - unlit,Car,Drunk driving,Grievous,0,3
PN202200313,2022-05-22,2022,5,Tue,9,09:53,18.456326,73.85844,Satara Road,Highway,60,Junction,Clear,Daylight,Two-wheeler,Other,Grievous,0,2
PN202203855,2022-05-22,2022,5,Tue,11,11:46,18.513291,73.76988,Katraj - Dehu Road Bypass,Highway,80,Mid-block,Clear,Daylight,Truck/Tempo,Over-speeding,Minor,0,1
PN202200116,2022-05-22,2022,5,Tue,19,19:46,18.504848,73.917718,(unnamed road),Collector,40,Junction,Clear,Dark - lit,Two-wheeler,Pothole/road condition,Minor,0,0
PN202201515,2022-05-22,2022,5,Tue,23,23:38,18.647136,73.814754,Nigdi Bhosari Road,Arterial,50,Mid-block,Clear,Dark - lit,Two-wheeler,Other,Minor,0,2
PN202202672,2022-05-23,2022,5,Wed,16,16:28,18.424018,73.846803,(unnamed road),Local,30,Mid-block,Clear,Daylight,Pedestrian,Over-speeding,Grievous,0,3
PN202201796,2022-05-23,2022,5,Wed,17,17:00,18.511143,73.812821,Rambaug Colony Road,Collector,40,Junction,Cloudy,Daylight,Pedestrian,Over-speeding,Fatal,1,1
PN202202820,2022-05-23,2022,5,Wed,19,19:19,18.625725,73.799275,(unnamed road),Local,30,Junction,Clear,Dark - unlit,Car,Over-speeding,Grievous,0,1
PN202200921,2022-05-23,2022,5,Wed,23,23:42,18.507215,73.785289,Katraj - Dehu Road Bypass,Highway,80,Junction,Clear,Dark - unlit,Car,Over-speeding,Minor,0,0
PN202203307,2022-05-24,2022,5,Thu,11,11:26,18.670529,73.726653,(unnamed road),Arterial,50,Junction,Clear,Daylight,Truck/Tempo,Brake failure/vehicle defect,Grievous,0,3
PN202203426,2022-05-25,2022,5,Fri,10,10:58,18.644874,73.830985,(unnamed road),Collector,30,Junction,Clear,Daylight,Pedestrian,Over-speeding,Fatal,1,2
PN202200147,2022-05-25,2022,5,Fri,16,16:35,18.490402,74.013788,(unnamed road),Collector,40,Junction,Clear,Daylight,Two-wheeler,Over-speeding,Grievous,0,3
PN202200289,2022-05-25,2022,5,Fri,18,18:48,18.45862,73.82546,(unnamed road),Highway,40,Junction,Clear,Dusk/Dawn,Two-wheeler,Over-speeding,Minor,0,1
PN202200984,2022-05-26,2022,5,Sat,23,23:38,18.496789,73.788124,Katraj - Dehu Road Bypass,Highway,80,Bridge/Slope,Cloudy,Dark - unlit,Two-wheeler,Rash/careless driving,Grievous,0,1
PN202200074,2022-05-27,2022,5,Sun,4,04:17,18.442556,73.973807,Saswad Road,Highway,60,Junction,Clear,Dark - unlit,Truck/Tempo,Over-speeding,Fatal,2,2
PN202201679,2022-05-27,2022,5,Sun,9,09:21,18.435069,73.978224,NH965,Highway,60,Mid-block,Clear,Daylight,Pedestrian,Wrong-side driving,Fatal,1,1
PN202201574,2022-05-27,2022,5,Sun,15,15:13,18.64855,73.735025,(unnamed road),Arterial,50,Mid-block,Clear,Daylight,Two-wheeler,Rash/careless driving,Grievous,0,1
PN202200645,2022-05-27,2022,5,Sun,18,18:39,18.454283,73.827834,Katraj - Dehu Road Bypass,Highway,85,Junction,Clear,Dusk/Dawn,Truck/Tempo,Brake failure/vehicle defect,Fatal,1,0
PN202203540,2022-05-28,2022,5,Mon,5,05:30,18.469484,73.807889,(unnamed road),Local,30,Mid-block,Cloudy,Dark - lit,Pedestrian,Signal jumping,Minor,0,1
PN202200368,2022-05-28,2022,5,Mon,12,12:39,18.605625,73.752594,(unnamed road),Arterial,40,Junction,Clear,Daylight,Car,Over-speeding,Fatal,1,2
PN202203842,2022-05-28,2022,5,Mon,16,16:16,18.644891,73.791442,(unnamed road),Collector,40,Junction,Cloudy,Daylight,Auto-rickshaw,Other,Grievous,0,1
PN202200324,2022-05-28,2022,5,Mon,19,19:28,18.460637,73.822244,Katraj - Dehu Road Bypass,Highway,60,Bridge/Slope,Clear,Dark - unlit,Bicycle,Pothole/road condition,Fatal,1,0
PN202200448,2022-06-01,2022,6,Fri,10,10:20,18.49222,73.99908,(unnamed road),Collector,40,Mid-block,Cloudy,Daylight,Two-wheeler,Pothole/road condition,Fatal,2,2
PN202203754,2022-06-01,2022,6,Fri,16,16:34,18.673405,73.791258,(unnamed road),Local,30,Junction,Clear,Daylight,Bus,Over-speeding,Minor,0,2
PN202202244,2022-06-01,2022,6,Fri,21,21:49,18.6477,73.787384,Kandoba Chowk Underpass,Highway,80,Junction,Clear,Dark - unlit,Bicycle,Over-speeding,Fatal,1,1
PN202202507,2022-06-02,2022,6,Sat,4,04:10,18.483405,73.801336,Katraj - Dehu Road Bypass,Highway,80,Mid-block,Clear,Dark - unlit,Pedestrian,Over-speeding,Fatal,1,0
PN202201083,2022-06-02,2022,6,Sat,16,16:16,18.448292,73.866906,Katraj-Kondhwa Road,Highway,60,Junction,Clear,Daylight,Truck/Tempo,Over-speeding,Minor,0,2
PN202202056,2022-06-02,2022,6,Sat,16,16:40,18.603709,73.825133,Old Pune–Mumbai Highway,Highway,60,Mid-block,Rain,Daylight,Car,Over-speeding,Grievous,0,2
PN202200923,2022-06-02,2022,6,Sat,20,20:58,18.492306,73.998476,(unnamed road),Collector,40,Junction,Rain,Dark - lit,Auto-rickshaw,Over-speeding,Grievous,0,2
PN202201962,2022-06-02,2022,6,Sat,21,21:21,18.561815,73.911875,Sakore Nagar Road,Collector,40,Junction,Cloudy,Dark - lit,Bus,Over-speeding,Grievous,0,1
PN202200473,2022-06-03,2022,6,Sun,21,21:59,18.577768,73.908021,Airport New Road,Arterial,50,Junction,Rain,Dark - lit,Two-wheeler,Pothole/road condition,Grievous,0,2
PN202201701,2022-06-04,2022,6,Mon,18,18:05,18.499798,73.946616,Solapur Road,Highway,60,Mid-block,Rain,Dusk/Dawn,Car,Rash/careless driving,Grievous,0,2
PN202202528,2022-06-04,2022,6,Mon,21,21:55,18.589775,73.998072,Bakori Road,Collector,40,Mid-block,Clear,Dark - lit,Car,Over-speeding,Fatal,1,1
PN202201076,2022-06-04,2022,6,Mon,22,22:53,18.604008,73.824699,Old Pune–Mumbai Highway,Highway,60,Mid-block,Clear,Dark - unlit,Car,Over-speeding,Grievous,0,3
PN202203582,2022-06-05,2022,6,Tue,3,03:35,18.538781,73.885539,Koregaon Road,Arterial,30,Mid-block,Clear,Dark - unlit,Car,Over-speeding,Fatal,1,1
PN202201309,2022-06-05,2022,6,Tue,15,15:16,18.442043,73.87157,(unnamed road),Collector,30,Junction,Clear,Daylight,Two-wheeler,Over-speeding,Fatal,1,1
PN202201722,2022-06-05,2022,6,Tue,16,16:42,18.588485,73.996309,Nagar Road,Highway,60,Junction,Clear,Daylight,Pedestrian,Over-speeding,Grievous,0,3
PN202203427,2022-06-06,2022,6,Wed,8,08:37,18.54238,73.924053,(unnamed road),Local,30,Junction,Clear,Daylight,Auto-rickshaw,Over-speeding,Minor,0,2
PN202201361,2022-06-06,2022,6,Wed,19,19:13,18.505307,73.917238,Solapur Road Flyover,Highway,60,Junction,Rain,Dark - unlit,Car,Over-speeding,Grievous,0,2
PN202201033,2022-06-06,2022,6,Wed,20,20:20,18.548042,73.936392,Kharadi Bypass,Highway,60,Junction,Clear,Dark - unlit,Two-wheeler,Over-speeding,Fatal,1,1
PN202201571,2022-06-07,2022,6,Thu,17,17:50,18.640476,73.793761,(unnamed road),Arterial,50,Junction,Rain,Daylight,Pedestrian,Pothole/road condition,Minor,0,1
PN202200499,2022-06-07,2022,6,Thu,18,18:10,18.492191,73.999283,(unnamed road),Collector,40,Mid-block,Rain,Dusk/Dawn,Auto-rickshaw,Over-speeding,Grievous,0,3
PN202200268,2022-06-08,2022,6,Fri,2,02:17,18.502611,73.937577,(unnamed road),Collector,40,Junction,Clear,Dark - lit,Pedestrian,Over-speeding,Fatal,1,2
PN202201484,2022-06-08,2022,6,Fri,16,16:45,18.449992,73.909537,Katraj Bypass Road,Highway,60,Junction,Clear,Daylight,Two-wheeler,Over-speeding,Grievous,0,1
PN202201326,2022-06-08,2022,6,Fri,17,17:28,18.53243,73.81119,Panchawati Road,Local,30,Junction,Clear,Daylight,Two-wheeler,Over-speeding,Grievous,0,1
PN202202171,2022-06-09,2022,6,Sat,7,07:58,18.529842,73.851152,NH60;NH65,Highway,60,Junction,Rain,Daylight,Car,Wrong-side driving,Minor,0,2
PN202200932,2022-06-10,2022,6,Sun,12,12:48,18.610428,73.818062,Kasarwadi - Pimple Gurav Road,Arterial,50,Junction,Rain,Daylight,Two-wheeler,Over-speeding,Grievous,0,3
PN202200880,2022-06-10,2022,6,Sun,14,14:01,18.606369,73.753282,(unnamed road),Arterial,40,Junction,Clear,Daylight,Two-wheeler,Over-speeding,Fatal,1,2
PN202200401,2022-06-10,2022,6,Sun,16,16:02,18.610003,73.818569,Kasarwadi - Pimple Gurav Road,Arterial,50,Junction,Clear,Daylight,Car,Other,Minor,0,0
PN202203051,2022-06-10,2022,6,Sun,19,19:30,18.646483,73.792066,(unnamed road),Collector,40,Junction,Clear,Dark - lit,Auto-rickshaw,Over-speeding,Grievous,0,1
PN202200400,2022-06-10,2022,6,Sun,20,20:58,18.429811,73.841232,Katraj - Dehu Road Bypass,Highway,80,Bridge/Slope,Rain,Dark - unlit,Truck/Tempo,Rash/careless driving,Grievous,0,3
PN202200337,2022-06-11,2022,6,Mon,7,07:00,18.453442,73.828351,Katraj - Dehu Road Bypass,Highway,85,Bridge/Slope,Cloudy,Daylight,Bus,Over-speeding,Grievous,0,1
PN202203107,2022-06-11,2022,6,Mon,15,15:48,18.601821,73.799348,Pimple Saudagar - Kalewadi Road,Arterial,50,Junction,Rain,Daylight,Truck/Tempo,Over-speeding,Grievous,0,3
PN202201609,2022-06-11,2022,6,Mon,17,17:52,18.493983,73.873371,Irawati Karve Marg,Arterial,50,Junction,Cloudy,Daylight,Two-wheeler,Over-speeding,Minor,0,1
PN202201055,2022-06-11,2022,6,Mon,19,19:44,18.667371,73.741449,Adarshnagar-Vikasnagar Road,Arterial,50,Mid-block,Clear,Dark - lit,Two-wheeler,Over-speeding,Grievous,0,1
PN202202583,2022-06-11,2022,6,Mon,21,21:10,18.46106,73.85814,Satara Road,Highway,60,Mid-block,Clear,Dark - unlit,Truck/Tempo,Mobile phone use,Grievous,0,3
PN202203432,2022-06-12,2022,6,Tue,14,14:36,18.632833,73.819408,Vastu Udyog Roadg,Collector,40,Mid-block,Clear,Daylight,Truck/Tempo,Over-speeding,Grievous,0,3
PN202200854,2022-06-12,2022,6,Tue,19,19:51,18.578271,73.907034,(unnamed road),Arterial,50,Junction,Rain,Dark - lit,Pedestrian,Over-speeding,Minor,0,0
PN202203718,2022-06-13,2022,6,Wed,4,04:26,18.640743,73.780158,Premlok Park Road,Collector,40,Mid-block,Rain,Dark - unlit,Two-wheeler,Pothole/road condition,Grievous,0,1
PN202203515,2022-06-13,2022,6,Wed,12,12:50,18.5799,73.886599,(unnamed road),Local,30,Junction,Rain,Daylight,Car,Over-speeding,Minor,0,2
PN202202842,2022-06-13,2022,6,Wed,15,15:12,18.569248,73.975063,(unnamed road),Local,30,Junction,Clear,Daylight,Car,Over-speeding,Grievous,0,3
PN202200069,2022-06-14,2022,6,Thu,11,11:45,18.484731,73.798854,2nd Service Road,Collector,40,Junction,Clear,Daylight,Two-wheeler,Other,Minor,0,1
PN202201705,2022-06-14,2022,6,Thu,14,14:12,18.697282,73.917183,(unnamed road),Arterial,50,Junction,Clear,Daylight,Auto-rickshaw,Over-speeding,Minor,0,1
PN202202673,2022-06-14,2022,6,Thu,14,14:21,18.707655,73.868622,(unnamed road),Collector,40,Mid-block,Clear,Daylight,Truck/Tempo,Over-speeding,Fatal,1,1
PN202202050,2022-06-14,2022,6,Thu,23,23:17,18.59998,73.780245,Maharastra Bhushan DR Shree Nanasahesb Dharmadhikari Flyover,Arterial,50,Junction,Rain,Dark - lit,Car,Over-speeding,Grievous,0,1
PN202202122,2022-06-14,2022,6,Thu,23,23:25,18.515266,73.843767,Riverside Road,Collector,40,Mid-block,Rain,Dark - lit,Two-wheeler,Over-speeding,Grievous,0,1
PN202200773,2022-06-15,2022,6,Fri,19,19:50,18.547266,73.936219,Kharadi Bypass,Highway,60,Junction,Rain,Dark - unlit,Truck/Tempo,Over-speeding,Minor,0,2
PN202201595,2022-06-16,2022,6,Sat,6,06:08,18.499989,73.822384,G. A. Kulkarni Path,Collector,40,Junction,Clear,Dusk/Dawn,Bicycle,Signal jumping,Grievous,0,1
PN202203242,2022-06-16,2022,6,Sat,18,18:40,18.64375,73.819547,Nigdi Bhosari Road,Arterial,50,Mid-block,Rain,Dusk/Dawn,Truck/Tempo,Wrong-side driving,Fatal,1,1
PN202201104,2022-06-16,2022,6,Sat,19,19:43,18.551928,74.011313,(unnamed road),Local,30,Mid-block,Rain,Dark - unlit,Car,Over-speeding,Grievous,0,2
PN202202256,2022-06-16,2022,6,Sat,23,23:00,18.52016,73.769229,Katraj - Dehu Road Bypass,Highway,80,Mid-block,Clear,Dark - unlit,Two-wheeler,Over-speeding,Fatal,1,1
PN202201966,2022-06-17,2022,6,Sun,0,00:58,18.448243,73.941529,(unnamed road),Collector,40,Junction,Rain,Dark - lit,Auto-rickshaw,Pothole/road condition,Minor,0,0
PN202203372,2022-06-17,2022,6,Sun,14,14:53,18.493417,73.991321,Solapur Road,Highway,60,Mid-block,Cloudy,Daylight,Truck/Tempo,Other,Fatal,1,0
PN202200363,2022-06-17,2022,6,Sun,17,17:57,18.506835,73.787018,Paud Road,Arterial,50,Junction,Rain,Daylight,Two-wheeler,Over-speeding,Minor,0,0
PN202200701,2022-06-17,2022,6,Sun,21,21:27,18.494327,73.788095,Katraj - Dehu Road Bypass,Highway,80,Bridge/Slope,Clear,Dark - unlit,Car,Wrong-side driving,Minor,0,2
PN202200971,2022-06-17,2022,6,Sun,22,22:16,18.501014,73.791449,Katraj - Dehu Road Bypass,Highway,80,Bridge/Slope,Clear,Dark - unlit,Pedestrian,Brake failure/vehicle defect,Minor,0,0
PN202202808,2022-06-17,2022,6,Sun,23,23:35,18.591444,73.86426,(unnamed road),Local,30,Mid-block,Clear,Dark - lit,Car,Brake failure/vehicle defect,Grievous,0,1
PN202203708,2022-06-18,2022,6,Mon,18,18:39,18.405711,73.847281,Katraj - Dehu Road Bypass,Highway,80,Mid-block,Cloudy,Dusk/Dawn,Truck/Tempo,Other,Grievous,0,2
PN202203268,2022-06-18,2022,6,Mon,22,22:51,18.514563,73.80588,Ramchandra More Path,Collector,40,Junction,Rain,Dark - lit,Bus,Over-speeding,Grievous,0,1
PN202203446,2022-06-19,2022,6,Tue,12,12:51,18.561816,73.768526,Katraj - Dehu Road Bypass,Highway,80,Mid-block,Clear,Daylight,Truck/Tempo,Pothole/road condition,Minor,0,2
PN202201304,2022-06-19,2022,6,Tue,19,19:16,18.555009,73.937721,Kharadi Bypass,Highway,60,Junction,Cloudy,Dark - unlit,Truck/Tempo,Over-speeding,Minor,0,1
PN202202534,2022-06-20,2022,6,Wed,2,02:33,18.630062,73.742607,Katraj - Dehu Road Bypass,Highway,80,Mid-block,Rain,Dark - unlit,Car,Drunk driving,Fatal,1,1
PN202201686,2022-06-20,2022,6,Wed,13,13:28,18.416193,73.961909,(unnamed road),Collector,30,Mid-block,Clear,Daylight,Two-wheeler,Over-speeding,Grievous,0,2
PN202201728,2022-06-21,2022,6,Thu,6,06:33,18.650891,73.808911,Nigdi Bhosari Road,Arterial,50,Mid-block,Clear,Dusk/Dawn,Two-wheeler,Pothole/road condition,Fatal,2,1
PN202201681,2022-06-21,2022,6,Thu,12,12:11,18.528351,73.91743,Magarpatta Rear Approach Road,Collector,40,Mid-block,Clear,Daylight,Two-wheeler,Over-speeding,Grievous,0,2
PN202203663,2022-06-21,2022,6,Thu,18,18:43,18.435936,73.867889,Gujar Wadi Road,Collector,40,Junction,Rain,Dusk/Dawn,Two-wheeler,Over-speeding,Fatal,1,1
PN202202153,2022-06-23,2022,6,Sat,3,03:36,18.500144,73.730647,Paud Road,Arterial,50,Junction,Clear,Dark - lit,Two-wheeler,Drunk driving,Fatal,1,1
PN202200698,2022-06-24,2022,6,Sun,2,02:00,18.43111,73.839777,Ambegaon Viaduct,Highway,75,Bridge/Slope,Cloudy,Dark - unlit,Two-wheeler,Rash/careless driving,Fatal,1,1
PN202201089,2022-06-24,2022,6,Sun,4,04:33,18.405536,73.847309,Katraj - Dehu Road Bypass,Highway,80,Mid-block,Clear,Dark - unlit,Car,Wrong-side driving,Grievous,0,1
PN202202671,2022-06-24,2022,6,Sun,14,14:09,18.541826,73.953201,(unnamed road),Local,30,Mid-block,Clear,Daylight,Car,Other,Grievous,0,1
PN202201932,2022-06-24,2022,6,Sun,19,19:29,18.632734,73.907259,DY Patil University Road,Collector,40,Junction,Rain,Dark - lit,Two-wheeler,Rash/careless driving,Minor,0,2
PN202202643,2022-06-24,2022,6,Sun,20,20:04,18.662663,73.813326,Chikhali - Kaspate Vasti BRTS Road Chikali Road,Arterial,50,Junction,Rain,Dark - lit,Car,Over-speeding,Grievous,0,3
PN202202756,2022-06-25,2022,6,Mon,13,13:07,18.499503,73.94883,Solapur Road,Highway,60,Junction,Clear,Daylight,Truck/Tempo,Over-speeding,Grievous,0,2
PN202201792,2022-06-25,2022,6,Mon,19,19:50,18.687433,73.719806,NH48,Highway,100,Mid-block,Clear,Dark - unlit,Pedestrian,Over-speeding,Fatal,1,2
PN202200217,2022-06-25,2022,6,Mon,22,22:08,18.459947,73.823201,Katraj - Dehu Road Bypass,Highway,60,Junction,Clear,Dark - unlit,Truck/Tempo,Drunk driving,Fatal,1,1
PN202200924,2022-06-26,2022,6,Tue,0,00:01,18.55696,73.944158,(unnamed road),Collector,40,Junction,Cloudy,Dark - lit,Two-wheeler,Over-speeding,Fatal,1,1
PN202201878,2022-06-26,2022,6,Tue,7,07:31,18.645279,73.79593,(unnamed road),Local,30,Junction,Clear,Daylight,Car,Over-speeding,Minor,0,1
PN202200036,2022-06-26,2022,6,Tue,18,18:58,18.500562,73.938379,Solapur Road Flyover Ramp,Highway,60,Junction,Rain,Dusk/Dawn,Pedestrian,Pothole/road condition,Minor,0,2
PN202201501,2022-06-26,2022,6,Tue,20,20:22,18.483837,73.814801,(unnamed road),Local,30,Mid-block,Clear,Dark - lit,Auto-rickshaw,Mobile phone use,Grievous,0,1
PN202201777,2022-06-26,2022,6,Tue,21,21:20,18.66709,73.852497,(unnamed road),Local,30,Junction,Cloudy,Dark - lit,Two-wheeler,Signal jumping,Minor,0,1
PN202202681,2022-06-27,2022,6,Wed,4,04:41,18.61557,73.716466,(unnamed road),Local,30,Mid-block,Rain,Dark - unlit,Car,Over-speeding,Grievous,0,1
PN202202990,2022-06-27,2022,6,Wed,17,17:04,18.557963,73.891151,National Games Marg,Arterial,50,Mid-block,Rain,Daylight,Two-wheeler,Signal jumping,Grievous,0,2
PN202202812,2022-06-28,2022,6,Thu,13,13:03,18.487859,73.82533,Cummins College Road,Collector,40,Junction,Rain,Daylight,Pedestrian,Pothole/road condition,Minor,0,2
PN202200370,2022-06-28,2022,6,Thu,19,19:06,18.533607,73.929916,Mundhwa Road,Arterial,40,Junction,Clear,Dark - lit,Two-wheeler,Over-speeding,Grievous,0,1
PN202201961,2022-06-28,2022,6,Thu,20,20:14,18.602831,73.825884,(unnamed road),Arterial,40,Junction,Rain,Dark - lit,Truck/Tempo,Over-speeding,Minor,0,0
PN202203698,2022-06-28,2022,6,Thu,20,20:31,18.492638,73.930196,(unnamed road),Local,30,Mid-block,Rain,Dark - lit,Bus,Pothole/road condition,Grievous,0,2
PN202202798,2022-06-28,2022,6,Thu,22,22:47,18.659218,73.956759,(unnamed road),Local,30,Junction,Clear,Dark - lit,Car,Over-speeding,Minor,0,0
PN202203534,2022-07-01,2022,7,Mon,9,09:15,18.485926,73.797821,Katraj - Dehu Road Bypass,Highway,80,Mid-block,Rain,Daylight,Truck/Tempo,Over-speeding,Minor,0,0
PN202203366,2022-07-01,2022,7,Mon,15,15:14,18.562612,73.78376,Gopal Hari Deshmukh Marg,Arterial,50,Mid-block,Rain,Daylight,Two-wheeler,Other,Minor,0,0
PN202202062,2022-07-02,2022,7,Tue,3,03:04,18.669091,73.815293,(unnamed road),Arterial,50,Junction,Clear,Dark - lit,Pedestrian,Rash/careless driving,Grievous,0,1
PN202201575,2022-07-02,2022,7,Tue,18,18:03,18.66656,73.930133,SH58,Arterial,50,Mid-block,Rain,Dusk/Dawn,Two-wheeler,Pothole/road condition,Grievous,0,1
PN202203305,2022-07-02,2022,7,Tue,20,20:19,18.689351,73.846292,Pune Nashik Road,Highway,60,Mid-block,Clear,Dark - unlit,Truck/Tempo,Other,Grievous,0,3
PN202200180,2022-07-02,2022,7,Tue,20,20:41,18.485743,73.954205,Fursungi Bhekrai Road,Collector,40,Junction,Rain,Dark - lit,Bus,Over-speeding,Minor,0,1
PN202200181,2022-07-03,2022,7,Wed,7,07:27,18.454343,73.827787,Katraj - Dehu Road Bypass,Highway,85,Junction,Rain,Daylight,Pedestrian,Over-speeding,Grievous,0,2
PN202200548,2022-07-03,2022,7,Wed,10,10:38,18.453863,73.828006,Katraj - Dehu Road Bypass,Highway,85,Bridge/Slope,Clear,Daylight,Car,Over-speeding,Minor,0,1
PN202202033,2022-07-03,2022,7,Wed,12,12:10,18.471963,73.734476,(unnamed road),Collector,40,Mid-block,Rain,Daylight,Two-wheeler,Over-speeding,Fatal,1,0
PN202201884,2022-07-03,2022,7,Wed,18,18:31,18.595319,73.853381,(unnamed road),Local,30,Junction,Rain,Dusk/Dawn,Pedestrian,Over-speeding,Grievous,0,2
PN202202184,2022-07-03,2022,7,Wed,18,18:39,18.598212,73.793101,(unnamed road),Local,30,Mid-block,Clear,Dusk/Dawn,Pedestrian,Other,Fatal,1,2
PN202201465,2022-07-03,2022,7,Wed,21,21:20,18.559978,73.915079,Nagar Road,Highway,60,Junction,Rain,Dark - unlit,Auto-rickshaw,Over-speeding,Fatal,1,2
PN202202602,2022-07-04,2022,7,Thu,13,13:43,18.424669,73.724326,(unnamed road),Collector,30,Mid-block,Rain,Daylight,Two-wheeler,Over-speeding,Fatal,1,1
PN202203530,2022-07-04,2022,7,Thu,19,19:04,18.683999,73.728394,Old Pune–Mumbai Highway,Highway,60,Mid-block,Clear,Dark - unlit,Two-wheeler,Pothole/road condition,Grievous,0,3
PN202201276,2022-07-04,2022,7,Thu,19,19:43,18.513162,73.868676,Jawaharlal Nehru Marg,Arterial,50,Junction,Clear,Dark - lit,Two-wheeler,Signal jumping,Grievous,0,3
PN202202289,2022-07-04,2022,7,Thu,19,19:51,18.526193,73.773391,Katraj - Dehu Road Bypass,Highway,80,Mid-block,Clear,Dark - unlit,Two-wheeler,Signal jumping,Grievous,0,2
PN202200023,2022-07-04,2022,7,Thu,22,22:39,18.453481,73.82851,Katraj - Dehu Road Bypass,Highway,85,Bridge/Slope,Cloudy,Dark - unlit,Truck/Tempo,Rash/careless driving,Fatal,2,0
PN202201488,2022-07-05,2022,7,Fri,19,19:58,18.560043,73.91174,Viman Nagar Avenue 1,Collector,40,Mid-block,Clear,Dark - lit,Truck/Tempo,Brake failure/vehicle defect,Fatal,1,1
PN202202997,2022-07-05,2022,7,Fri,20,20:35,18.591748,73.784765,Jagtap Dairy-Wakad Bypass Road,Arterial,50,Mid-block,Rain,Dark - lit,Two-wheeler,Over-speeding,Grievous,0,3
PN202200374,2022-07-05,2022,7,Fri,23,23:30,18.608856,73.819771,Kasarwadi - Pimple Gurav Road,Arterial,50,Junction,Rain,Dark - lit,Pedestrian,Drunk driving,Minor,0,2
PN202203723,2022-07-06,2022,7,Sat,23,23:10,18.565669,73.792913,(unnamed road),Local,30,Mid-block,Clear,Dark - unlit,Two-wheeler,Drunk driving,Grievous,0,2
PN202201139,2022-07-07,2022,7,Sun,18,18:14,18.480401,73.803078,NDA Road,Arterial,50,Mid-block,Rain,Dusk/Dawn,Two-wheeler,Over-speeding,Minor,0,0
PN202202139,2022-07-07,2022,7,Sun,23,23:14,18.661224,73.71516,(unnamed road),Collector,40,Mid-block,Clear,Dark - lit,Two-wheeler,Over-speeding,Fatal,1,0
PN202201830,2022-07-08,2022,7,Mon,10,10:11,18.585348,73.993043,Nagar Road,Highway,60,Mid-block,Rain,Daylight,Truck/Tempo,Over-speeding,Grievous,0,2
PN202200441,2022-07-08,2022,7,Mon,11,11:56,18.563407,73.934919,Nagar Road,Highway,60,Junction,Rain,Daylight,Car,Rash/careless driving,Minor,0,1
PN202202461,2022-07-08,2022,7,Mon,19,19:59,18.454436,74.017503,(unnamed road),Collector,30,Mid-block,Clear,Dark - lit,Bicycle,Over-speeding,Fatal,1,0
PN202201820,2022-07-08,2022,7,Mon,23,23:07,18.53199,73.831494,(unnamed road),Local,30,Junction,Rain,Dark - lit,Pedestrian,Over-speeding,Grievous,0,3
PN202202676,2022-07-08,2022,7,Mon,23,23:37,18.557004,73.764676,(unnamed road),Collector,40,Mid-block,Cloudy,Dark - unlit,Pedestrian,Over-speeding,Fatal,1,2
PN202201841,2022-07-09,2022,7,Tue,9,09:46,18.514263,73.915245,(unnamed road),Collector,40,Mid-block,Clear,Daylight,Two-wheeler,Over-speeding,Grievous,0,1
PN202201437,2022-07-09,2022,7,Tue,20,20:45,18.695792,73.709781,NH48,Highway,100,Mid-block,Rain,Dark - unlit,Car,Over-speeding,Grievous,0,1
PN202200970,2022-07-09,2022,7,Tue,21,21:52,18.45934,73.82375,Katraj - Dehu Road Bypass,Highway,60,Junction,Clear,Dark - unlit,Bus,Over-speeding,Fatal,1,2
PN202201916,2022-07-09,2022,7,Tue,23,23:20,18.494766,73.825351,(unnamed road),Local,30,Junction,Clear,Dark - lit,Auto-rickshaw,Over-speeding,Minor,0,1
PN202203150,2022-07-10,2022,7,Wed,2,02:01,18.45932,73.88019,(unnamed road),Local,30,Junction,Cloudy,Dark - unlit,Two-wheeler,Pothole/road condition,Minor,0,2
PN202200420,2022-07-10,2022,7,Wed,4,04:03,18.460425,73.822756,Navale Flyover,Highway,80,Bridge/Slope,Clear,Dark - unlit,Truck/Tempo,Over-speeding,Fatal,1,1
PN202200644,2022-07-10,2022,7,Wed,7,07:34,18.444623,73.836507,Katraj - Dehu Road Bypass,Highway,85,Bridge/Slope,Clear,Daylight,Two-wheeler,Over-speeding,Fatal,2,2
PN202202330,2022-07-10,2022,7,Wed,9,09:30,18.538508,73.807143,Dr. Homi Bhabha Marg,Arterial,50,Mid-block,Rain,Daylight,Car,Over-speeding,Minor,0,0
PN202203302,2022-07-10,2022,7,Wed,14,14:20,18.510131,73.876761,(unnamed road),Local,20,Junction,Clear,Daylight,Truck/Tempo,Over-speeding,Fatal,1,2
PN202202165,2022-07-11,2022,7,Thu,1,01:17,18.461932,73.776642,(unnamed road),Local,30,Junction,Clear,Dark - lit,Two-wheeler,Over-speeding,Fatal,1,0
PN202201963,2022-07-11,2022,7,Thu,1,01:25,18.598628,73.754467,exit to bhumkar wasti,Arterial,20,Mid-block,Clear,Dark - lit,Car,Over-speeding,Fatal,1,1
PN202203222,2022-07-11,2022,7,Thu,13,13:15,18.648096,73.813319,Nigdi Bhosari Road,Arterial,50,Mid-block,Cloudy,Daylight,Auto-rickshaw,Brake failure/vehicle defect,Grievous,0,1
PN202202457,2022-07-11,2022,7,Thu,18,18:48,18.459537,73.857945,Satara Road,Highway,60,Mid-block,Cloudy,Dusk/Dawn,Truck/Tempo,Rash/careless driving,Fatal,1,0
PN202203784,2022-07-12,2022,7,Fri,1,01:40,18.560438,73.807028,Ramchandra Gayakwad Path,Arterial,30,Junction,Rain,Dark - unlit,Car,Other,Minor,0,0
PN202201102,2022-07-12,2022,7,Fri,7,07:56,18.610041,73.819713,Old Mumbai Pune Highway,Highway,80,Mid-block,Clear,Daylight,Two-wheeler,Over-speeding,Fatal,1,1
PN202201013,2022-07-12,2022,7,Fri,9,09:42,18.56158,73.93126,(unnamed road),Collector,40,Junction,Clear,Daylight,Two-wheeler,Over-speeding,Minor,0,0
PN202200616,2022-07-12,2022,7,Fri,15,15:52,18.507132,73.786835,(unnamed road),Arterial,50,Junction,Clear,Daylight,Two-wheeler,Over-speeding,Fatal,1,2
PN202200407,2022-07-12,2022,7,Fri,20,20:27,18.562708,73.930951,(unnamed road),Collector,40,Junction,Rain,Dark - lit,Bus,Rash/careless driving,Minor,0,0
PN202203279,2022-07-13,2022,7,Sat,10,10:28,18.432397,73.979266,Saswad Road,Highway,60,Mid-block,Clear,Daylight,Pedestrian,Pothole/road condition,Minor,0,0
PN202202585,2022-07-13,2022,7,Sat,17,17:22,18.540824,73.939246,(unnamed road),Local,30,Mid-block,Clear,Daylight,Two-wheeler,Over-speeding,Fatal,1,2
PN202203283,2022-07-13,2022,7,Sat,19,19:02,18.489983,73.858659,(unnamed road),Local,30,Junction,Clear,Dark - lit,Pedestrian,Signal jumping,Grievous,0,1
PN202202805,2022-07-13,2022,7,Sat,19,19:12,18.438663,73.839671,Katraj - Dehu Road Bypass,Highway,85,Mid-block,Clear,Dark - unlit,Truck/Tempo,Rash/careless driving,Grievous,0,1
PN202203054,2022-07-14,2022,7,Sun,16,16:24,18.592047,73.757264,Wakad Flyover,Arterial,50,Mid-block,Cloudy,Daylight,Auto-rickshaw,Rash/careless driving,Minor,0,1
PN202200459,2022-07-14,2022,7,Sun,19,19:02,18.459259,73.824736,Katraj - Dehu Road Bypass,Highway,60,Junction,Clear,Dark - unlit,Car,Rash/careless driving,Minor,0,1
PN202200452,2022-07-15,2022,7,Mon,18,18:36,18.501338,73.791871,Katraj - Dehu Road Bypass,Highway,80,Bridge/Slope,Clear,Dusk/Dawn,Two-wheeler,Over-speeding,Fatal,1,2
PN202201306,2022-07-15,2022,7,Mon,21,21:33,18.45715,73.88274,Indrayani Randive Road,Collector,40,Junction,Clear,Dark - unlit,Truck/Tempo,Brake failure/vehicle defect,Fatal,2,2
PN202200350,2022-07-15,2022,7,Mon,22,22:20,18.496759,73.943039,Saswad Road,Highway,60,Mid-block,Clear,Dark - unlit,Truck/Tempo,Over-speeding,Fatal,1,0
PN202201161,2022-07-16,2022,7,Tue,15,15:39,18.457381,73.938804,NH548DD,Highway,60,Mid-block,Cloudy,Daylight,Pedestrian,Over-speeding,Fatal,1,0
PN202202545,2022-07-16,2022,7,Tue,17,17:36,18.681108,73.738049,(unnamed road),Local,30,Mid-block,Rain,Daylight,Bus,Over-speeding,Minor,0,2
PN202202260,2022-07-16,2022,7,Tue,18,18:03,18.455598,73.950768,(unnamed road),Collector,40,Junction,Rain,Dusk/Dawn,Auto-rickshaw,Over-speeding,Minor,0,2
PN202202883,2022-07-17,2022,7,Wed,7,07:00,18.572294,73.758716,Mhalunge - Baner Road,Arterial,50,Junction,Rain,Daylight,Auto-rickshaw,Over-speeding,Minor,0,0
PN202201974,2022-07-17,2022,7,Wed,12,12:24,18.590458,73.732994,Rajiv Gandhi MIDC Road,Arterial,30,Junction,Cloudy,Daylight,Truck/Tempo,Wrong-side driving,Fatal,1,1
PN202200146,2022-07-17,2022,7,Wed,19,19:15,18.576948,73.907835,Airport New Road,Arterial,50,Junction,Clear,Dark - lit,Two-wheeler,Signal jumping,Minor,0,1
PN202201206,2022-07-17,2022,7,Wed,23,23:43,18.432687,73.837873,Ambegaon Viaduct,Highway,75,Mid-block,Clear,Dark - unlit,Pedestrian,Pothole/road condition,Grievous,0,3
PN202202107,2022-07-18,2022,7,Thu,14,14:39,18.453632,73.869116,(unnamed road),Local,30,Junction,Rain,Daylight,Two-wheeler,Pothole/road condition,Grievous,0,3
PN202201500,2022-07-19,2022,7,Fri,15,15:47,18.601933,73.73274,Marunji Road,Collector,40,Junction,Rain,Daylight,Auto-rickshaw,Over-speeding,Grievous,0,3
PN202202345,2022-07-19,2022,7,Fri,22,22:27,18.540929,73.885316,Koregaon Road,Arterial,30,Junction,Rain,Dark - unlit,Truck/Tempo,Over-speeding,Minor,0,0
PN202201825,2022-07-20,2022,7,Sat,1,01:43,18.593245,73.829986,(unnamed road),Arterial,40,Mid-block,Clear,Dark - lit,Two-wheeler,Pothole/road condition,Fatal,1,2
PN202202005,2022-07-20,2022,7,Sat,11,11:26,18.55159,73.952924,(unnamed road),Local,30,Mid-block,Clear,Daylight,Two-wheeler,Rash/careless driving,Minor,0,0
PN202200851,2022-07-20,2022,7,Sat,20,20:50,18.444751,73.836417,Katraj - Dehu Road Bypass,Highway,85,Bridge/Slope,Rain,Dark - unlit,Car,Over-speeding,Fatal,1,0
PN202202581,2022-07-21,2022,7,Sun,0,00:09,18.520157,73.845952,Jangli Maharaj Path,Arterial,50,Junction,Clear,Dark - lit,Bicycle,Brake failure/vehicle defect,Minor,0,1
PN202201197,2022-07-21,2022,7,Sun,6,06:50,18.489693,73.900108,(unnamed road),Local,30,Junction,Clear,Dusk/Dawn,Pedestrian,Over-speeding,Fatal,1,0
PN202200468,2022-07-21,2022,7,Sun,22,22:30,18.549261,73.936666,Kharadi Bypass,Highway,60,Junction,Rain,Dark - unlit,Car,Rash/careless driving,Fatal,1,0
PN202203288,2022-07-22,2022,7,Mon,9,09:11,18.513842,73.8788,Mahatma Gandhi Marg,Arterial,50,Junction,Clear,Daylight,Car,Rash/careless driving,Grievous,0,1
PN202201991,2022-07-22,2022,7,Mon,22,22:11,18.612052,73.7309,Indira college road,Local,30,Junction,Clear,Dark - lit,Auto-rickshaw,Over-speeding,Grievous,0,3
PN202201734,2022-07-23,2022,7,Tue,2,02:00,18.683779,73.819306,(unnamed road),Collector,40,Junction,Clear,Dark - lit,Car,Wrong-side driving,Grievous,0,3
PN202200030,2022-07-23,2022,7,Tue,4,04:38,18.486282,73.953368,Fursungi Bhekrai Road,Collector,40,Junction,Rain,Dark - unlit,Two-wheeler,Wrong-side driving,Grievous,0,3
PN202201815,2022-07-23,2022,7,Tue,11,11:06,18.459668,73.81063,Dhayari Phata Over Bridge,Arterial,50,Mid-block,Clear,Daylight,Two-wheeler,Over-speeding,Minor,0,2
PN202200767,2022-07-23,2022,7,Tue,19,19:19,18.533539,73.930084,Mundhwa Road,Arterial,40,Junction,Rain,Dark - lit,Two-wheeler,Over-speeding,Minor,0,0
PN202201947,2022-07-24,2022,7,Wed,21,21:06,18.416594,73.733085,SH59,Arterial,50,Mid-block,Rain,Dark - lit,Two-wheeler,Over-speeding,Fatal,1,1
PN202203317,2022-07-24,2022,7,Wed,21,21:09,18.601089,73.740601,Laxmi Chowk Road,Arterial,50,Junction,Cloudy,Dark - lit,Two-wheeler,Over-speeding,Fatal,1,2
PN202201253,2022-07-24,2022,7,Wed,22,22:56,18.493221,73.992591,Solapur Road,Highway,60,Junction,Cloudy,Dark - unlit,Car,Over-speeding,Minor,0,2
PN202201256,2022-07-25,2022,7,Thu,16,16:15,18.635518,73.740467,Katraj - Dehu Road Bypass,Highway,80,Mid-block,Rain,Daylight,Car,Over-speeding,Fatal,1,2
PN202203889,2022-07-25,2022,7,Thu,16,16:21,18.509718,73.797583,(unnamed road),Local,30,Junction,Clear,Daylight,Two-wheeler,Wrong-side driving,Minor,0,0
PN202203634,2022-07-25,2022,7,Thu,20,20:16,18.50796,73.788577,Paud Road,Arterial,40,Junction,Cloudy,Dark - lit,Two-wheeler,Over-speeding,Fatal,1,2
PN202200188,2022-07-25,2022,7,Thu,22,22:16,18.430091,73.841221,Katraj - Dehu Road Bypass,Highway,80,Bridge/Slope,Clear,Dark - unlit,Two-wheeler,Signal jumping,Grievous,0,1
PN202203917,2022-07-26,2022,7,Fri,3,03:50,18.5073,73.87933,East Street,Arterial,50,Junction,Clear,Dark - lit,Car,Rash/careless driving,Grievous,0,3
PN202200528,2022-07-26,2022,7,Fri,13,13:42,18.504786,73.917964,(unnamed road),Collector,40,Junction,Rain,Daylight,Car,Over-speeding,Grievous,0,2
PN202200685,2022-07-27,2022,7,Sat,10,10:49,18.458981,73.824966,Katraj - Dehu Road Bypass,Highway,60,Bridge/Slope,Clear,Daylight,Truck/Tempo,Over-speeding,Minor,0,2
PN202203098,2022-07-27,2022,7,Sat,15,15:00,18.454509,73.856262,Khashaba Jadhav Path | Lane Number 6,Collector,40,Mid-block,Clear,Daylight,Two-wheeler,Other,Grievous,0,2
PN202200208,2022-07-27,2022,7,Sat,22,22:28,18.4601,73.823028,Katraj - Dehu Road Bypass,Highway,60,Junction,Clear,Dark - unlit,Two-wheeler,Over-speeding,Grievous,0,1
PN202202592,2022-08-01,2022,8,Thu,15,15:00,18.665536,73.771673,(unnamed road),Highway,60,Junction,Rain,Daylight,Two-wheeler,Wrong-side driving,Minor,0,0
PN202203828,2022-08-01,2022,8,Thu,23,23:22,18.617868,73.838292,Pune Nashik Road,Highway,60,Mid-block,Cloudy,Dark - unlit,Two-wheeler,Rash/careless driving,Fatal,1,1
PN202200206,2022-08-02,2022,8,Fri,8,08:34,18.431252,73.83955,Ambegaon Viaduct,Highway,75,Bridge/Slope,Clear,Daylight,Two-wheeler,Over-speeding,Fatal,1,0
PN202200437,2022-08-02,2022,8,Fri,10,10:34,18.56085,73.93114,(unnamed road),Collector,40,Junction,Clear,Daylight,Truck/Tempo,Over-speeding,Grievous,0,2
PN202202742,2022-08-04,2022,8,Sun,12,12:48,18.439431,73.774774,Sinhagad Road,Arterial,50,Junction,Rain,Daylight,Truck/Tempo,Over-speeding,Grievous,0,1
PN202203108,2022-08-05,2022,8,Mon,9,09:11,18.657755,73.731598,Gramdaivat Shree Bapdev Maharaj Flyover,Highway,80,Mid-block,Clear,Daylight,Bus,Over-speeding,Minor,0,0
PN202203911,2022-08-05,2022,8,Mon,12,12:30,18.491217,73.9336,(unnamed road),Local,30,Junction,Cloudy,Daylight,Car,Signal jumping,Grievous,0,3
PN202203282,2022-08-05,2022,8,Mon,21,21:17,18.586931,73.888647,(unnamed road),Local,30,Junction,Clear,Dark - unlit,Pedestrian,Over-speeding,Fatal,1,1
PN202200429,2022-08-06,2022,8,Tue,6,06:06,18.604789,73.752754,Highway bypass,Arterial,20,Junction,Clear,Dusk/Dawn,Bicycle,Over-speeding,Grievous,0,2
PN202202687,2022-08-06,2022,8,Tue,8,08:52,18.655615,73.767801,Pandit Deendayal Upadhyay Marg,Local,30,Junction,Rain,Daylight,Bus,Over-speeding,Minor,0,1
PN202203545,2022-08-06,2022,8,Tue,12,12:10,18.561936,73.969151,(unnamed road),Local,30,Mid-block,Clear,Daylight,Two-wheeler,Rash/careless driving,Grievous,0,2
PN202200338,2022-08-06,2022,8,Tue,14,14:32,18.500995,73.938317,Shree Sant Dnyaneshwar Maharaj and Shree Sant Tukaram Maharaj Flyover,Highway,60,Junction,Cloudy,Daylight,Two-wheeler,Other,Fatal,1,0
PN202203624,2022-08-07,2022,8,Wed,9,09:46,18.64717,73.778458,(unnamed road),Local,30,Junction,Clear,Daylight,Two-wheeler,Wrong-side driving,Grievous,0,3
PN202203352,2022-08-08,2022,8,Thu,0,00:11,18.638026,73.849937,Pune Nashik Road,Highway,60,Junction,Rain,Dark - unlit,Truck/Tempo,Other,Grievous,0,2
PN202201720,2022-08-08,2022,8,Thu,17,17:01,18.466807,73.779046,NDA Road,Arterial,50,Junction,Cloudy,Daylight,Car,Over-speeding,Minor,0,2
PN202202612,2022-08-09,2022,8,Fri,9,09:33,18.486938,73.899392,(unnamed road),Collector,30,Junction,Clear,Daylight,Two-wheeler,Pothole/road condition,Fatal,1,2
PN202200471,2022-08-09,2022,8,Fri,13,13:42,18.45562,73.85874,Satara Road,Highway,60,Junction,Clear,Daylight,Two-wheeler,Mobile phone use,Minor,0,0
PN202201145,2022-08-09,2022,8,Fri,20,20:47,18.561589,73.989214,(unnamed road),Local,30,Mid-block,Rain,Dark - unlit,Two-wheeler,Over-speeding,Minor,0,2
PN202201182,2022-08-10,2022,8,Sat,10,10:07,18.503115,73.798576,DP Road,Arterial,50,Junction,Rain,Daylight,Two-wheeler,Pothole/road condition,Grievous,0,3
PN202203309,2022-08-10,2022,8,Sat,12,12:15,18.595194,73.802268,Govind Garden Road,Collector,40,Junction,Clear,Daylight,Two-wheeler,Wrong-side driving,Minor,0,1
PN202201322,2022-08-10,2022,8,Sat,17,17:58,18.655524,73.842681,RTO Link Road,Arterial,50,Mid-block,Clear,Daylight,Two-wheeler,Over-speeding,Grievous,0,2
PN202203295,2022-08-10,2022,8,Sat,20,20:31,18.428132,73.85744,NH60,Highway,50,Mid-block,Rain,Dark - unlit,Bus,Over-speeding,Fatal,1,2
PN202201321,2022-08-10,2022,8,Sat,22,22:47,18.483869,73.857582,Satara Road,Highway,60,Junction,Clear,Dark - unlit,Truck/Tempo,Over-speeding,Minor,0,0
PN202202868,2022-08-10,2022,8,Sat,23,23:58,18.652821,73.765555,Babasaheb Ambedkar Marg,Arterial,50,Mid-block,Clear,Dark - lit,Truck/Tempo,Over-speeding,Fatal,1,2
PN202203060,2022-08-11,2022,8,Sun,8,08:55,18.492441,73.969433,(unnamed road),Local,30,Junction,Rain,Daylight,Two-wheeler,Rash/careless driving,Minor,0,0
PN202203425,2022-08-11,2022,8,Sun,10,10:20,18.60869,74.006804,(unnamed road),Local,30,Mid-block,Rain,Daylight,Two-wheeler,Over-speeding,Minor,0,2
PN202203693,2022-08-11,2022,8,Sun,15,15:06,18.495928,73.838348,Sinhagad Road,Arterial,50,Junction,Clear,Daylight,Two-wheeler,Over-speeding,Fatal,2,2
PN202202522,2022-08-11,2022,8,Sun,16,16:38,18.576522,73.943434,(unnamed road),Collector,40,Mid-block,Rain,Daylight,Bicycle,Rash/careless driving,Minor,0,0
PN202200868,2022-08-11,2022,8,Sun,23,23:51,18.502396,73.792283,Katraj - Dehu Road Bypass,Highway,80,Junction,Clear,Dark - unlit,Bicycle,Over-speeding,Fatal,1,1
PN202202558,2022-08-12,2022,8,Mon,1,01:47,18.641388,73.746348,(unnamed road),Local,30,Junction,Rain,Dark - lit,Car,Over-speeding,Minor,0,1
PN202202791,2022-08-12,2022,8,Mon,18,18:37,18.603614,73.785555,(unnamed road),Local,30,Mid-block,Rain,Dusk/Dawn,Car,Over-speeding,Minor,0,2
PN202200593,2022-08-12,2022,8,Mon,20,20:19,18.562039,73.931071,(unnamed road),Collector,40,Junction,Rain,Dark - lit,Truck/Tempo,Rash/careless driving,Grievous,0,2
PN202202817,2022-08-13,2022,8,Tue,1,01:02,18.5832,73.829961,Dapodi Main Road,Arterial,50,Junction,Clear,Dark - unlit,Car,Over-speeding,Grievous,0,2
PN202201689,2022-08-13,2022,8,Tue,13,13:37,18.492862,73.869255,Bharat Ratna Doctor Babasaheb Ambedkar Flyover,Arterial,50,Mid-block,Rain,Daylight,Truck/Tempo,Other,Grievous,0,3
PN202202311,2022-08-14,2022,8,Wed,8,08:34,18.666789,73.777683,(unnamed road),Arterial,50,Mid-block,Clear,Daylight,Car,Over-speeding,Minor,0,1
PN202201048,2022-08-14,2022,8,Wed,10,10:03,18.665535,73.739778,(unnamed road),Local,30,Mid-block,Cloudy,Daylight,Two-wheeler,Drunk driving,Grievous,0,1
PN202201662,2022-08-14,2022,8,Wed,10,10:36,18.447681,73.932942,Handewadi Road,Arterial,50,Mid-block,Clear,Daylight,Two-wheeler,Over-speeding,Grievous,0,2
PN202201923,2022-08-14,2022,8,Wed,16,16:22,18.664578,73.77258,Bhakti Shakti Chauk,Highway,60,Junction,Clear,Daylight,Truck/Tempo,Pothole/road condition,Fatal,1,2
PN202200477,2022-08-15,2022,8,Thu,6,06:50,18.454562,73.858532,Satara Road,Highway,60,Junction,Rain,Dusk/Dawn,Two-wheeler,Over-speeding,Grievous,0,2
PN202202382,2022-08-15,2022,8,Thu,20,20:42,18.553101,73.970727,(unnamed road),Local,30,Junction,Cloudy,Dark - lit,Two-wheeler,Rash/careless driving,Fatal,1,2
PN202203752,2022-08-17,2022,8,Sat,17,17:55,18.609315,73.769999,(unnamed road),Collector,40,Junction,Clear,Daylight,Two-wheeler,Over-speeding,Grievous,0,3
PN202203371,2022-08-17,2022,8,Sat,18,18:52,18.465497,73.778168,(unnamed road),Local,30,Junction,Rain,Dusk/Dawn,Two-wheeler,Pothole/road condition,Minor,0,0
PN202202210,2022-08-18,2022,8,Sun,3,03:45,18.62094,74.025431,NH753F,Highway,60,Mid-block,Rain,Dark - unlit,Two-wheeler,Pothole/road condition,Grievous,0,3
PN202203308,2022-08-18,2022,8,Sun,9,09:50,18.609342,73.798085,(unnamed road),Local,30,Junction,Clear,Daylight,Two-wheeler,Rash/careless driving,Fatal,1,0
PN202202911,2022-08-18,2022,8,Sun,22,22:13,18.450597,73.917452,NH548DD,Highway,60,Junction,Rain,Dark - unlit,Car,Drunk driving,Fatal,1,2
PN202202701,2022-08-19,2022,8,Mon,1,01:49,18.54857,73.81325,Gopal Hari Deshmukh Marg,Arterial,50,Mid-block,Rain,Dark - lit,Two-wheeler,Pothole/road condition,Grievous,0,3
PN202200121,2022-08-19,2022,8,Mon,7,07:47,18.563247,73.934663,Nagar Road,Highway,60,Mid-block,Rain,Daylight,Car,Wrong-side driving,Grievous,0,3
PN202202597,2022-08-19,2022,8,Mon,9,09:21,18.506178,73.892374,Solapur Road,Highway,60,Mid-block,Rain,Daylight,Car,Over-speeding,Grievous,0,3
PN202200853,2022-08-19,2022,8,Mon,10,10:24,18.609325,73.820461,(unnamed road),Arterial,40,Junction,Rain,Daylight,Car,Over-speeding,Fatal,1,0
PN202201223,2022-08-20,2022,8,Tue,12,12:13,18.499127,73.842625,Sinhagad Road,Arterial,50,Mid-block,Clear,Daylight,Two-wheeler,Signal jumping,Minor,0,1
PN202202568,2022-08-20,2022,8,Tue,15,15:57,18.621378,73.853063,(unnamed road),Local,30,Mid-block,Clear,Daylight,Truck/Tempo,Over-speeding,Grievous,0,1
PN202202578,2022-08-21,2022,8,Wed,7,07:51,18.616814,74.020014,NH753F,Highway,60,Mid-block,Clear,Daylight,Two-wheeler,Over-speeding,Fatal,1,0
PN202200928,2022-08-21,2022,8,Wed,19,19:22,18.430252,73.840897,Katraj - Dehu Road Bypass,Highway,80,Bridge/Slope,Rain,Dark - unlit,Two-wheeler,Drunk driving,Fatal,1,0
PN202201891,2022-08-22,2022,8,Thu,12,12:03,18.630427,73.835423,Indrayani Nagar Road,Arterial,50,Mid-block,Clear,Daylight,Car,Over-speeding,Fatal,1,2
PN202201992,2022-08-22,2022,8,Thu,16,16:47,18.504568,73.821642,Karve Road,Arterial,50,Junction,Clear,Daylight,Car,Drunk driving,Grievous,0,2
PN202203443,2022-08-23,2022,8,Fri,23,23:03,18.601198,73.746774,Dange Chowk Road,Arterial,50,Junction,Cloudy,Dark - lit,Two-wheeler,Over-speeding,Minor,0,2
PN202200566,2022-08-24,2022,8,Sat,7,07:50,18.442161,73.974032,Saswad Road,Highway,60,Junction,Cloudy,Daylight,Truck/Tempo,Pothole/road condition,Fatal,2,0
PN202200046,2022-08-24,2022,8,Sat,11,11:26,18.547769,73.936479,Kharadi Bypass,Highway,60,Junction,Rain,Daylight,Bus,Over-speeding,Fatal,1,1
PN202203468,2022-08-25,2022,8,Sun,18,18:33,18.554072,73.801977,Gopal Hari Deshmukh Marg,Arterial,50,Mid-block,Clear,Dusk/Dawn,Two-wheeler,Over-speeding,Minor,0,0
PN202200273,2022-08-26,2022,8,Mon,3,03:34,18.456643,73.858571,Satara Road,Highway,60,Junction,Clear,Dark - unlit,Two-wheeler,Over-speeding,Minor,0,0
PN202200152,2022-08-26,2022,8,Mon,6,06:44,18.443753,73.836993,Katraj - Dehu Road Bypass,Highway,85,Bridge/Slope,Clear,Dusk/Dawn,Two-wheeler,Over-speeding,Fatal,1,2
PN202200012,2022-08-26,2022,8,Mon,11,11:40,18.459786,73.82392,Katraj - Dehu Road Bypass,Highway,60,Junction,Cloudy,Daylight,Bicycle,Rash/careless driving,Fatal,1,0
PN202200802,2022-08-27,2022,8,Tue,17,17:57,18.454422,73.857828,Khashaba Jadhav Path | Lane Number 6,Collector,40,Junction,Clear,Daylight,Bus,Signal jumping,Minor,0,0
PN202203756,2022-08-28,2022,8,Wed,2,02:22,18.58767,73.99572,Nagar Road,Highway,60,Mid-block,Clear,Dark - unlit,Truck/Tempo,Over-speeding,Minor,0,1
PN202203482,2022-09-01,2022,9,Sun,22,22:26,18.560299,73.916698,Nagar Road,Highway,60,Mid-block,Rain,Dark - unlit,Truck/Tempo,Over-speeding,Fatal,1,1
PN202202391,2022-09-02,2022,9,Mon,7,07:33,18.43829,73.747117,SH59,Arterial,50,Mid-block,Clear,Daylight,Two-wheeler,Over-speeding,Minor,0,1
PN202200538,2022-09-02,2022,9,Mon,20,20:36,18.492865,73.788872,Katraj - Dehu Road Bypass,Highway,80,Bridge/Slope,Clear,Dark - unlit,Bus,Over-speeding,Fatal,1,1
PN202203354,2022-09-02,2022,9,Mon,22,22:43,18.597625,73.802528,Govind Garden Chowk New Flyover,Arterial,40,Mid-block,Rain,Dark - lit,Two-wheeler,Over-speeding,Grievous,0,1
PN202203479,2022-09-03,2022,9,Tue,11,11:11,18.621463,73.73501,(unnamed road),Local,30,Junction,Clear,Daylight,Two-wheeler,Over-speeding,Minor,0,2
PN202201358,2022-09-04,2022,9,Wed,19,19:29,18.457027,73.770864,(unnamed road),Local,30,Mid-block,Clear,Dark - lit,Two-wheeler,Over-speeding,Fatal,1,2
PN202202661,2022-09-05,2022,9,Thu,4,04:21,18.599841,73.731129,Bhumkar Das Gurge Road,Arterial,50,Mid-block,Clear,Dark - unlit,Two-wheeler,Over-speeding,Fatal,1,0
PN202203606,2022-09-05,2022,9,Thu,10,10:44,18.553635,73.749599,Sus Road,Arterial,50,Junction,Cloudy,Daylight,Two-wheeler,Wrong-side driving,Grievous,0,2
PN202202838,2022-09-05,2022,9,Thu,16,16:26,18.542146,73.828711,(unnamed road),Arterial,50,Mid-block,Clear,Daylight,Two-wheeler,Rash/careless driving,Minor,0,2
PN202202690,2022-09-05,2022,9,Thu,21,21:28,18.612495,73.749591,Katraj - Dehu Road Bypass,Highway,80,Mid-block,Clear,Dark - unlit,Truck/Tempo,Over-speeding,Fatal,1,0
PN202201854,2022-09-06,2022,9,Fri,18,18:30,18.545624,73.825816,University Road,Arterial,50,Junction,Clear,Dusk/Dawn,Pedestrian,Rash/careless driving,Grievous,0,2
PN202203463,2022-09-06,2022,9,Fri,20,20:32,18.637971,73.739363,Katraj - Dehu Road Bypass,Highway,80,Mid-block,Clear,Dark - unlit,Car,Over-speeding,Fatal,1,1
PN202201259,2022-09-07,2022,9,Sat,5,05:29,18.525245,73.876228,(unnamed road),Local,30,Mid-block,Rain,Dark - unlit,Truck/Tempo,Signal jumping,Grievous,0,2
PN202200083,2022-09-07,2022,9,Sat,19,19:17,18.550573,73.937731,Kharadi South Main Road,Arterial,50,Junction,Clear,Dark - unlit,Two-wheeler,Over-speeding,Minor,0,1
PN202201324,2022-09-08,2022,9,Sun,10,10:21,18.512288,73.81178,(unnamed road),Local,30,Junction,Clear,Daylight,Two-wheeler,Rash/careless driving,Grievous,0,3
PN202203874,2022-09-09,2022,9,Mon,10,10:27,18.654437,73.91511,(unnamed road),Collector,40,Mid-block,Clear,Daylight,Pedestrian,Rash/careless driving,Minor,0,1
PN202201530,2022-09-09,2022,9,Mon,11,11:51,18.602062,73.872777,Sant Dyaneshwar Marg,Arterial,50,Mid-block,Rain,Daylight,Bus,Over-speeding,Grievous,0,2
PN202202070,2022-09-09,2022,9,Mon,15,15:03,18.501653,73.74952,Paud Road,Arterial,50,Junction,Rain,Daylight,Car,Over-speeding,Grievous,0,3
PN202202740,2022-09-11,2022,9,Wed,0,00:37,18.557749,73.846239,Old Pune–Mumbai Highway,Highway,60,Junction,Rain,Dark - unlit,Pedestrian,Wrong-side driving,Fatal,1,2
PN202200715,2022-09-11,2022,9,Wed,6,06:54,18.46139,73.821237,Katraj - Dehu Road Bypass,Highway,60,Bridge/Slope,Cloudy,Dusk/Dawn,Car,Over-speeding,Fatal,1,0
PN202202953,2022-09-11,2022,9,Wed,14,14:58,18.476559,73.992665,548DD,Collector,40,Junction,Rain,Daylight,Car,Pothole/road condition,Grievous,0,2
PN202203495,2022-09-11,2022,9,Wed,15,15:57,18.638841,73.824434,Nigdi Bhosari Road,Arterial,50,Mid-block,Clear,Daylight,Two-wheeler,Over-speeding,Minor,0,0
PN202200563,2022-09-12,2022,9,Thu,20,20:19,18.485765,73.954169,Fursungi Bhekrai Road,Collector,40,Junction,Clear,Dark - lit,Two-wheeler,Rash/careless driving,Fatal,1,0
PN202201526,2022-09-13,2022,9,Fri,0,00:29,18.535787,73.837596,Ganeshkhind Road,Arterial,50,Mid-block,Rain,Dark - lit,Two-wheeler,Over-speeding,Fatal,1,2
PN202203853,2022-09-13,2022,9,Fri,8,08:45,18.661516,73.775287,Jagadguru Sant Tukaram Maharaj and Chhatrapati Shivaji Maharaj Flyover,Highway,80,Mid-block,Clear,Daylight,Truck/Tempo,Over-speeding,Minor,0,2
PN202202188,2022-09-13,2022,9,Fri,15,15:27,18.5454,73.774364,Katraj - Dehu Road Bypass,Highway,80,Mid-block,Rain,Daylight,Two-wheeler,Over-speeding,Fatal,1,0
PN202201794,2022-09-13,2022,9,Fri,20,20:56,18.487494,73.857573,Satara Road,Highway,60,Mid-block,Rain,Dark - unlit,Car,Over-speeding,Minor,0,2
PN202202906,2022-09-14,2022,9,Sat,13,13:01,18.553776,73.776904,(unnamed road),Collector,40,Junction,Clear,Daylight,Pedestrian,Over-speeding,Fatal,1,0
PN202203173,2022-09-15,2022,9,Sun,0,00:39,18.458083,73.906627,Bajirao Road,Collector,40,Mid-block,Clear,Dark - lit,Two-wheeler,Over-speeding,Minor,0,1
PN202203560,2022-09-15,2022,9,Sun,6,06:52,18.524837,73.853639,Shivaji Road,Highway,60,Junction,Cloudy,Dusk/Dawn,Car,Over-speeding,Grievous,0,3
PN202201156,2022-09-15,2022,9,Sun,17,17:06,18.616756,73.74798,Katraj - Dehu Road Bypass,Highway,80,Mid-block,Clear,Daylight,Car,Over-speeding,Grievous,0,2
PN202202773,2022-09-15,2022,9,Sun,20,20:34,18.523469,73.985315,Hadapsar - Manjari Road,Arterial,50,Junction,Rain,Dark - unlit,Two-wheeler,Other,Grievous,0,3
PN202202012,2022-09-16,2022,9,Mon,10,10:57,18.645276,73.920615,(unnamed road),Local,30,Junction,Rain,Daylight,Car,Over-speeding,Minor,0,1
PN202203129,2022-09-16,2022,9,Mon,12,12:49,18.43375,73.770998,Sinhagad Road,Arterial,50,Mid-block,Rain,Daylight,Two-wheeler,Rash/careless driving,Grievous,0,3
PN202202974,2022-09-16,2022,9,Mon,19,19:13,18.445963,73.855888,(unnamed road),Local,30,Mid-block,Rain,Dark - lit,Two-wheeler,Rash/careless driving,Grievous,0,1
PN202202845,2022-09-18,2022,9,Wed,6,06:25,18.534027,73.92427,Mundhwa Road,Arterial,40,Mid-block,Clear,Dusk/Dawn,Two-wheeler,Drunk driving,Grievous,0,2
PN202203234,2022-09-18,2022,9,Wed,16,16:03,18.585288,73.977124,(unnamed road),Local,30,Junction,Rain,Daylight,Two-wheeler,Over-speeding,Grievous,0,1
PN202201238,2022-09-18,2022,9,Wed,17,17:25,18.5708,73.827094,(unnamed road),Local,30,Junction,Clear,Daylight,Auto-rickshaw,Over-speeding,Grievous,0,2
PN202201374,2022-09-19,2022,9,Thu,1,01:12,18.598068,73.798037,Wakad - Nashik Phata BRTS Road | Wakad - Bhosari BRTS Road | Nashik Phata Road,Arterial,50,Junction,Clear,Dark - lit,Two-wheeler,Rash/careless driving,Grievous,0,2
PN202200135,2022-09-19,2022,9,Thu,13,13:05,18.500752,73.79123,Katraj - Dehu Road Bypass,Highway,80,Bridge/Slope,Cloudy,Daylight,Car,Over-speeding,Minor,0,0
PN202200062,2022-09-19,2022,9,Thu,20,20:08,18.45528,73.827041,Katraj - Dehu Road Bypass,Highway,85,Junction,Rain,Dark - unlit,Pedestrian,Signal jumping,Fatal,1,2
PN202201749,2022-09-20,2022,9,Fri,19,19:19,18.449074,73.833021,Katraj - Dehu Road Bypass,Highway,85,Mid-block,Clear,Dark - unlit,Two-wheeler,Rash/careless driving,Minor,0,2
PN202202744,2022-09-20,2022,9,Fri,21,21:32,18.451063,73.896509,NH548DD,Highway,60,Mid-block,Clear,Dark - unlit,Bus,Rash/careless driving,Fatal,1,0
PN202202006,2022-09-21,2022,9,Sat,16,16:34,18.50752,73.788458,Katraj - Dehu Road Bypass,Highway,80,Mid-block,Rain,Daylight,Two-wheeler,Over-speeding,Minor,0,0
PN202202112,2022-09-21,2022,9,Sat,19,19:35,18.591829,73.757177,Mumbai - Satara Highway,Highway,80,Mid-block,Rain,Dark - unlit,Two-wheeler,Wrong-side driving,Fatal,1,2
PN202202999,2022-09-21,2022,9,Sat,20,20:15,18.583874,73.951353,(unnamed road),Local,30,Mid-block,Clear,Dark - lit,Two-wheeler,Over-speeding,Grievous,0,1
PN202200043,2022-09-22,2022,9,Sun,6,06:41,18.459877,73.823489,Navale Flyover,Highway,80,Bridge/Slope,Clear,Dusk/Dawn,Truck/Tempo,Over-speeding,Grievous,0,2
PN202200376,2022-09-22,2022,9,Sun,9,09:45,18.460764,73.822059,Katraj - Dehu Road Bypass,Highway,60,Junction,Clear,Daylight,Truck/Tempo,Rash/careless driving,Grievous,0,2
PN202200640,2022-09-22,2022,9,Sun,18,18:55,18.496344,73.943592,Saswad Road,Highway,60,Junction,Cloudy,Dusk/Dawn,Two-wheeler,Over-speeding,Grievous,0,3
PN202203771,2022-09-24,2022,9,Tue,20,20:07,18.500477,73.858025,(unnamed road),Highway,40,Junction,Rain,Dark - unlit,Two-wheeler,Pothole/road condition,Grievous,0,3
PN202202986,2022-09-24,2022,9,Tue,21,21:04,18.624373,73.81865,Yeshwantrao Chavan Road,Collector,40,Mid-block,Clear,Dark - lit,Auto-rickshaw,Over-speeding,Grievous,0,3
PN202201366,2022-09-25,2022,9,Wed,13,13:34,18.454895,73.967387,Saswad Road,Highway,60,Mid-block,Clear,Daylight,Two-wheeler,Over-speeding,Minor,0,2
PN202202538,2022-09-25,2022,9,Wed,19,19:05,18.539489,73.873621,Ladkatwadi Road,Local,30,Junction,Clear,Dark - lit,Two-wheeler,Over-speeding,Grievous,0,1
PN202202014,2022-09-25,2022,9,Wed,21,21:46,18.607126,73.822249,Bharatratna J.R.D Tata Flyover,Highway,60,Mid-block,Clear,Dark - unlit,Two-wheeler,Over-speeding,Fatal,1,1
PN202202803,2022-09-25,2022,9,Wed,23,23:44,18.678104,73.734955,Dehu Road Flyover,Highway,60,Mid-block,Cloudy,Dark - unlit,Two-wheeler,Rash/careless driving,Minor,0,0
PN202200935,2022-09-26,2022,9,Thu,18,18:53,18.500955,73.938611,Shree Sant Dnyaneshwar Maharaj and Shree Sant Tukaram Maharaj Flyover,Highway,60,Junction,Rain,Dusk/Dawn,Bicycle,Rash/careless driving,Minor,0,2
PN202202555,2022-09-26,2022,9,Thu,20,20:41,18.662274,73.821457,Spine Road,Arterial,50,Mid-block,Clear,Dark - lit,Two-wheeler,Over-speeding,Fatal,2,1
PN202201889,2022-09-27,2022,9,Fri,9,09:49,18.518347,73.879344,Moledina Road,Arterial,50,Junction,Rain,Daylight,Two-wheeler,Wrong-side driving,Grievous,0,2
PN202200230,2022-09-27,2022,9,Fri,20,20:21,18.495081,73.787937,Katraj - Dehu Road Bypass,Highway,80,Bridge/Slope,Rain,Dark - unlit,Car,Over-speeding,Fatal,1,2
PN202202584,2022-09-27,2022,9,Fri,21,21:19,18.440015,73.839425,(unnamed road),Collector,40,Junction,Clear,Dark - lit,Truck/Tempo,Rash/careless driving,Minor,0,0
PN202200741,2022-09-28,2022,9,Sat,16,16:16,18.460307,73.822927,Navale Flyover,Highway,80,Bridge/Slope,Rain,Daylight,Truck/Tempo,Over-speeding,Minor,0,2
PN202200092,2022-09-28,2022,9,Sat,19,19:43,18.550503,73.936945,Kharadi Bypass,Highway,60,Junction,Rain,Dark - unlit,Truck/Tempo,Over-speeding,Fatal,1,1
PN202200252,2022-10-01,2022,10,Wed,9,09:34,18.53407,73.929187,Mundhwa Road,Arterial,40,Junction,Clear,Daylight,Car,Wrong-side driving,Fatal,1,1
PN202200033,2022-10-01,2022,10,Wed,19,19:24,18.490358,74.014114,(unnamed road),Collector,40,Junction,Clear,Dark - lit,Two-wheeler,Over-speeding,Grievous,0,2
PN202201274,2022-10-02,2022,10,Thu,7,07:15,18.551675,73.905838,East Avenue,Arterial,50,Mid-block,Clear,Daylight,Pedestrian,Other,Grievous,0,3
PN202200785,2022-10-02,2022,10,Thu,7,07:29,18.454009,73.827886,Katraj - Dehu Road Bypass,Highway,85,Bridge/Slope,Clear,Daylight,Car,Over-speeding,Grievous,0,1
PN202200666,2022-10-03,2022,10,Fri,18,18:33,18.557355,73.944651,(unnamed road),Collector,40,Junction,Clear,Dusk/Dawn,Two-wheeler,Drunk driving,Grievous,0,1
PN202200285,2022-10-04,2022,10,Sat,12,12:18,18.444061,73.836931,Katraj - Dehu Road Bypass,Highway,85,Bridge/Slope,Clear,Daylight,Two-wheeler,Over-speeding,Minor,0,0
PN202202397,2022-10-04,2022,10,Sat,13,13:19,18.575275,73.708965,Maan Road,Arterial,50,Junction,Clear,Daylight,Two-wheeler,Pothole/road condition,Minor,0,0
PN202202952,2022-10-04,2022,10,Sat,15,15:38,18.54564,73.888435,Nagar Road,Highway,60,Junction,Clear,Daylight,Car,Rash/careless driving,Fatal,1,0
PN202203891,2022-10-05,2022,10,Sun,9,09:59,18.632918,73.986595,(unnamed road),Collector,40,Mid-block,Clear,Daylight,Car,Over-speeding,Grievous,0,1
PN202203564,2022-10-05,2022,10,Sun,17,17:50,18.596964,73.773981,Kaspate Vasti Road,Arterial,50,Mid-block,Clear,Daylight,Car,Over-speeding,Fatal,1,2
PN202202010,2022-10-05,2022,10,Sun,18,18:30,18.525619,73.864551,(unnamed road),Local,30,Mid-block,Clear,Dusk/Dawn,Pedestrian,Brake failure/vehicle defect,Fatal,1,0
PN202201217,2022-10-06,2022,10,Mon,6,06:28,18.401059,73.856845,Katraj Ghat,Highway,50,Mid-block,Clear,Dusk/Dawn,Car,Over-speeding,Grievous,0,2
PN202202440,2022-10-06,2022,10,Mon,18,18:57,18.524204,73.988565,(unnamed road),Arterial,50,Mid-block,Clear,Dusk/Dawn,Pedestrian,Over-speeding,Fatal,1,0
PN202201696,2022-10-06,2022,10,Mon,20,20:16,18.553379,73.80947,ITI Road,Arterial,30,Junction,Clear,Dark - unlit,Pedestrian,Drunk driving,Grievous,0,2
PN202203651,2022-10-06,2022,10,Mon,22,22:33,18.714473,73.848332,Pune Nashik Road,Highway,60,Mid-block,Clear,Dark - unlit,Bicycle,Pothole/road condition,Fatal,1,1
PN202202063,2022-10-07,2022,10,Tue,13,13:37,18.65579,73.830852,Spine Road,Collector,40,Mid-block,Clear,Daylight,Car,Other,Fatal,1,2
PN202202892,2022-10-07,2022,10,Tue,15,15:46,18.466412,73.956684,NH548DD,Highway,60,Mid-block,Cloudy,Daylight,Pedestrian,Mobile phone use,Grievous,0,1
PN202200475,2022-10-08,2022,10,Wed,6,06:11,18.500851,73.937138,Solapur Road,Arterial,50,Junction,Clear,Dusk/Dawn,Car,Wrong-side driving,Grievous,0,3
PN202203672,2022-10-08,2022,10,Wed,7,07:07,18.425537,73.879308,(unnamed road),Local,30,Mid-block,Clear,Daylight,Bicycle,Pothole/road condition,Fatal,1,2
PN202203377,2022-10-08,2022,10,Wed,7,07:19,18.504601,73.918687,(unnamed road),Collector,40,Junction,Clear,Daylight,Two-wheeler,Wrong-side driving,Minor,0,2
PN202203179,2022-10-08,2022,10,Wed,8,08:49,18.51059,73.77869,Lane 1,Local,30,Junction,Clear,Daylight,Auto-rickshaw,Over-speeding,Grievous,0,3
PN202203505,2022-10-08,2022,10,Wed,10,10:25,18.427351,73.981258,Saswad Road,Highway,60,Mid-block,Clear,Daylight,Truck/Tempo,Over-speeding,Fatal,1,1
PN202201040,2022-10-08,2022,10,Wed,14,14:56,18.556005,73.738251,Sus Road,Arterial,50,Mid-block,Clear,Daylight,Two-wheeler,Over-speeding,Grievous,0,3
PN202203355,2022-10-08,2022,10,Wed,15,15:18,18.608437,73.916288,(unnamed road),Local,30,Junction,Cloudy,Daylight,Two-wheeler,Signal jumping,Fatal,1,2
PN202203873,2022-10-08,2022,10,Wed,22,22:11,18.497679,73.877156,(unnamed road),Arterial,50,Mid-block,Clear,Dark - lit,Two-wheeler,Pothole/road condition,Fatal,1,0
PN202200947,2022-10-08,2022,10,Wed,23,23:01,18.43086,73.84041,Ambegaon Viaduct,Highway,75,Bridge/Slope,Clear,Dark - unlit,Truck/Tempo,Brake failure/vehicle defect,Fatal,1,1
PN202201606,2022-10-09,2022,10,Thu,7,07:56,18.673267,73.888006,Dehu - Alandi Road,Arterial,50,Junction,Clear,Daylight,Two-wheeler,Over-speeding,Minor,0,1
PN202200948,2022-10-09,2022,10,Thu,11,11:01,18.460418,73.823188,Katraj - Dehu Road Bypass,Highway,60,Junction,Clear,Daylight,Auto-rickshaw,Over-speeding,Minor,0,1
PN202203652,2022-10-09,2022,10,Thu,12,12:23,18.471256,73.942859,(unnamed road),Local,30,Junction,Clear,Daylight,Two-wheeler,Drunk driving,Grievous,0,3
PN202202403,2022-10-09,2022,10,Thu,13,13:57,18.448179,73.86392,Katraj Kondhwa Road,Collector,40,Junction,Clear,Daylight,Two-wheeler,Drunk driving,Minor,0,2
PN202200482,2022-10-09,2022,10,Thu,15,15:52,18.609577,73.820247,(unnamed road),Arterial,40,Junction,Clear,Daylight,Bus,Drunk driving,Grievous,0,1
PN202203271,2022-10-10,2022,10,Fri,16,16:04,18.595235,73.945019,(unnamed road),Local,30,Mid-block,Clear,Daylight,Pedestrian,Over-speeding,Grievous,0,2
PN202200132,2022-10-12,2022,10,Sun,15,15:27,18.444857,73.836166,Katraj - Dehu Road Bypass,Highway,85,Bridge/Slope,Clear,Daylight,Two-wheeler,Over-speeding,Grievous,0,1
PN202200175,2022-10-12,2022,10,Sun,18,18:47,18.453676,73.828159,Katraj - Dehu Road Bypass,Highway,85,Bridge/Slope,Clear,Dusk/Dawn,Truck/Tempo,Brake failure/vehicle defect,Fatal,1,1
PN202202866,2022-10-13,2022,10,Mon,12,12:30,18.500139,73.853996,Chimaji Appa Peshwe Path,Arterial,50,Mid-block,Clear,Daylight,Pedestrian,Over-speeding,Minor,0,0
PN202203713,2022-10-13,2022,10,Mon,18,18:55,18.460113,73.790579,Nanded City Road,Collector,40,Mid-block,Clear,Dusk/Dawn,Two-wheeler,Drunk driving,Minor,0,2
PN202200404,2022-10-13,2022,10,Mon,20,20:26,18.550494,73.936943,Kharadi Bypass,Highway,60,Junction,Clear,Dark - unlit,Car,Rash/careless driving,Fatal,1,1
PN202201022,2022-10-13,2022,10,Mon,23,23:06,18.461032,73.822235,Katraj - Dehu Road Bypass,Highway,60,Bridge/Slope,Cloudy,Dark - unlit,Car,Over-speeding,Fatal,1,2
PN202202725,2022-10-14,2022,10,Tue,8,08:30,18.524928,73.932222,Mundhwa Road Railway Flyover,Highway,30,Mid-block,Clear,Daylight,Two-wheeler,Over-speeding,Fatal,1,0
PN202203436,2022-10-14,2022,10,Tue,16,16:07,18.597455,73.823506,(unnamed road),Local,30,Junction,Clear,Daylight,Truck/Tempo,Rash/careless driving,Minor,0,0
PN202201315,2022-10-14,2022,10,Tue,18,18:21,18.675937,73.898459,SH58,Arterial,50,Junction,Clear,Dusk/Dawn,Two-wheeler,Other,Fatal,1,0
PN202201559,2022-10-15,2022,10,Wed,6,06:49,18.432113,73.839208,(unnamed road),Local,30,Junction,Clear,Dusk/Dawn,Car,Over-speeding,Grievous,0,2
PN202203628,2022-10-15,2022,10,Wed,16,16:12,18.531532,73.853957,(unnamed road),Highway,40,Junction,Clear,Daylight,Two-wheeler,Wrong-side driving,Fatal,1,0
PN202202977,2022-10-15,2022,10,Wed,18,18:01,18.598945,73.734802,Marunji Road,Collector,40,Junction,Clear,Dusk/Dawn,Two-wheeler,Rash/careless driving,Minor,0,1
PN202202833,2022-10-15,2022,10,Wed,18,18:09,18.55459,73.804837,Shankarao Gaikwad Path,Collector,40,Junction,Clear,Dusk/Dawn,Car,Rash/careless driving,Minor,0,0
PN202201938,2022-10-15,2022,10,Wed,20,20:07,18.703368,73.847795,Pune Nashik Road,Highway,60,Mid-block,Clear,Dark - unlit,Pedestrian,Wrong-side driving,Fatal,1,1
PN202202594,2022-10-15,2022,10,Wed,20,20:11,18.681001,73.847911,(unnamed road),Local,30,Junction,Clear,Dark - lit,Two-wheeler,Over-speeding,Minor,0,0
PN202201475,2022-10-15,2022,10,Wed,20,20:14,18.672085,73.892311,SH58,Arterial,50,Junction,Clear,Dark - lit,Two-wheeler,Over-speeding,Minor,0,1
PN202200232,2022-10-15,2022,10,Wed,21,21:03,18.507206,73.783939,Katraj - Dehu Road Bypass,Highway,80,Junction,Clear,Dark - unlit,Two-wheeler,Over-speeding,Fatal,1,1
PN202201531,2022-10-16,2022,10,Thu,9,09:29,18.432098,73.838239,Ambegaon Viaduct,Highway,75,Mid-block,Clear,Daylight,Truck/Tempo,Mobile phone use,Minor,0,0
PN202202996,2022-10-16,2022,10,Thu,11,11:43,18.479732,73.831748,New Canal Road,Collector,40,Mid-block,Cloudy,Daylight,Car,Brake failure/vehicle defect,Minor,0,1
PN202201922,2022-10-16,2022,10,Thu,21,21:05,18.523987,73.892582,(unnamed road),Local,30,Mid-block,Clear,Dark - lit,Car,Other,Grievous,0,1
PN202202513,2022-10-16,2022,10,Thu,23,23:22,18.529671,73.869871,Raja Bahadur Mill Marg,Highway,60,Mid-block,Clear,Dark - unlit,Auto-rickshaw,Over-speeding,Fatal,1,1
PN202201738,2022-10-17,2022,10,Fri,16,16:24,18.601922,73.935054,Lane no 4/C,Local,30,Mid-block,Clear,Daylight,Two-wheeler,Pothole/road condition,Minor,0,0
PN202200896,2022-10-17,2022,10,Fri,17,17:49,18.484895,73.79952,Warje Road,Collector,30,Junction,Clear,Daylight,Two-wheeler,Over-speeding,Minor,0,1
PN202202453,2022-10-17,2022,10,Fri,18,18:09,18.667809,73.724362,(unnamed road),Local,30,Mid-block,Clear,Dusk/Dawn,Car,Over-speeding,Grievous,0,3
PN202203069,2022-10-18,2022,10,Sat,11,11:25,18.549294,73.772947,Katraj - Dehu Road Bypass,Highway,80,Mid-block,Clear,Daylight,Two-wheeler,Rash/careless driving,Fatal,2,1
PN202203762,2022-10-18,2022,10,Sat,19,19:37,18.666342,73.7412,Adarshnagar-Vikasnagar Road,Arterial,50,Junction,Clear,Dark - lit,Bus,Wrong-side driving,Minor,0,0
PN202200894,2022-10-18,2022,10,Sat,21,21:42,18.609737,73.82011,(unnamed road),Arterial,40,Junction,Cloudy,Dark - lit,Two-wheeler,Signal jumping,Grievous,0,2
PN202203434,2022-10-19,2022,10,Sun,5,05:50,18.546476,73.89042,Nagar Road,Highway,60,Mid-block,Clear,Dark - unlit,Two-wheeler,Signal jumping,Fatal,1,0
PN202202658,2022-10-19,2022,10,Sun,11,11:55,18.658528,73.760033,Nigdi-Kiwale Road,Arterial,50,Junction,Clear,Daylight,Two-wheeler,Over-speeding,Fatal,1,0
PN202201556,2022-10-19,2022,10,Sun,12,12:10,18.559898,73.853578,Holkar Bridge,Arterial,60,Junction,Clear,Daylight,Bus,Over-speeding,Fatal,1,1
PN202203840,2022-10-19,2022,10,Sun,17,17:12,18.473067,73.938941,Adarsh Nagar Road,Local,30,Junction,Clear,Daylight,Pedestrian,Drunk driving,Fatal,1,0
PN202202674,2022-10-19,2022,10,Sun,21,21:04,18.444343,73.877547,(unnamed road),Local,30,Junction,Clear,Dark - lit,Auto-rickshaw,Rash/careless driving,Grievous,0,2
PN202201364,2022-10-19,2022,10,Sun,21,21:48,18.601703,73.802142,Pimple Saudagar - Kalewadi Road,Arterial,50,Mid-block,Clear,Dark - lit,Car,Other,Minor,0,2
PN202201724,2022-10-19,2022,10,Sun,23,23:53,18.711384,73.971014,(unnamed road),Collector,40,Mid-block,Clear,Dark - lit,Two-wheeler,Drunk driving,Minor,0,1
PN202202101,2022-10-20,2022,10,Mon,6,06:56,18.491717,73.752244,(unnamed road),Collector,40,Junction,Clear,Dusk/Dawn,Two-wheeler,Drunk driving,Fatal,1,1
PN202202182,2022-10-20,2022,10,Mon,13,13:33,18.677435,73.86332,Dehu - Alandi Road,Arterial,50,Junction,Clear,Daylight,Car,Other,Grievous,0,3
PN202203507,2022-10-20,2022,10,Mon,15,15:06,18.494429,73.972716,(unnamed road),Local,30,Mid-block,Clear,Daylight,Two-wheeler,Over-speeding,Grievous,0,3
PN202203743,2022-10-21,2022,10,Tue,16,16:22,18.620481,73.801473,Jawaharlal Nehru Road Hedgewar Path,Collector,40,Mid-block,Clear,Daylight,Two-wheeler,Over-speeding,Minor,0,2
PN202203562,2022-10-22,2022,10,Wed,12,12:54,18.514132,73.94669,(unnamed road),Local,30,Mid-block,Clear,Daylight,Auto-rickshaw,Signal jumping,Grievous,0,1
PN202200678,2022-10-22,2022,10,Wed,17,17:03,18.430339,73.841018,Katraj - Dehu Road Bypass,Highway,80,Bridge/Slope,Clear,Daylight,Two-wheeler,Rash/careless driving,Grievous,0,3
PN202203732,2022-10-23,2022,10,Thu,20,20:34,18.558437,73.910755,Nagar Road,Highway,60,Mid-block,Clear,Dark - unlit,Pedestrian,Brake failure/vehicle defect,Fatal,1,2
PN202203116,2022-10-24,2022,10,Fri,0,00:42,18.513123,73.868681,Jawaharlal Nehru Marg,Arterial,50,Junction,Clear,Dark - lit,Two-wheeler,Over-speeding,Fatal,1,0
PN202202044,2022-10-24,2022,10,Fri,10,10:21,18.577259,73.907963,Airport New Road,Arterial,50,Junction,Clear,Daylight,Pedestrian,Over-speeding,Grievous,0,3
PN202200512,2022-10-25,2022,10,Sat,21,21:13,18.500569,73.791239,Katraj - Dehu Road Bypass,Highway,80,Bridge/Slope,Clear,Dark - unlit,Car,Over-speeding,Fatal,2,0
PN202200153,2022-10-25,2022,10,Sat,22,22:10,18.453702,73.828323,Katraj - Dehu Road Bypass,Highway,85,Bridge/Slope,Cloudy,Dark - unlit,Car,Over-speeding,Grievous,0,3
PN202200607,2022-10-26,2022,10,Sun,2,02:34,18.559978,73.931043,(unnamed road),Collector,40,Junction,Clear,Dark - lit,Two-wheeler,Over-speeding,Minor,0,2
PN202200460,2022-10-26,2022,10,Sun,8,08:44,18.492183,73.999337,(unnamed road),Collector,40,Mid-block,Clear,Daylight,Truck/Tempo,Over-speeding,Grievous,0,2
PN202203757,2022-10-26,2022,10,Sun,13,13:07,18.664813,73.770708,(unnamed road),Arterial,50,Junction,Clear,Daylight,Two-wheeler,Over-speeding,Grievous,0,1
PN202202604,2022-10-26,2022,10,Sun,14,14:05,18.501735,73.931485,Solapur Road,Arterial,50,Junction,Cloudy,Daylight,Two-wheeler,Signal jumping,Grievous,0,1
PN202203404,2022-10-27,2022,10,Mon,5,05:36,18.513112,73.840417,Karve Road,Arterial,65,Junction,Clear,Dark - lit,Car,Mobile phone use,Fatal,1,1
PN202200026,2022-10-27,2022,10,Mon,13,13:31,18.457042,73.858284,Satara Road,Highway,60,Junction,Clear,Daylight,Truck/Tempo,Over-speeding,Fatal,2,2
PN202203744,2022-10-27,2022,10,Mon,16,16:41,18.585107,73.831793,Dapodi Flyover,Arterial,50,Mid-block,Clear,Daylight,Auto-rickshaw,Rash/careless driving,Minor,0,0
PN202201648,2022-10-28,2022,10,Tue,11,11:12,18.43948,73.777028,(unnamed road),Local,30,Junction,Clear,Daylight,Two-wheeler,Over-speeding,Grievous,0,3
PN202203398,2022-10-28,2022,10,Tue,13,13:18,18.60628,73.99038,(unnamed road),Collector,40,Mid-block,Clear,Daylight,Car,Over-speeding,Grievous,0,3
PN202203750,2022-10-28,2022,10,Tue,15,15:27,18.541738,73.825656,Dr. Homi Bhabha Marg,Arterial,50,Junction,Clear,Daylight,Pedestrian,Over-speeding,Fatal,1,2
PN202203920,2022-10-28,2022,10,Tue,15,15:27,18.534346,73.91357,GDP Road,Arterial,50,Mid-block,Clear,Daylight,Auto-rickshaw,Over-speeding,Minor,0,0
PN202201631,2022-10-28,2022,10,Tue,19,19:53,18.685524,73.883412,Chimbali Phata-Alandi {Alankapuri) Road,Arterial,40,Mid-block,Clear,Dark - unlit,Bus,Other,Fatal,2,2
PN202202885,2022-10-28,2022,10,Tue,21,21:26,18.631605,73.752219,Aundh Ravet Road,Arterial,40,Mid-block,Clear,Dark - lit,Bus,Over-speeding,Minor,0,0
PN202202564,2022-11-01,2022,11,Sat,8,08:28,18.603362,73.818315,Bharatratna J.R.D Tata Flyover,Arterial,50,Junction,Clear,Daylight,Two-wheeler,Over-speeding,Grievous,0,3
PN202200793,2022-11-02,2022,11,Sun,4,04:56,18.430538,73.840605,Ambegaon Viaduct,Highway,75,Bridge/Slope,Clear,Dark - unlit,Auto-rickshaw,Drunk driving,Minor,0,1
PN202200503,2022-11-02,2022,11,Sun,6,06:21,18.48999,74.015137,(unnamed road),Collector,40,Junction,Clear,Dusk/Dawn,Two-wheeler,Over-speeding,Grievous,0,1
PN202200298,2022-11-02,2022,11,Sun,11,11:47,18.460994,73.821748,Katraj - Dehu Road Bypass,Highway,60,Junction,Clear,Daylight,Auto-rickshaw,Over-speeding,Fatal,1,0
PN202201261,2022-11-02,2022,11,Sun,13,13:10,18.652078,73.836154,Spine Road,Arterial,50,Mid-block,Cloudy,Daylight,Car,Rash/careless driving,Grievous,0,1
PN202203536,2022-11-02,2022,11,Sun,14,14:08,18.433626,73.735269,(unnamed road),Collector,40,Mid-block,Cloudy,Daylight,Car,Rash/careless driving,Minor,0,0
PN202202647,2022-11-03,2022,11,Mon,11,11:45,18.531604,73.843836,Ganeshkhind Road,Arterial,50,Mid-block,Clear,Daylight,Car,Over-speeding,Grievous,0,3
PN202201006,2022-11-04,2022,11,Tue,6,06:57,18.459671,73.823737,(unnamed road),Highway,40,Junction,Cloudy,Dusk/Dawn,Car,Over-speeding,Fatal,1,1
PN202202814,2022-11-04,2022,11,Tue,9,09:16,18.52307,73.867465,Jawaharlal Nehru Marg,Arterial,50,Junction,Clear,Daylight,Two-wheeler,Rash/careless driving,Grievous,0,3
PN202201310,2022-11-04,2022,11,Tue,10,10:54,18.506476,73.894762,Solapur Road,Highway,60,Mid-block,Clear,Daylight,Bus,Rash/careless driving,Grievous,0,2
PN202202105,2022-11-04,2022,11,Tue,12,12:01,18.509409,73.84168,(unnamed road),Arterial,50,Junction,Clear,Daylight,Car,Brake failure/vehicle defect,Grievous,0,2
PN202200323,2022-11-04,2022,11,Tue,13,13:03,18.57837,73.906095,(unnamed road),Arterial,50,Junction,Clear,Daylight,Pedestrian,Rash/careless driving,Grievous,0,3
PN202201988,2022-11-04,2022,11,Tue,15,15:09,18.456876,73.825691,Navale Flyover,Highway,85,Mid-block,Cloudy,Daylight,Truck/Tempo,Other,Grievous,0,2
PN202201546,2022-11-04,2022,11,Tue,22,22:38,18.654718,73.777509,(unnamed road),Local,30,Mid-block,Clear,Dark - lit,Two-wheeler,Pothole/road condition,Minor,0,1
PN202203701,2022-11-05,2022,11,Wed,8,08:50,18.499799,73.882755,(unnamed road),Collector,40,Junction,Clear,Daylight,Two-wheeler,Signal jumping,Fatal,1,0
PN202201067,2022-11-05,2022,11,Wed,17,17:45,18.504271,73.853602,Chimaji Appa Peshwe Path,Highway,60,Junction,Clear,Daylight,Truck/Tempo,Rash/careless driving,Fatal,1,2
PN202201332,2022-11-05,2022,11,Wed,20,20:09,18.506393,73.906708,Pune-Solapur Road,Highway,60,Junction,Clear,Dark - unlit,Two-wheeler,Over-speeding,Fatal,1,2
PN202202174,2022-11-05,2022,11,Wed,21,21:47,18.541935,73.872574,Sangamwadi Road,Arterial,85,Mid-block,Cloudy,Dark - lit,Truck/Tempo,Over-speeding,Fatal,2,1
PN202203575,2022-11-06,2022,11,Thu,11,11:10,18.622153,74.027183,NH753F,Highway,60,Mid-block,Clear,Daylight,Two-wheeler,Over-speeding,Fatal,2,1
PN202202002,2022-11-07,2022,11,Fri,20,20:45,18.450053,73.877268,Katraj Kondhwa Road,Highway,60,Junction,Clear,Dark - unlit,Two-wheeler,Other,Fatal,2,1
PN202203927,2022-11-07,2022,11,Fri,21,21:53,18.633149,73.813627,Ajmera Main Raod,Collector,40,Junction,Clear,Dark - unlit,Auto-rickshaw,Rash/careless driving,Grievous,0,1
PN202203773,2022-11-08,2022,11,Sat,4,04:30,18.482565,73.892889,Salunkhe Vihar Road,Collector,40,Mid-block,Clear,Dark - unlit,Pedestrian,Pothole/road condition,Grievous,0,2
PN202203647,2022-11-08,2022,11,Sat,7,07:52,18.45701,73.966351,Saswad Road,Highway,60,Junction,Clear,Daylight,Car,Wrong-side driving,Minor,0,0
PN202200893,2022-11-09,2022,11,Sun,0,00:58,18.609696,73.820146,(unnamed road),Arterial,40,Junction,Clear,Dark - lit,Two-wheeler,Over-speeding,Grievous,0,3
PN202203890,2022-11-09,2022,11,Sun,2,02:51,18.41616,73.847432,Katraj - Dehu Road Bypass,Highway,80,Mid-block,Clear,Dark - unlit,Truck/Tempo,Over-speeding,Grievous,0,1
PN202201851,2022-11-10,2022,11,Mon,7,07:39,18.586459,73.82114,Phugewadi-Pimple Gurav Road,Collector,40,Junction,Clear,Daylight,Truck/Tempo,Over-speeding,Fatal,1,0
PN202201208,2022-11-10,2022,11,Mon,10,10:34,18.520444,73.843999,Bapusaheb Gupte Path,Local,30,Junction,Clear,Daylight,Pedestrian,Over-speeding,Minor,0,1
PN202201542,2022-11-11,2022,11,Tue,20,20:03,18.665047,73.8063,Spine Road,Arterial,50,Mid-block,Clear,Dark - lit,Two-wheeler,Over-speeding,Fatal,1,1
PN202200967,2022-11-13,2022,11,Thu,2,02:33,18.609427,73.820374,(unnamed road),Arterial,40,Junction,Cloudy,Dark - unlit,Bus,Other,Minor,0,1
PN202201042,2022-11-13,2022,11,Thu,12,12:49,18.680475,73.722897,Katraj - Dehu Road Bypass,Highway,80,Mid-block,Clear,Daylight,Pedestrian,Rash/careless driving,Minor,0,2
PN202202089,2022-11-13,2022,11,Thu,19,19:31,18.512493,73.770408,Katraj - Dehu Road Bypass,Highway,80,Mid-block,Clear,Dark - unlit,Truck/Tempo,Over-speeding,Fatal,1,1
PN202203740,2022-11-14,2022,11,Fri,15,15:06,18.629305,73.78772,(unnamed road),Local,30,Mid-block,Cloudy,Daylight,Auto-rickshaw,Rash/careless driving,Minor,0,2
PN202203776,2022-11-14,2022,11,Fri,18,18:02,18.584444,73.985505,(unnamed road),Local,30,Junction,Clear,Dusk/Dawn,Two-wheeler,Over-speeding,Grievous,0,1
PN202203844,2022-11-14,2022,11,Fri,23,23:05,18.60915,73.750846,Katraj - Dehu Road Bypass,Highway,80,Mid-block,Cloudy,Dark - unlit,Truck/Tempo,Drunk driving,Fatal,1,0
PN202202109,2022-11-15,2022,11,Sat,13,13:17,18.55382,73.771493,(unnamed road),Collector,40,Mid-block,Clear,Daylight,Auto-rickshaw,Over-speeding,Grievous,0,1
PN202200015,2022-11-15,2022,11,Sat,20,20:41,18.430365,73.840996,Katraj - Dehu Road Bypass,Highway,80,Bridge/Slope,Clear,Dark - unlit,Car,Brake failure/vehicle defect,Fatal,1,2
PN202203822,2022-11-17,2022,11,Mon,18,18:24,18.690706,73.967544,(unnamed road),Collector,30,Mid-block,Clear,Dusk/Dawn,Two-wheeler,Over-speeding,Minor,0,1
PN202202146,2022-11-18,2022,11,Tue,15,15:38,18.575366,73.907675,Sunset Boulevard,Collector,40,Junction,Clear,Daylight,Bicycle,Rash/careless driving,Minor,0,0
PN202200111,2022-11-19,2022,11,Wed,3,03:50,18.455222,73.858757,Satara Road,Highway,60,Junction,Clear,Dark - unlit,Truck/Tempo,Over-speeding,Minor,0,1
PN202203147,2022-11-19,2022,11,Wed,7,07:43,18.567425,73.74339,Mhalunge - Nande Road,Arterial,50,Junction,Clear,Daylight,Two-wheeler,Pothole/road condition,Grievous,0,3
PN202203373,2022-11-20,2022,11,Thu,10,10:11,18.651809,73.810067,Chikhali - Kaspate Vasti BRTS Road Chikali Road,Arterial,50,Mid-block,Clear,Daylight,Two-wheeler,Wrong-side driving,Fatal,1,2
PN202202387,2022-11-20,2022,11,Thu,16,16:39,18.42647,73.761889,Sinhagad Road,Arterial,50,Mid-block,Clear,Daylight,Car,Over-speeding,Fatal,2,0
PN202202019,2022-11-20,2022,11,Thu,16,16:42,18.451334,73.919948,NH548DD,Highway,60,Mid-block,Clear,Daylight,Truck/Tempo,Other,Fatal,1,2
PN202203522,2022-11-21,2022,11,Fri,15,15:08,18.668502,73.728452,Dehu Road-Vikasnagar-Mukai Chowk Road,Arterial,50,Junction,Clear,Daylight,Pedestrian,Wrong-side driving,Grievous,0,1
PN202203791,2022-11-21,2022,11,Fri,17,17:18,18.597901,74.004422,NH753F,Highway,60,Mid-block,Clear,Daylight,Two-wheeler,Other,Fatal,1,0
PN202200609,2022-11-21,2022,11,Fri,20,20:24,18.501662,73.792079,Katraj - Dehu Road Bypass,Highway,80,Bridge/Slope,Clear,Dark - unlit,Pedestrian,Rash/careless driving,Fatal,1,2
PN202200705,2022-11-22,2022,11,Sat,19,19:39,18.500989,73.937784,Solapur Road,Arterial,50,Junction,Cloudy,Dark - lit,Truck/Tempo,Signal jumping,Fatal,2,0
PN202202699,2022-11-23,2022,11,Sun,9,09:40,18.524136,73.852648,(unnamed road),Collector,40,Junction,Clear,Daylight,Two-wheeler,Rash/careless driving,Grievous,0,3
PN202202450,2022-11-23,2022,11,Sun,15,15:32,18.657073,73.758553,Appu Ghar-Shubham Park Road,Arterial,50,Mid-block,Cloudy,Daylight,Two-wheeler,Rash/careless driving,Grievous,0,1
PN202201774,2022-11-24,2022,11,Mon,9,09:55,18.672409,73.725688,Katraj - Dehu Road Bypass,Highway,80,Mid-block,Clear,Daylight,Pedestrian,Wrong-side driving,Grievous,0,3
PN202202774,2022-11-24,2022,11,Mon,10,10:18,18.449794,73.838966,(unnamed road),Local,30,Mid-block,Clear,Daylight,Car,Pothole/road condition,Fatal,1,2
PN202200119,2022-11-25,2022,11,Tue,21,21:08,18.461098,73.821818,Navale Flyover,Highway,80,Bridge/Slope,Clear,Dark - unlit,Two-wheeler,Over-speeding,Minor,0,1
PN202200812,2022-11-26,2022,11,Wed,5,05:38,18.501548,73.791861,Katraj - Dehu Road Bypass,Highway,80,Bridge/Slope,Clear,Dark - unlit,Car,Over-speeding,Grievous,0,2
PN202201051,2022-11-26,2022,11,Wed,10,10:35,18.643734,73.73743,Service Road,Arterial,50,Mid-block,Clear,Daylight,Two-wheeler,Over-speeding,Grievous,0,1
PN202201260,2022-11-26,2022,11,Wed,10,10:52,18.627196,73.755416,Aundh Ravet Road,Arterial,40,Junction,Clear,Daylight,Two-wheeler,Over-speeding,Grievous,0,2
PN202202621,2022-11-26,2022,11,Wed,14,14:22,18.582066,73.761144,exit to baner,Arterial,20,Mid-block,Cloudy,Daylight,Car,Over-speeding,Minor,0,2
PN202203262,2022-11-26,2022,11,Wed,23,23:27,18.457933,73.90744,Bajirao Road,Collector,40,Junction,Clear,Dark - lit,Two-wheeler,Over-speeding,Fatal,1,0
PN202200573,2022-11-27,2022,11,Thu,12,12:37,18.577019,73.907933,Airport New Road,Arterial,50,Junction,Clear,Daylight,Two-wheeler,Over-speeding,Fatal,1,0
PN202200416,2022-11-27,2022,11,Thu,15,15:05,18.459801,73.823343,Katraj - Dehu Road Bypass,Highway,60,Junction,Clear,Daylight,Truck/Tempo,Brake failure/vehicle defect,Minor,0,2
PN202200915,2022-11-27,2022,11,Thu,18,18:20,18.497239,73.9424,Saswad Road,Highway,60,Mid-block,Clear,Dusk/Dawn,Truck/Tempo,Pothole/road condition,Minor,0,0
PN202202864,2022-11-27,2022,11,Thu,18,18:34,18.531931,73.8301,Senapati Bapat Marg,Arterial,50,Junction,Clear,Dusk/Dawn,Two-wheeler,Over-speeding,Minor,0,2
PN202203328,2022-11-28,2022,11,Fri,13,13:02,18.573751,73.978079,(unnamed road),Local,30,Junction,Clear,Daylight,Car,Over-speeding,Minor,0,2
PN202200899,2022-11-28,2022,11,Fri,18,18:17,18.4562,73.858658,Satara Road,Highway,60,Junction,Clear,Dusk/Dawn,Pedestrian,Over-speeding,Fatal,1,0
PN202202689,2022-11-28,2022,11,Fri,21,21:24,18.666692,73.794097,(unnamed road),Local,30,Junction,Cloudy,Dark - unlit,Two-wheeler,Drunk driving,Fatal,1,2
PN202201511,2022-11-28,2022,11,Fri,23,23:33,18.633422,73.741151,Katraj - Dehu Road Bypass,Highway,80,Mid-block,Clear,Dark - unlit,Car,Wrong-side driving,Fatal,1,0
PN202200605,2022-12-01,2022,12,Tue,0,00:37,18.500926,73.938823,Shree Sant Dnyaneshwar Maharaj and Shree Sant Tukaram Maharaj Flyover,Highway,60,Junction,Clear,Dark - unlit,Car,Over-speeding,Grievous,0,3
PN202201464,2022-12-01,2022,12,Tue,21,21:50,18.457071,73.937651,NH548DD,Highway,60,Mid-block,Clear,Dark - unlit,Car,Over-speeding,Fatal,1,0
PN202201581,2022-12-02,2022,12,Wed,8,08:43,18.451764,73.847093,(unnamed road),Collector,40,Mid-block,Mist/Fog,Daylight,Two-wheeler,Over-speeding,Grievous,0,2
PN202201313,2022-12-02,2022,12,Wed,13,13:53,18.560481,73.91661,Nagar Road,Highway,60,Mid-block,Cloudy,Daylight,Bus,Over-speeding,Minor,0,2
PN202200262,2022-12-03,2022,12,Thu,1,01:35,18.507555,73.785714,Paud Road,Arterial,40,Junction,Cloudy,Dark - lit,Two-wheeler,Brake failure/vehicle defect,Minor,0,2
PN202202561,2022-12-03,2022,12,Thu,2,02:20,18.6808,73.816768,Kudalwadi-Chikhli Link Road,Arterial,50,Junction,Clear,Dark - lit,Pedestrian,Rash/careless driving,Fatal,1,2
PN202203294,2022-12-03,2022,12,Thu,12,12:46,18.513276,73.845394,Chhatrapati Sambhaji Path,Collector,40,Junction,Clear,Daylight,Two-wheeler,Over-speeding,Fatal,1,0
PN202202381,2022-12-03,2022,12,Thu,16,16:11,18.6591,74.010003,SH58,Arterial,50,Mid-block,Clear,Daylight,Truck/Tempo,Rash/careless driving,Fatal,1,2
PN202203759,2022-12-04,2022,12,Fri,11,11:21,18.515365,73.828884,Vishnushastri Chiplunkar Path,Arterial,50,Junction,Clear,Daylight,Pedestrian,Other,Minor,0,0
PN202202855,2022-12-04,2022,12,Fri,15,15:03,18.507376,73.783641,(unnamed road),Arterial,50,Mid-block,Clear,Daylight,Two-wheeler,Over-speeding,Grievous,0,1
PN202200920,2022-12-04,2022,12,Fri,15,15:26,18.578163,73.907545,Airport Road,Arterial,50,Junction,Clear,Daylight,Two-wheeler,Rash/careless driving,Minor,0,2
PN202200128,2022-12-05,2022,12,Sat,18,18:38,18.496721,73.943089,Saswad Road,Highway,60,Mid-block,Clear,Dusk/Dawn,Car,Wrong-side driving,Grievous,0,1
PN202203595,2022-12-05,2022,12,Sat,23,23:49,18.643653,73.764904,Walhekarwadi Road,Collector,40,Junction,Clear,Dark - lit,Pedestrian,Over-speeding,Minor,0,0
PN202203916,2022-12-06,2022,12,Sun,7,07:31,18.596674,73.873378,Sant Dyaneshwar Marg,Arterial,50,Mid-block,Clear,Daylight,Two-wheeler,Over-speeding,Grievous,0,2
PN202202922,2022-12-06,2022,12,Sun,19,19:04,18.490069,74.015755,Solapur Road,Highway,60,Junction,Clear,Dark - unlit,Truck/Tempo,Over-speeding,Fatal,1,1
PN202202470,2022-12-07,2022,12,Mon,13,13:33,18.571003,73.911262,West Avenue,Collector,40,Junction,Clear,Daylight,Pedestrian,Rash/careless driving,Grievous,0,3
PN202201473,2022-12-08,2022,12,Tue,11,11:41,18.573907,73.732489,(unnamed road),Arterial,40,Junction,Clear,Daylight,Truck/Tempo,Over-speeding,Minor,0,1
PN202200827,2022-12-08,2022,12,Tue,22,22:17,18.549576,73.936898,Kharadi Bypass,Highway,60,Junction,Clear,Dark - unlit,Truck/Tempo,Over-speeding,Fatal,1,0
PN202200361,2022-12-09,2022,12,Wed,4,04:25,18.460867,73.822498,Katraj - Dehu Road Bypass,Highway,60,Junction,Mist/Fog,Dark - unlit,Car,Over-speeding,Grievous,0,2
PN202200886,2022-12-09,2022,12,Wed,6,06:47,18.453367,73.858333,Satara Road,Highway,60,Junction,Clear,Dusk/Dawn,Truck/Tempo,Over-speeding,Fatal,2,0
PN202203471,2022-12-09,2022,12,Wed,22,22:50,18.594552,74.000553,Nagar Road,Highway,60,Mid-block,Clear,Dark - unlit,Car,Wrong-side driving,Minor,0,1
PN202202979,2022-12-10,2022,12,Thu,15,15:17,18.544423,73.882076,Deccan College Road,Arterial,50,Mid-block,Clear,Daylight,Car,Rash/careless driving,Grievous,0,1
PN202201687,2022-12-10,2022,12,Thu,21,21:11,18.567775,73.82792,Sangvi - Bopodi New Bridge,Collector,40,Mid-block,Clear,Dark - lit,Two-wheeler,Over-speeding,Fatal,1,1
PN202203635,2022-12-11,2022,12,Fri,12,12:43,18.613427,73.749105,Katraj - Dehu Road Bypass,Highway,80,Junction,Clear,Daylight,Two-wheeler,Rash/careless driving,Minor,0,0
PN202201278,2022-12-11,2022,12,Fri,20,20:54,18.529567,73.843561,Gopal Krushna Gokhale Path,Arterial,50,Junction,Cloudy,Dark - lit,Two-wheeler,Over-speeding,Fatal,1,2
PN202203490,2022-12-11,2022,12,Fri,22,22:02,18.595119,73.734776,Marunji Road,Collector,40,Junction,Clear,Dark - lit,Two-wheeler,Over-speeding,Minor,0,0
PN202202208,2022-12-12,2022,12,Sat,5,05:23,18.574767,73.741732,Blue Ridge Approach Road,Collector,30,Junction,Clear,Dark - lit,Two-wheeler,Brake failure/vehicle defect,Minor,0,1
PN202200982,2022-12-12,2022,12,Sat,17,17:58,18.55731,73.944729,(unnamed road),Collector,40,Junction,Clear,Daylight,Pedestrian,Rash/careless driving,Grievous,0,2
PN202201776,2022-12-12,2022,12,Sat,19,19:26,18.45162,73.902152,(unnamed road),Local,30,Mid-block,Cloudy,Dark - lit,Two-wheeler,Other,Minor,0,1
PN202202662,2022-12-13,2022,12,Sun,4,04:48,18.526798,73.946094,Venkatesh Graffiti Gate 2 Road,Local,30,Junction,Mist/Fog,Dark - unlit,Pedestrian,Rash/careless driving,Minor,0,0
PN202202235,2022-12-13,2022,12,Sun,10,10:54,18.593353,73.739185,Dange Chowk Road,Arterial,50,Junction,Clear,Daylight,Auto-rickshaw,Over-speeding,Fatal,1,0
PN202201450,2022-12-13,2022,12,Sun,15,15:14,18.503675,73.924661,(unnamed road),Collector,40,Junction,Clear,Daylight,Car,Rash/careless driving,Minor,0,0
PN202203645,2022-12-13,2022,12,Sun,15,15:35,18.474512,73.846679,(unnamed road),Local,30,Junction,Clear,Daylight,Two-wheeler,Signal jumping,Grievous,0,1
PN202202316,2022-12-13,2022,12,Sun,17,17:20,18.521471,73.941424,(unnamed road),Local,30,Junction,Clear,Daylight,Two-wheeler,Over-speeding,Minor,0,1
PN202203508,2022-12-14,2022,12,Mon,0,00:46,18.488041,73.93347,Kale Padal Road,Collector,40,Mid-block,Clear,Dark - lit,Two-wheeler,Mobile phone use,Fatal,1,1
PN202201778,2022-12-14,2022,12,Mon,2,02:51,18.662933,73.808171,Atal Bihari Vajpayee Marg,Collector,40,Junction,Clear,Dark - lit,Bicycle,Drunk driving,Grievous,0,2
PN202203626,2022-12-14,2022,12,Mon,14,14:08,18.604031,73.750761,Hinjawadi - Chinchwad Road,Arterial,50,Mid-block,Clear,Daylight,Pedestrian,Wrong-side driving,Minor,0,0
PN202201580,2022-12-14,2022,12,Mon,20,20:36,18.555486,73.906388,Airport New Road Underpass,Arterial,50,Mid-block,Clear,Dark - unlit,Two-wheeler,Over-speeding,Grievous,0,1
PN202202914,2022-12-15,2022,12,Tue,12,12:45,18.68312,73.815667,Dehu - Alandi Road,Arterial,50,Mid-block,Clear,Daylight,Bicycle,Drunk driving,Fatal,1,2
PN202201035,2022-12-15,2022,12,Tue,18,18:25,18.460995,73.821746,Katraj - Dehu Road Bypass,Highway,60,Junction,Clear,Dusk/Dawn,Two-wheeler,Brake failure/vehicle defect,Fatal,1,1
PN202201004,2022-12-15,2022,12,Tue,23,23:31,18.446048,73.835332,Katraj - Dehu Road Bypass,Highway,85,Bridge/Slope,Clear,Dark - unlit,Auto-rickshaw,Over-speeding,Fatal,1,1
PN202203392,2022-12-16,2022,12,Wed,13,13:30,18.615991,73.785129,(unnamed road),Arterial,50,Junction,Cloudy,Daylight,Car,Rash/careless driving,Grievous,0,1
PN202201823,2022-12-16,2022,12,Wed,23,23:17,18.564126,73.77819,Gopal Hari Deshmukh Marg,Arterial,50,Junction,Clear,Dark - unlit,Bus,Drunk driving,Fatal,2,2
PN202200088,2022-12-17,2022,12,Thu,11,11:41,18.500608,73.939146,(unnamed road),Highway,60,Junction,Clear,Daylight,Two-wheeler,Over-speeding,Fatal,1,1
PN202200290,2022-12-17,2022,12,Thu,19,19:40,18.46079,73.822022,Katraj - Dehu Road Bypass,Highway,60,Junction,Clear,Dark - unlit,Car,Wrong-side driving,Grievous,0,3
PN202200439,2022-12-17,2022,12,Thu,20,20:39,18.504677,73.918394,(unnamed road),Collector,40,Junction,Clear,Dark - lit,Bus,Rash/careless driving,Minor,0,0
PN202203705,2022-12-17,2022,12,Thu,23,23:59,18.515456,73.880488,(unnamed road),Local,30,Junction,Clear,Dark - unlit,Two-wheeler,Signal jumping,Minor,0,2
PN202203045,2022-12-18,2022,12,Fri,12,12:17,18.666098,73.801644,Spine Road,Collector,40,Mid-block,Clear,Daylight,Two-wheeler,Rash/careless driving,Fatal,1,0
PN202201423,2022-12-18,2022,12,Fri,22,22:41,18.619349,73.901649,(unnamed road),Collector,40,Mid-block,Clear,Dark - lit,Two-wheeler,Over-speeding,Fatal,1,1
PN202200709,2022-12-19,2022,12,Sat,1,01:28,18.549485,73.936716,Kharadi Bypass,Highway,60,Junction,Clear,Dark - unlit,Car,Rash/careless driving,Minor,0,2
PN202203712,2022-12-19,2022,12,Sat,15,15:33,18.472249,73.856474,Satara Road,Highway,30,Mid-block,Clear,Daylight,Truck/Tempo,Rash/careless driving,Fatal,1,1
PN202200532,2022-12-19,2022,12,Sat,16,16:02,18.508012,73.788747,Paud Road,Arterial,50,Junction,Clear,Daylight,Two-wheeler,Brake failure/vehicle defect,Fatal,1,0
PN202202370,2022-12-19,2022,12,Sat,16,16:14,18.537235,73.937322,Riverfront Road,Collector,40,Junction,Clear,Daylight,Two-wheeler,Over-speeding,Minor,0,0
PN202200272,2022-12-19,2022,12,Sat,21,21:44,18.42933,73.84169,Katraj - Dehu Road Bypass,Highway,80,Bridge/Slope,Clear,Dark - unlit,Truck/Tempo,Brake failure/vehicle defect,Fatal,1,1
PN202200423,2022-12-19,2022,12,Sat,22,22:58,18.429756,73.841273,Katraj - Dehu Road Bypass,Highway,80,Bridge/Slope,Clear,Dark - unlit,Auto-rickshaw,Over-speeding,Fatal,1,0
PN202200500,2022-12-20,2022,12,Sun,1,01:50,18.453649,73.828368,Katraj - Dehu Road Bypass,Highway,85,Bridge/Slope,Clear,Dark - unlit,Two-wheeler,Over-speeding,Fatal,1,2
PN202203465,2022-12-20,2022,12,Sun,14,14:03,18.691638,73.868531,Chimbali Phata-Alandi {Alankapuri) Road,Arterial,40,Mid-block,Clear,Daylight,Two-wheeler,Over-speeding,Grievous,0,3
PN202203206,2022-12-20,2022,12,Sun,17,17:52,18.606229,73.823053,NH60;NH65,Highway,40,Junction,Clear,Daylight,Two-wheeler,Over-speeding,Grievous,0,1
PN202202784,2022-12-21,2022,12,Mon,20,20:10,18.480896,73.928406,Mohammadwadi Road,Arterial,50,Mid-block,Clear,Dark - unlit,Bicycle,Over-speeding,Grievous,0,1
PN202202691,2022-12-22,2022,12,Tue,10,10:41,18.519086,73.944115,Amanora Park Town Main Road,Arterial,50,Mid-block,Clear,Daylight,Car,Pothole/road condition,Grievous,0,2
PN202202628,2022-12-22,2022,12,Tue,14,14:46,18.466907,73.961681,Saswad Road,Highway,60,Mid-block,Clear,Daylight,Truck/Tempo,Wrong-side driving,Minor,0,0
PN202202659,2022-12-22,2022,12,Tue,19,19:34,18.437037,73.976851,Saswad Road,Highway,60,Mid-block,Clear,Dark - unlit,Two-wheeler,Over-speeding,Minor,0,2
PN202202138,2022-12-23,2022,12,Wed,1,01:32,18.517715,73.829752,Vishnushastri Chiplunkar Path,Arterial,50,Mid-block,Clear,Dark - lit,Car,Over-speeding,Minor,0,0
PN202201673,2022-12-23,2022,12,Wed,16,16:50,18.626358,73.852273,Bhosari Flyover,Highway,40,Mid-block,Clear,Daylight,Pedestrian,Rash/careless driving,Fatal,1,0
PN202202331,2022-12-23,2022,12,Wed,17,17:21,18.602792,73.972845,(unnamed road),Local,30,Junction,Cloudy,Daylight,Auto-rickshaw,Drunk driving,Grievous,0,2
PN202203405,2022-12-24,2022,12,Thu,11,11:48,18.626934,73.852397,(unnamed road),Arterial,50,Junction,Clear,Daylight,Two-wheeler,Rash/careless driving,Grievous,0,1
PN202203099,2022-12-24,2022,12,Thu,14,14:29,18.593653,73.82357,Srushti Chowk-Pimple Gurav-Ramkrushna Mangal Karyalay,Collector,40,Junction,Clear,Daylight,Two-wheeler,Signal jumping,Fatal,1,0
PN202200084,2022-12-24,2022,12,Thu,16,16:26,18.459884,73.823263,Katraj - Dehu Road Bypass,Highway,60,Junction,Clear,Daylight,Truck/Tempo,Drunk driving,Fatal,1,2
PN202200962,2022-12-24,2022,12,Thu,19,19:58,18.444884,73.972849,NH965,Highway,60,Mid-block,Clear,Dark - unlit,Two-wheeler,Over-speeding,Grievous,0,1
PN202203417,2022-12-25,2022,12,Fri,14,14:19,18.517383,73.908894,(unnamed road),Local,30,Mid-block,Clear,Daylight,Auto-rickshaw,Over-speeding,Minor,0,1
PN202202608,2022-12-25,2022,12,Fri,19,19:27,18.555406,73.874603,Sant Jnaneshwar Marg,Collector,40,Junction,Clear,Dark - unlit,Bicycle,Over-speeding,Fatal,1,1
PN202200745,2022-12-26,2022,12,Sat,7,07:44,18.492606,73.998033,(unnamed road),Collector,40,Mid-block,Clear,Daylight,Car,Pothole/road condition,Grievous,0,3
PN202202665,2022-12-26,2022,12,Sat,12,12:43,18.531495,73.779611,Katraj - Dehu Road Bypass,Highway,80,Mid-block,Clear,Daylight,Two-wheeler,Over-speeding,Minor,0,1
PN202203650,2022-12-27,2022,12,Sun,11,11:38,18.518457,73.978121,Manjari Railway Flyover,Arterial,50,Junction,Clear,Daylight,Car,Over-speeding,Minor,0,2
PN202200798,2022-12-27,2022,12,Sun,12,12:43,18.565152,73.913288,Viman Nagar Road,Collector,40,Junction,Clear,Daylight,Auto-rickshaw,Over-speeding,Grievous,0,2
PN202202388,2022-12-27,2022,12,Sun,16,16:11,18.54409,73.880452,Deccan College Road,Arterial,50,Junction,Clear,Daylight,Two-wheeler,Rash/careless driving,Grievous,0,2
PN202200934,2022-12-27,2022,12,Sun,17,17:17,18.442892,73.973615,Saswad Road,Highway,60,Junction,Cloudy,Daylight,Truck/Tempo,Over-speeding,Minor,0,0
PN202200757,2022-12-27,2022,12,Sun,17,17:19,18.609524,73.819853,(unnamed road),Arterial,40,Junction,Cloudy,Daylight,Pedestrian,Drunk driving,Minor,0,0
PN202200981,2022-12-28,2022,12,Mon,3,03:00,18.507,73.78352,(unnamed road),Arterial,50,Junction,Mist/Fog,Dark - unlit,Auto-rickshaw,Over-speeding,Minor,0,2
PN202202603,2022-12-28,2022,12,Mon,19,19:08,18.435692,73.722806,(unnamed road),Collector,40,Mid-block,Clear,Dark - unlit,Pedestrian,Signal jumping,Fatal,1,0
PN202201148,2022-12-28,2022,12,Mon,20,20:33,18.663316,73.788389,Chinchwad - Akurdi Link Road,Arterial,50,Mid-block,Clear,Dark - lit,Two-wheeler,Wrong-side driving,Fatal,1,0
PN202301057,2023-01-01,2023,1,Fri,23,23:57,18.523544,73.985271,Hadapsar - Manjari Road,Arterial,50,Junction,Clear,Dark - lit,Two-wheeler,Over-speeding,Grievous,0,3
PN202300352,2023-01-02,2023,1,Sat,5,05:12,18.563353,73.935277,Nagar Road,Highway,60,Mid-block,Clear,Dark - unlit,Truck/Tempo,Rash/careless driving,Fatal,1,0
PN202302149,2023-01-02,2023,1,Sat,23,23:59,18.405552,73.847307,Katraj - Dehu Road Bypass,Highway,80,Mid-block,Clear,Dark - unlit,Car,Over-speeding,Fatal,1,1
PN202301295,2023-01-03,2023,1,Sun,9,09:03,18.631097,74.039716,NH753F,Highway,60,Mid-block,Clear,Daylight,Truck/Tempo,Over-speeding,Fatal,1,0
PN202303275,2023-01-03,2023,1,Sun,14,14:12,18.57234,73.911609,West Avenue,Collector,40,Mid-block,Clear,Daylight,Two-wheeler,Drunk driving,Grievous,0,3
PN202303046,2023-01-03,2023,1,Sun,21,21:07,18.687575,73.719633,NH48,Highway,100,Mid-block,Clear,Dark - unlit,Two-wheeler,Mobile phone use,Minor,0,1
PN202301069,2023-01-03,2023,1,Sun,21,21:16,18.554236,73.880644,Hari Ganga Avenue,Collector,40,Mid-block,Clear,Dark - unlit,Two-wheeler,Other,Grievous,0,2
PN202300410,2023-01-03,2023,1,Sun,22,22:21,18.460856,73.821925,Katraj - Dehu Road Bypass,Highway,60,Junction,Clear,Dark - unlit,Two-wheeler,Drunk driving,Fatal,2,2
PN202301199,2023-01-04,2023,1,Mon,1,01:03,18.616462,73.786587,(unnamed road),Arterial,50,Junction,Mist/Fog,Dark - unlit,Car,Rash/careless driving,Minor,0,2
PN202303493,2023-01-04,2023,1,Mon,16,16:11,18.457059,73.801547,Sinhagad Road,Arterial,50,Junction,Clear,Daylight,Pedestrian,Wrong-side driving,Grievous,0,2
PN202301566,2023-01-04,2023,1,Mon,17,17:18,18.449809,73.89767,(unnamed road),Local,30,Mid-block,Clear,Daylight,Two-wheeler,Drunk driving,Grievous,0,1
PN202303070,2023-01-05,2023,1,Tue,6,06:36,18.456124,73.93951,(unnamed road),Local,30,Junction,Mist/Fog,Dusk/Dawn,Car,Over-speeding,Grievous,0,1
PN202303486,2023-01-05,2023,1,Tue,15,15:40,18.468154,73.866609,(unnamed road),Local,30,Junction,Clear,Daylight,Pedestrian,Wrong-side driving,Grievous,0,2
PN202300139,2023-01-05,2023,1,Tue,18,18:42,18.606055,73.752687,(unnamed road),Arterial,40,Junction,Cloudy,Dusk/Dawn,Two-wheeler,Over-speeding,Fatal,1,0
PN202303485,2023-01-05,2023,1,Tue,20,20:52,18.624586,73.925359,(unnamed road),Local,30,Mid-block,Clear,Dark - unlit,Two-wheeler,Over-speeding,Grievous,0,3
PN202301968,2023-01-06,2023,1,Wed,23,23:42,18.695909,73.709493,NH48,Highway,100,Mid-block,Clear,Dark - unlit,Two-wheeler,Rash/careless driving,Fatal,1,1
PN202300838,2023-01-07,2023,1,Thu,10,10:15,18.548153,73.936568,Kharadi Bypass,Highway,60,Junction,Clear,Daylight,Car,Over-speeding,Fatal,1,0
PN202302710,2023-01-07,2023,1,Thu,12,12:34,18.600676,73.937494,Pathare Wasti Road,Collector,40,Junction,Clear,Daylight,Bicycle,Over-speeding,Minor,0,0
PN202301685,2023-01-07,2023,1,Thu,15,15:27,18.58045,73.834783,Old Mumbai-Pune Highway New Service Lane,Arterial,60,Mid-block,Clear,Daylight,Pedestrian,Wrong-side driving,Grievous,0,1
PN202302626,2023-01-07,2023,1,Thu,18,18:21,18.475713,73.822797,Sinhagad Road Flyover,Arterial,50,Mid-block,Clear,Dusk/Dawn,Bus,Rash/careless driving,Fatal,1,2
PN202301993,2023-01-07,2023,1,Thu,22,22:13,18.594272,73.729318,Hinjawadi Phase 2 Road,Arterial,50,Mid-block,Clear,Dark - lit,Car,Rash/careless driving,Grievous,0,1
PN202303539,2023-01-08,2023,1,Fri,15,15:47,18.63175,73.796818,Mother Teresa Flyover Ramp,Arterial,40,Mid-block,Clear,Daylight,Car,Brake failure/vehicle defect,Grievous,0,3
PN202300182,2023-01-08,2023,1,Fri,19,19:03,18.501961,73.792105,Katraj - Dehu Road Bypass,Highway,80,Bridge/Slope,Clear,Dark - unlit,Truck/Tempo,Over-speeding,Fatal,1,2
PN202300248,2023-01-09,2023,1,Sat,9,09:55,18.56515,73.913217,Viman Nagar Road,Collector,40,Junction,Clear,Daylight,Car,Over-speeding,Grievous,0,1
PN202300562,2023-01-09,2023,1,Sat,13,13:22,18.429881,73.841179,Katraj - Dehu Road Bypass,Highway,80,Bridge/Slope,Cloudy,Daylight,Bus,Brake failure/vehicle defect,Grievous,0,3
PN202302099,2023-01-09,2023,1,Sat,20,20:18,18.591047,73.741799,Hinjawadi - Wakad Road,Arterial,50,Junction,Clear,Dark - lit,Two-wheeler,Over-speeding,Grievous,0,2
PN202302462,2023-01-09,2023,1,Sat,20,20:33,18.575185,73.721936,Pathak Rd,Local,30,Junction,Clear,Dark - lit,Two-wheeler,Over-speeding,Grievous,0,2
PN202300993,2023-01-09,2023,1,Sat,22,22:52,18.453312,73.828457,Katraj - Dehu Road Bypass,Highway,85,Junction,Clear,Dark - unlit,Two-wheeler,Over-speeding,Fatal,1,2
PN202300080,2023-01-10,2023,1,Sun,0,00:44,18.430667,73.840657,Ambegaon Viaduct,Highway,75,Bridge/Slope,Clear,Dark - unlit,Pedestrian,Over-speeding,Fatal,1,2
PN202300999,2023-01-10,2023,1,Sun,10,10:38,18.502203,73.79221,Katraj - Dehu Road Bypass,Highway,80,Junction,Clear,Daylight,Car,Rash/careless driving,Grievous,0,1
PN202302488,2023-01-10,2023,1,Sun,19,19:41,18.592405,73.999073,Nagar Road,Highway,60,Mid-block,Clear,Dark - unlit,Two-wheeler,Pothole/road condition,Fatal,1,1
PN202300453,2023-01-10,2023,1,Sun,21,21:01,18.453491,73.82831,Katraj - Dehu Road Bypass,Highway,85,Bridge/Slope,Clear,Dark - unlit,Two-wheeler,Over-speeding,Fatal,1,2
PN202300190,2023-01-11,2023,1,Mon,9,09:29,18.604854,73.752729,Highway bypass,Arterial,20,Junction,Clear,Daylight,Two-wheeler,Pothole/road condition,Grievous,0,2
PN202303839,2023-01-11,2023,1,Mon,9,09:36,18.527191,73.871192,Sassoon Marg,Arterial,50,Mid-block,Clear,Daylight,Pedestrian,Over-speeding,Grievous,0,1
PN202300806,2023-01-11,2023,1,Mon,16,16:30,18.485849,73.952965,Saswad Road,Highway,60,Junction,Cloudy,Daylight,Auto-rickshaw,Over-speeding,Fatal,1,0
PN202301447,2023-01-11,2023,1,Mon,16,16:41,18.611029,73.768682,Aundh Ravet Road,Arterial,50,Junction,Clear,Daylight,Car,Over-speeding,Minor,0,1
PN202300995,2023-01-12,2023,1,Tue,1,01:11,18.430542,73.840818,Ambegaon Viaduct,Highway,75,Bridge/Slope,Clear,Dark - unlit,Bus,Wrong-side driving,Fatal,1,1
PN202302950,2023-01-12,2023,1,Tue,16,16:28,18.676533,73.754005,Old Pune–Mumbai Highway,Highway,60,Mid-block,Clear,Daylight,Two-wheeler,Over-speeding,Grievous,0,1
PN202301607,2023-01-12,2023,1,Tue,18,18:11,18.475134,73.82245,Sinhagad Road,Arterial,50,Mid-block,Clear,Dusk/Dawn,Auto-rickshaw,Rash/careless driving,Grievous,0,1
PN202302521,2023-01-13,2023,1,Wed,2,02:19,18.51031,73.906218,(unnamed road),Collector,40,Mid-block,Mist/Fog,Dark - lit,Two-wheeler,Rash/careless driving,Grievous,0,3
PN202301744,2023-01-13,2023,1,Wed,6,06:09,18.577958,73.971233,Nagar Road,Highway,60,Mid-block,Clear,Dusk/Dawn,Bicycle,Over-speeding,Minor,0,1
PN202301518,2023-01-13,2023,1,Wed,9,09:05,18.499153,73.858124,Swargate PMPML Bus Stop Road,Highway,40,Mid-block,Clear,Daylight,Car,Over-speeding,Fatal,2,1
PN202303478,2023-01-14,2023,1,Thu,12,12:06,18.513442,73.850111,R. B. Kumthekar Marg,Collector,40,Junction,Clear,Daylight,Two-wheeler,Over-speeding,Minor,0,2
PN202300775,2023-01-14,2023,1,Thu,19,19:36,18.606173,73.753543,(unnamed road),Arterial,40,Junction,Clear,Dark - lit,Two-wheeler,Rash/careless driving,Fatal,1,2
PN202303235,2023-01-14,2023,1,Thu,20,20:04,18.465967,73.959793,NH548DD,Highway,60,Junction,Clear,Dark - unlit,Truck/Tempo,Over-speeding,Fatal,1,1
PN202301091,2023-01-15,2023,1,Fri,11,11:28,18.532743,73.877876,Bund Garden Road,Highway,60,Mid-block,Clear,Daylight,Pedestrian,Over-speeding,Fatal,1,0
PN202300975,2023-01-15,2023,1,Fri,15,15:05,18.454178,73.827922,Katraj - Dehu Road Bypass,Highway,85,Junction,Clear,Daylight,Truck/Tempo,Over-speeding,Fatal,1,2
PN202303812,2023-01-15,2023,1,Fri,17,17:21,18.543458,73.900555,South Avenue,Arterial,50,Junction,Clear,Daylight,Two-wheeler,Other,Minor,0,0
PN202303785,2023-01-15,2023,1,Fri,19,19:47,18.59828,73.963618,(unnamed road),Collector,40,Mid-block,Clear,Dark - lit,Two-wheeler,Over-speeding,Fatal,2,0
PN202302052,2023-01-15,2023,1,Fri,20,20:08,18.5022,73.927848,Solapur Road,Highway,60,Mid-block,Clear,Dark - unlit,Two-wheeler,Over-speeding,Fatal,1,2
PN202303053,2023-01-16,2023,1,Sat,14,14:40,18.489139,74.021754,Solapur Road,Highway,60,Junction,Rain,Daylight,Truck/Tempo,Rash/careless driving,Grievous,0,3
PN202303734,2023-01-16,2023,1,Sat,16,16:59,18.50289,73.91657,(unnamed road),Local,30,Junction,Clear,Daylight,Car,Over-speeding,Grievous,0,3
PN202303049,2023-01-16,2023,1,Sat,18,18:07,18.572465,74.003579,(unnamed road),Local,30,Junction,Clear,Dusk/Dawn,Two-wheeler,Mobile phone use,Minor,0,2
PN202302836,2023-01-16,2023,1,Sat,19,19:19,18.457971,73.890481,(unnamed road),Local,30,Junction,Clear,Dark - unlit,Two-wheeler,Over-speeding,Grievous,0,1
PN202300020,2023-01-17,2023,1,Sun,2,02:04,18.489965,74.015307,(unnamed road),Collector,40,Junction,Mist/Fog,Dark - lit,Pedestrian,Brake failure/vehicle defect,Fatal,2,1
PN202303591,2023-01-17,2023,1,Sun,17,17:07,18.506429,73.904316,Pune-Solapur Road,Highway,60,Junction,Clear,Daylight,Two-wheeler,Over-speeding,Grievous,0,1
PN202300939,2023-01-17,2023,1,Sun,19,19:45,18.485083,73.798834,Katraj - Dehu Road Bypass,Highway,80,Junction,Clear,Dark - unlit,Pedestrian,Signal jumping,Fatal,1,1
PN202300497,2023-01-18,2023,1,Mon,15,15:18,18.459706,73.823655,Navale Flyover,Highway,80,Bridge/Slope,Clear,Daylight,Truck/Tempo,Brake failure/vehicle defect,Fatal,1,2
PN202300409,2023-01-18,2023,1,Mon,22,22:33,18.44553,73.835694,Katraj - Dehu Road Bypass,Highway,85,Bridge/Slope,Clear,Dark - unlit,Truck/Tempo,Over-speeding,Fatal,1,2
PN202300051,2023-01-19,2023,1,Tue,8,08:28,18.444007,73.836789,Katraj - Dehu Road Bypass,Highway,85,Bridge/Slope,Mist/Fog,Daylight,Truck/Tempo,Over-speeding,Grievous,0,3
PN202301617,2023-01-19,2023,1,Tue,11,11:39,18.445251,73.859268,NH60,Highway,50,Mid-block,Cloudy,Daylight,Two-wheeler,Signal jumping,Minor,0,1
PN202302960,2023-01-19,2023,1,Tue,19,19:01,18.562198,73.834546,Breman Chowk - Khadki Bazar Road,Arterial,50,Junction,Cloudy,Dark - lit,Pedestrian,Rash/careless driving,Fatal,1,1
PN202302280,2023-01-20,2023,1,Wed,4,04:04,18.617178,73.753382,(unnamed road),Local,30,Junction,Clear,Dark - lit,Pedestrian,Rash/careless driving,Fatal,1,2
PN202303789,2023-01-20,2023,1,Wed,7,07:50,18.523998,73.881818,Maneckji Mehta Road,Arterial,50,Junction,Mist/Fog,Daylight,Car,Over-speeding,Fatal,1,0
PN202300930,2023-01-20,2023,1,Wed,14,14:15,18.459464,73.824396,Katraj - Dehu Road Bypass,Highway,60,Junction,Clear,Daylight,Two-wheeler,Over-speeding,Fatal,1,2
PN202303167,2023-01-20,2023,1,Wed,18,18:31,18.582344,73.797518,Aundh Ravet Road,Arterial,50,Junction,Clear,Dusk/Dawn,Two-wheeler,Other,Minor,0,0
PN202300357,2023-01-20,2023,1,Wed,22,22:25,18.501616,73.937319,(unnamed road),Collector,40,Junction,Clear,Dark - lit,Two-wheeler,Over-speeding,Minor,0,1
PN202301339,2023-01-21,2023,1,Thu,10,10:05,18.497334,73.869376,Jawaharlal Nehru Marg,Arterial,50,Mid-block,Clear,Daylight,Two-wheeler,Rash/careless driving,Grievous,0,1
PN202301430,2023-01-21,2023,1,Thu,20,20:09,18.454686,73.931303,NH548DD,Highway,60,Mid-block,Clear,Dark - unlit,Truck/Tempo,Rash/careless driving,Fatal,1,0
PN202301492,2023-01-22,2023,1,Fri,19,19:10,18.496491,73.857834,(unnamed road),Highway,60,Junction,Clear,Dark - unlit,Truck/Tempo,Over-speeding,Grievous,0,1
PN202302196,2023-01-22,2023,1,Fri,19,19:29,18.454709,73.827499,Katraj - Dehu Road Bypass,Highway,85,Junction,Clear,Dark - unlit,Two-wheeler,Drunk driving,Fatal,1,1
PN202301014,2023-01-22,2023,1,Fri,19,19:55,18.550218,73.938633,Kharadi South Main Road,Arterial,50,Junction,Clear,Dark - lit,Two-wheeler,Rash/careless driving,Minor,0,2
PN202302351,2023-01-23,2023,1,Sat,10,10:06,18.578276,73.801518,Aundh Ravet Road,Arterial,50,Mid-block,Clear,Daylight,Car,Over-speeding,Fatal,1,0
PN202300829,2023-01-23,2023,1,Sat,11,11:11,18.485864,73.954003,Fursungi Bhekrai Road,Collector,40,Junction,Clear,Daylight,Pedestrian,Rash/careless driving,Minor,0,1
PN202300123,2023-01-24,2023,1,Sun,14,14:07,18.459545,73.824266,Katraj - Dehu Road Bypass,Highway,60,Junction,Clear,Daylight,Truck/Tempo,Wrong-side driving,Minor,0,0
PN202301046,2023-01-24,2023,1,Sun,19,19:24,18.452033,73.845721,Katraj - Dehu Road Bypass,Highway,60,Mid-block,Clear,Dark - unlit,Auto-rickshaw,Over-speeding,Fatal,1,0
PN202301347,2023-01-25,2023,1,Mon,12,12:32,18.678651,73.997481,(unnamed road),Local,30,Junction,Cloudy,Daylight,Two-wheeler,Over-speeding,Minor,0,1
PN202303867,2023-01-25,2023,1,Mon,14,14:43,18.526532,73.852592,Shivaji Road,Highway,60,Mid-block,Clear,Daylight,Car,Over-speeding,Grievous,0,1
PN202303185,2023-01-25,2023,1,Mon,16,16:54,18.630045,73.777077,(unnamed road),Local,30,Mid-block,Clear,Daylight,Two-wheeler,Rash/careless driving,Minor,0,2
PN202301418,2023-01-25,2023,1,Mon,18,18:49,18.520441,73.862966,(unnamed road),Local,20,Junction,Clear,Dusk/Dawn,Two-wheeler,Other,Grievous,0,3
PN202302572,2023-01-26,2023,1,Tue,7,07:01,18.649334,73.830382,(unnamed road),Arterial,50,Mid-block,Clear,Daylight,Bus,Wrong-side driving,Grievous,0,2
PN202300834,2023-01-26,2023,1,Tue,21,21:04,18.453309,73.82846,Katraj - Dehu Road Bypass,Highway,85,Junction,Clear,Dark - unlit,Two-wheeler,Brake failure/vehicle defect,Fatal,1,0
PN202303229,2023-01-26,2023,1,Tue,22,22:39,18.645656,73.836436,MIDC Road,Arterial,50,Junction,Clear,Dark - lit,Two-wheeler,Rash/careless driving,Grievous,0,1
PN202301084,2023-01-26,2023,1,Tue,23,23:11,18.66112,73.881339,(unnamed road),Local,30,Mid-block,Clear,Dark - lit,Pedestrian,Over-speeding,Minor,0,0
PN202300142,2023-01-27,2023,1,Wed,6,06:11,18.56164,73.931235,(unnamed road),Collector,40,Junction,Cloudy,Dusk/Dawn,Car,Drunk driving,Minor,0,2
PN202301885,2023-01-27,2023,1,Wed,13,13:31,18.677953,73.871574,Dehu - Alandi Road,Arterial,50,Junction,Clear,Daylight,Pedestrian,Drunk driving,Minor,0,1
PN202302181,2023-01-27,2023,1,Wed,22,22:28,18.592285,73.830685,Old Pune–Mumbai Highway,Highway,60,Mid-block,Clear,Dark - unlit,Truck/Tempo,Over-speeding,Fatal,1,0
PN202303227,2023-01-28,2023,1,Thu,13,13:28,18.561507,73.92002,Nagar Road,Highway,60,Mid-block,Clear,Daylight,Two-wheeler,Over-speeding,Fatal,2,2
PN202300445,2023-01-28,2023,1,Thu,16,16:06,18.491421,74.000093,548DD,Collector,40,Mid-block,Clear,Daylight,Two-wheeler,Rash/careless driving,Minor,0,2
PN202301568,2023-01-28,2023,1,Thu,18,18:30,18.592902,73.785531,Jagtap Dairy-Wakad Road,Arterial,50,Mid-block,Clear,Dusk/Dawn,Two-wheeler,Over-speeding,Fatal,1,1
PN202303424,2023-01-28,2023,1,Thu,18,18:48,18.522579,73.978477,(unnamed road),Local,30,Mid-block,Clear,Dusk/Dawn,Pedestrian,Over-speeding,Grievous,0,1
PN202301071,2023-02-01,2023,2,Mon,11,11:35,18.524434,73.854001,(unnamed road),Collector,40,Mid-block,Clear,Daylight,Auto-rickshaw,Over-speeding,Grievous,0,1
PN202302786,2023-02-01,2023,2,Mon,16,16:29,18.669806,73.984568,SH58,Arterial,50,Junction,Clear,Daylight,Bus,Over-speeding,Grievous,0,3
PN202301987,2023-02-01,2023,2,Mon,19,19:01,18.632905,73.741358,Katraj - Dehu Road Bypass,Highway,80,Mid-block,Clear,Dark - unlit,Two-wheeler,Over-speeding,Grievous,0,2
PN202300889,2023-02-01,2023,2,Mon,20,20:46,18.54951,73.936722,Kharadi Bypass,Highway,60,Junction,Cloudy,Dark - unlit,Car,Drunk driving,Grievous,0,2
PN202301460,2023-02-01,2023,2,Mon,22,22:18,18.501424,73.932233,Solapur Road,Arterial,50,Junction,Cloudy,Dark - lit,Car,Rash/careless driving,Grievous,0,2
PN202301248,2023-02-02,2023,2,Tue,10,10:13,18.50209,73.812014,Balbhim Mokate Path,Arterial,50,Junction,Clear,Daylight,Two-wheeler,Over-speeding,Fatal,1,0
PN202300158,2023-02-03,2023,2,Wed,6,06:08,18.506362,73.917775,(unnamed road),Collector,40,Junction,Clear,Dusk/Dawn,Car,Mobile phone use,Grievous,0,3
PN202300126,2023-02-03,2023,2,Wed,23,23:42,18.459474,73.824379,Katraj - Dehu Road Bypass,Highway,60,Junction,Cloudy,Dark - unlit,Two-wheeler,Over-speeding,Grievous,0,3
PN202301847,2023-02-04,2023,2,Thu,12,12:40,18.604227,73.824733,Old Pune–Mumbai Highway,Highway,60,Mid-block,Clear,Daylight,Truck/Tempo,Other,Grievous,0,3
PN202300654,2023-02-04,2023,2,Thu,23,23:39,18.563124,73.932286,Nagar Road,Highway,60,Junction,Clear,Dark - unlit,Two-wheeler,Other,Grievous,0,2
PN202303838,2023-02-05,2023,2,Fri,9,09:09,18.68991,73.892482,(unnamed road),Local,30,Mid-block,Clear,Daylight,Two-wheeler,Over-speeding,Minor,0,0
PN202303542,2023-02-05,2023,2,Fri,15,15:39,18.677224,73.806066,(unnamed road),Local,30,Junction,Clear,Daylight,Two-wheeler,Brake failure/vehicle defect,Minor,0,1
PN202301279,2023-02-05,2023,2,Fri,18,18:59,18.509446,73.959928,Hadapsar - Manjari Road,Arterial,50,Mid-block,Clear,Dusk/Dawn,Bus,Brake failure/vehicle defect,Grievous,0,2
PN202303407,2023-02-05,2023,2,Fri,19,19:57,18.520722,73.829348,Senapati Bapat Marg,Arterial,50,Mid-block,Clear,Dark - lit,Car,Wrong-side driving,Grievous,0,3
PN202301384,2023-02-06,2023,2,Sat,3,03:48,18.691755,73.846279,Pune Nashik Road,Highway,60,Mid-block,Clear,Dark - unlit,Pedestrian,Drunk driving,Fatal,1,2
PN202301066,2023-02-06,2023,2,Sat,23,23:15,18.450141,73.914271,NH548DD,Highway,60,Junction,Clear,Dark - unlit,Car,Over-speeding,Minor,0,2
PN202303232,2023-02-07,2023,2,Sun,17,17:26,18.601765,73.826075,(unnamed road),Arterial,40,Mid-block,Clear,Daylight,Car,Over-speeding,Minor,0,1
PN202302636,2023-02-07,2023,2,Sun,19,19:08,18.496372,73.871953,Shankar Rao Lohane Marg,Collector,40,Junction,Clear,Dark - lit,Bicycle,Over-speeding,Grievous,0,2
PN202303610,2023-02-07,2023,2,Sun,20,20:17,18.575103,73.769445,Balewadi Road,Arterial,50,Junction,Clear,Dark - lit,Two-wheeler,Over-speeding,Fatal,1,1
PN202301995,2023-02-08,2023,2,Mon,10,10:25,18.584322,73.991384,Nagar Road,Highway,60,Junction,Clear,Daylight,Two-wheeler,Over-speeding,Fatal,1,2
PN202302054,2023-02-08,2023,2,Mon,16,16:22,18.419443,73.878327,Gujar Wadi Road,Collector,40,Mid-block,Clear,Daylight,Two-wheeler,Rash/careless driving,Minor,0,2
PN202303907,2023-02-08,2023,2,Mon,22,22:52,18.60069,73.974641,(unnamed road),Collector,40,Mid-block,Clear,Dark - lit,Two-wheeler,Over-speeding,Grievous,0,2
PN202302684,2023-02-08,2023,2,Mon,22,22:56,18.552836,73.888537,Loop Road,Arterial,50,Mid-block,Clear,Dark - lit,Two-wheeler,Drunk driving,Fatal,1,2
PN202302925,2023-02-09,2023,2,Tue,12,12:34,18.675657,73.789371,(unnamed road),Local,30,Mid-block,Clear,Daylight,Car,Wrong-side driving,Minor,0,1
PN202303219,2023-02-09,2023,2,Tue,18,18:58,18.46957,73.874266,(unnamed road),Local,30,Mid-block,Clear,Dusk/Dawn,Pedestrian,Over-speeding,Minor,0,1
PN202301848,2023-02-10,2023,2,Wed,2,02:44,18.630469,73.850625,Pune Nashik Road,Highway,60,Junction,Clear,Dark - unlit,Two-wheeler,Over-speeding,Fatal,2,2
PN202303048,2023-02-10,2023,2,Wed,10,10:36,18.684071,73.72141,Katraj - Dehu Road Bypass,Highway,80,Mid-block,Clear,Daylight,Car,Over-speeding,Minor,0,1
PN202302535,2023-02-10,2023,2,Wed,21,21:07,18.41604,73.847435,Katraj - Dehu Road Bypass,Highway,80,Mid-block,Clear,Dark - unlit,Car,Pothole/road condition,Minor,0,2
PN202303124,2023-02-11,2023,2,Thu,6,06:03,18.545076,73.884747,Nagar Road,Highway,60,Junction,Clear,Dusk/Dawn,Car,Rash/careless driving,Grievous,0,2
PN202303172,2023-02-11,2023,2,Thu,11,11:41,18.539377,73.897878,North Main Road,Arterial,40,Mid-block,Clear,Daylight,Two-wheeler,Over-speeding,Minor,0,1
PN202301976,2023-02-11,2023,2,Thu,22,22:42,18.668948,73.994802,SH58,Arterial,50,Junction,Clear,Dark - lit,Two-wheeler,Over-speeding,Grievous,0,1
PN202301134,2023-02-12,2023,2,Fri,6,06:52,18.649289,73.769986,Akurdi Railway Station Road,Arterial,50,Junction,Clear,Dusk/Dawn,Two-wheeler,Over-speeding,Fatal,1,1
PN202302850,2023-02-12,2023,2,Fri,12,12:11,18.591768,73.78566,Jagtap Dairy Flyover,Arterial,40,Mid-block,Clear,Daylight,Truck/Tempo,Other,Grievous,0,1
PN202302576,2023-02-12,2023,2,Fri,15,15:00,18.553444,73.928642,Old Mundhwa Road,Collector,40,Junction,Clear,Daylight,Bus,Mobile phone use,Grievous,0,2
PN202301550,2023-02-12,2023,2,Fri,19,19:40,18.572663,73.879093,Vishrantwadi - Airport Road,Arterial,50,Junction,Cloudy,Dark - lit,Two-wheeler,Drunk driving,Fatal,1,1
PN202303709,2023-02-12,2023,2,Fri,20,20:32,18.456104,73.929184,(unnamed road),Local,30,Junction,Clear,Dark - lit,Pedestrian,Rash/careless driving,Minor,0,0
PN202303421,2023-02-13,2023,2,Sat,4,04:37,18.534725,73.829483,Gokhale Nagar Road,Collector,40,Mid-block,Clear,Dark - lit,Two-wheeler,Brake failure/vehicle defect,Fatal,1,2
PN202300118,2023-02-13,2023,2,Sat,6,06:08,18.551162,73.937078,Kharadi Bypass,Highway,60,Junction,Clear,Dusk/Dawn,Car,Drunk driving,Grievous,0,3
PN202303644,2023-02-13,2023,2,Sat,8,08:37,18.657456,73.731575,Gramdaivat Shree Bapdev Maharaj Flyover,Highway,80,Mid-block,Clear,Daylight,Car,Over-speeding,Minor,0,0
PN202301898,2023-02-13,2023,2,Sat,9,09:59,18.612982,73.803167,(unnamed road),Local,30,Mid-block,Clear,Daylight,Truck/Tempo,Mobile phone use,Grievous,0,1
PN202303029,2023-02-13,2023,2,Sat,15,15:57,18.659672,73.744506,(unnamed road),Local,30,Junction,Clear,Daylight,Two-wheeler,Over-speeding,Minor,0,0
PN202303821,2023-02-13,2023,2,Sat,17,17:23,18.58077,73.979427,Nagar Road,Highway,60,Junction,Clear,Daylight,Bicycle,Over-speeding,Minor,0,2
PN202303656,2023-02-13,2023,2,Sat,19,19:07,18.686968,73.720396,Katraj - Dehu Road Bypass,Highway,60,Junction,Clear,Dark - unlit,Two-wheeler,Over-speeding,Fatal,1,2
PN202300346,2023-02-14,2023,2,Sun,1,01:29,18.460213,73.823453,Katraj - Dehu Road Bypass,Highway,60,Junction,Cloudy,Dark - unlit,Truck/Tempo,Brake failure/vehicle defect,Fatal,1,2
PN202301517,2023-02-14,2023,2,Sun,1,01:47,18.541094,73.883832,Bund Garden Road,Highway,60,Mid-block,Clear,Dark - unlit,Truck/Tempo,Over-speeding,Minor,0,0
PN202303220,2023-02-14,2023,2,Sun,5,05:29,18.624582,73.930261,(unnamed road),Local,30,Junction,Clear,Dark - lit,Bicycle,Pothole/road condition,Grievous,0,1
PN202303556,2023-02-14,2023,2,Sun,10,10:29,18.572568,73.987254,Manjari - Wagholi Road,Arterial,50,Junction,Clear,Daylight,Bus,Over-speeding,Grievous,0,3
PN202300682,2023-02-14,2023,2,Sun,12,12:52,18.459509,73.824325,Katraj - Dehu Road Bypass,Highway,60,Junction,Clear,Daylight,Truck/Tempo,Over-speeding,Fatal,1,2
PN202303059,2023-02-15,2023,2,Mon,11,11:51,18.504871,73.786644,Paud Road,Arterial,27,Junction,Clear,Daylight,Auto-rickshaw,Over-speeding,Grievous,0,1
PN202303878,2023-02-15,2023,2,Mon,15,15:58,18.553972,73.880454,Hari Ganga Avenue,Collector,40,Mid-block,Clear,Daylight,Two-wheeler,Rash/careless driving,Grievous,0,2
PN202303882,2023-02-15,2023,2,Mon,21,21:54,18.556768,73.890798,National Games Marg,Arterial,50,Mid-block,Clear,Dark - lit,Two-wheeler,Rash/careless driving,Grievous,0,1
PN202302547,2023-02-16,2023,2,Tue,21,21:33,18.626012,74.032513,NH753F,Highway,60,Mid-block,Cloudy,Dark - unlit,Truck/Tempo,Rash/careless driving,Grievous,0,2
PN202303082,2023-02-17,2023,2,Wed,12,12:32,18.502837,73.927397,Kharadi Bypass,Highway,60,Junction,Clear,Daylight,Two-wheeler,Wrong-side driving,Fatal,1,0
PN202302811,2023-02-17,2023,2,Wed,17,17:00,18.634515,73.768997,(unnamed road),Local,30,Mid-block,Clear,Daylight,Pedestrian,Over-speeding,Grievous,0,1
PN202302421,2023-02-18,2023,2,Thu,6,06:59,18.607241,73.910928,Porwal Road,Collector,40,Junction,Clear,Dusk/Dawn,Two-wheeler,Other,Fatal,1,0
PN202300451,2023-02-18,2023,2,Thu,17,17:51,18.492445,73.999162,(unnamed road),Collector,40,Mid-block,Clear,Daylight,Pedestrian,Over-speeding,Fatal,1,0
PN202300124,2023-02-18,2023,2,Thu,19,19:00,18.495762,73.944528,Saswad Road,Highway,60,Junction,Clear,Dark - unlit,Two-wheeler,Wrong-side driving,Grievous,0,1
PN202301003,2023-02-18,2023,2,Thu,23,23:35,18.506766,73.786358,Paud Road,Arterial,27,Junction,Clear,Dark - unlit,Two-wheeler,Rash/careless driving,Minor,0,1
PN202301645,2023-02-19,2023,2,Fri,10,10:01,18.478077,73.956412,Saswad Road,Highway,60,Mid-block,Clear,Daylight,Two-wheeler,Over-speeding,Fatal,1,1
PN202300526,2023-02-19,2023,2,Fri,11,11:38,18.459957,73.823191,Katraj - Dehu Road Bypass,Highway,60,Junction,Clear,Daylight,Two-wheeler,Rash/careless driving,Minor,0,2
PN202300375,2023-02-21,2023,2,Sun,7,07:30,18.563055,73.931623,Nagar Road,Highway,60,Junction,Clear,Daylight,Truck/Tempo,Over-speeding,Fatal,1,1
PN202303453,2023-02-21,2023,2,Sun,8,08:30,18.604049,73.750609,Hinjawadi - Chinchwad Road,Arterial,50,Junction,Rain,Daylight,Two-wheeler,Rash/careless driving,Grievous,0,3
PN202300865,2023-02-22,2023,2,Mon,1,01:37,18.609952,73.819927,(unnamed road),Arterial,40,Junction,Clear,Dark - unlit,Pedestrian,Over-speeding,Fatal,1,2
PN202302395,2023-02-22,2023,2,Mon,13,13:42,18.497732,73.937267,(unnamed road),Local,30,Mid-block,Clear,Daylight,Two-wheeler,Wrong-side driving,Fatal,1,1
PN202302718,2023-02-22,2023,2,Mon,19,19:26,18.496053,73.925179,KP Yallapa Pawar Marg,Collector,40,Junction,Clear,Dark - lit,Two-wheeler,Other,Minor,0,2
PN202303810,2023-02-22,2023,2,Mon,19,19:59,18.532211,73.828768,(unnamed road),Collector,40,Mid-block,Clear,Dark - lit,Auto-rickshaw,Rash/careless driving,Fatal,1,1
PN202301745,2023-02-22,2023,2,Mon,21,21:31,18.498218,73.716634,Paud Road,Arterial,50,Mid-block,Clear,Dark - lit,Car,Mobile phone use,Minor,0,2
PN202300810,2023-02-23,2023,2,Tue,7,07:06,18.428816,73.84181,Katraj - Dehu Road Bypass,Highway,80,Bridge/Slope,Clear,Daylight,Two-wheeler,Signal jumping,Fatal,1,0
PN202301529,2023-02-23,2023,2,Tue,12,12:21,18.511375,73.967773,(unnamed road),Local,30,Mid-block,Cloudy,Daylight,Car,Rash/careless driving,Grievous,0,2
PN202303402,2023-02-23,2023,2,Tue,14,14:24,18.529544,73.903994,Shreenath Mhaskoba Flyover,Arterial,50,Mid-block,Rain,Daylight,Car,Over-speeding,Minor,0,1
PN202300387,2023-02-23,2023,2,Tue,16,16:16,18.565106,73.911452,Viman Nagar Road,Collector,40,Junction,Clear,Daylight,Two-wheeler,Over-speeding,Grievous,0,2
PN202302409,2023-02-23,2023,2,Tue,17,17:07,18.454313,73.858494,Satara Road,Highway,60,Junction,Clear,Daylight,Two-wheeler,Over-speeding,Fatal,1,0
PN202303846,2023-02-24,2023,2,Wed,20,20:21,18.533018,73.919027,Mundhwa Road,Arterial,40,Junction,Clear,Dark - lit,Pedestrian,Rash/careless driving,Fatal,1,0
PN202300226,2023-02-25,2023,2,Thu,12,12:09,18.60368,73.75245,exit to bhumkar wasti,Arterial,20,Junction,Clear,Daylight,Two-wheeler,Signal jumping,Minor,0,2
PN202300501,2023-02-25,2023,2,Thu,18,18:33,18.507707,73.787441,Paud Road,Arterial,40,Junction,Clear,Dusk/Dawn,Bicycle,Over-speeding,Fatal,1,2
PN202301163,2023-02-25,2023,2,Thu,20,20:12,18.604547,73.776055,Maharastra Bhushan DR Shree Nanasahesb Dharmadhikari Flyover,Arterial,40,Mid-block,Cloudy,Dark - lit,Two-wheeler,Wrong-side driving,Grievous,0,1
PN202301387,2023-02-26,2023,2,Fri,10,10:58,18.575468,73.816569,Sangvi Phata-Old Sangvi Road,Arterial,50,Mid-block,Clear,Daylight,Two-wheeler,Rash/careless driving,Grievous,0,1
PN202301382,2023-02-26,2023,2,Fri,13,13:21,18.553463,73.936161,Kharadi Road,Collector,40,Junction,Clear,Daylight,Bus,Over-speeding,Grievous,0,1
PN202300048,2023-02-26,2023,2,Fri,16,16:04,18.507111,73.786389,(unnamed road),Arterial,50,Junction,Clear,Daylight,Auto-rickshaw,Pothole/road condition,Grievous,0,2
PN202302011,2023-02-26,2023,2,Fri,20,20:57,18.46068,73.801813,(unnamed road),Local,30,Junction,Clear,Dark - lit,Auto-rickshaw,Pothole/road condition,Grievous,0,3
PN202302642,2023-02-26,2023,2,Fri,22,22:33,18.558418,73.803177,(unnamed road),Local,30,Mid-block,Clear,Dark - unlit,Car,Drunk driving,Grievous,0,3
PN202303030,2023-02-26,2023,2,Fri,22,22:53,18.641985,73.792413,Chatrapati Shivaji Maharaj Chowk Underpass,Highway,80,Mid-block,Clear,Dark - unlit,Auto-rickshaw,Over-speeding,Fatal,1,2
PN202302907,2023-02-27,2023,2,Sat,2,02:41,18.475662,73.897614,NIBM Road,Arterial,50,Mid-block,Clear,Dark - unlit,Auto-rickshaw,Over-speeding,Minor,0,2
PN202300042,2023-02-28,2023,2,Sun,13,13:38,18.557522,73.945001,(unnamed road),Collector,40,Junction,Clear,Daylight,Bus,Over-speeding,Fatal,1,1
PN202303825,2023-02-28,2023,2,Sun,17,17:42,18.635651,73.841348,(unnamed road),Local,30,Mid-block,Clear,Daylight,Pedestrian,Over-speeding,Minor,0,2
PN202300960,2023-02-28,2023,2,Sun,18,18:56,18.430475,73.840903,Ambegaon Viaduct,Highway,75,Bridge/Slope,Cloudy,Dusk/Dawn,Two-wheeler,Pothole/road condition,Grievous,0,2
PN202303394,2023-03-01,2023,3,Thu,1,01:27,18.623059,73.83348,(unnamed road),Collector,40,Mid-block,Clear,Dark - lit,Car,Over-speeding,Minor,0,2
PN202300910,2023-03-01,2023,3,Thu,2,02:27,18.453037,73.858276,Satara Road,Highway,60,Junction,Clear,Dark - unlit,Car,Signal jumping,Minor,0,0
PN202303768,2023-03-02,2023,3,Fri,0,00:58,18.676063,73.898922,SH58,Arterial,50,Junction,Clear,Dark - unlit,Two-wheeler,Over-speeding,Fatal,1,0
PN202302778,2023-03-02,2023,3,Fri,1,01:42,18.457915,73.946737,NH548DD,Highway,60,Mid-block,Cloudy,Dark - unlit,Two-wheeler,Over-speeding,Fatal,1,2
PN202300707,2023-03-02,2023,3,Fri,5,05:50,18.459311,73.824645,Katraj - Dehu Road Bypass,Highway,60,Junction,Clear,Dark - unlit,Truck/Tempo,Over-speeding,Fatal,1,2
PN202302949,2023-03-02,2023,3,Fri,7,07:47,18.491549,73.8217,Gaothan Road,Collector,40,Junction,Clear,Daylight,Bicycle,Rash/careless driving,Minor,0,2
PN202302994,2023-03-03,2023,3,Sat,19,19:18,18.629124,73.830886,Nehrunagar Road,Collector,40,Mid-block,Clear,Dark - lit,Truck/Tempo,Over-speeding,Grievous,0,2
PN202303209,2023-03-04,2023,3,Sun,7,07:18,18.497273,73.854228,Netaji Palkar Chowk,Arterial,50,Junction,Clear,Daylight,Two-wheeler,Mobile phone use,Grievous,0,2
PN202301293,2023-03-04,2023,3,Sun,11,11:43,18.630661,73.777288,Chapekar Chowk Flyover,Arterial,50,Mid-block,Rain,Daylight,Truck/Tempo,Pothole/road condition,Grievous,0,3
PN202301225,2023-03-05,2023,3,Mon,13,13:11,18.693203,73.682621,Mumbai - Pune Expressway,Highway,100,Mid-block,Clear,Daylight,Car,Over-speeding,Grievous,0,1
PN202301978,2023-03-05,2023,3,Mon,16,16:19,18.504035,73.847322,Madhavrao Peshve Marg,Collector,40,Junction,Cloudy,Daylight,Auto-rickshaw,Over-speeding,Minor,0,1
PN202300440,2023-03-06,2023,3,Tue,11,11:11,18.484855,73.798674,2nd Service Road,Collector,40,Junction,Clear,Daylight,Two-wheeler,Rash/careless driving,Fatal,1,0
PN202301955,2023-03-06,2023,3,Tue,16,16:50,18.665396,73.803553,Spine Road,Arterial,50,Mid-block,Clear,Daylight,Truck/Tempo,Wrong-side driving,Fatal,1,1
PN202303933,2023-03-06,2023,3,Tue,18,18:34,18.56319,73.796097,Aundh-Baner Link Road,Arterial,30,Mid-block,Cloudy,Dusk/Dawn,Two-wheeler,Rash/careless driving,Fatal,1,1
PN202302333,2023-03-07,2023,3,Wed,3,03:10,18.44976,73.856706,(unnamed road),Local,30,Junction,Clear,Dark - lit,Bicycle,Rash/careless driving,Grievous,0,2
PN202301672,2023-03-07,2023,3,Wed,13,13:23,18.47364,73.92394,Mohammadwadi Road,Arterial,50,Junction,Clear,Daylight,Pedestrian,Over-speeding,Grievous,0,1
PN202300807,2023-03-07,2023,3,Wed,17,17:31,18.42933,73.84169,Katraj - Dehu Road Bypass,Highway,80,Bridge/Slope,Cloudy,Daylight,Two-wheeler,Over-speeding,Minor,0,0
PN202303758,2023-03-07,2023,3,Wed,19,19:18,18.598723,73.755153,(unnamed road),Collector,40,Junction,Cloudy,Dark - lit,Bus,Drunk driving,Grievous,0,2
PN202303584,2023-03-07,2023,3,Wed,22,22:48,18.492248,73.865514,Kushaba Jhangale Road,Collector,40,Junction,Clear,Dark - unlit,Bus,Rash/careless driving,Minor,0,0
PN202302751,2023-03-08,2023,3,Thu,2,02:03,18.678436,73.743435,Old Pune–Mumbai Highway,Highway,60,Mid-block,Clear,Dark - unlit,Two-wheeler,Rash/careless driving,Fatal,2,0
PN202300307,2023-03-08,2023,3,Thu,18,18:09,18.490127,74.0142,(unnamed road),Collector,40,Junction,Clear,Dusk/Dawn,Car,Rash/careless driving,Minor,0,0
PN202300081,2023-03-09,2023,3,Fri,14,14:21,18.459923,73.823783,Katraj - Dehu Road Bypass,Highway,60,Junction,Clear,Daylight,Truck/Tempo,Brake failure/vehicle defect,Fatal,2,1
PN202301636,2023-03-09,2023,3,Fri,22,22:47,18.518618,73.915469,(unnamed road),Collector,40,Mid-block,Clear,Dark - lit,Two-wheeler,Over-speeding,Minor,0,1
PN202303293,2023-03-10,2023,3,Sat,22,22:05,18.564329,73.906878,Airport New Road,Arterial,50,Mid-block,Clear,Dark - unlit,Truck/Tempo,Drunk driving,Grievous,0,3
PN202300072,2023-03-11,2023,3,Sun,14,14:30,18.496909,73.942839,Saswad Road,Highway,60,Mid-block,Clear,Daylight,Car,Mobile phone use,Fatal,1,1
PN202301130,2023-03-11,2023,3,Sun,20,20:05,18.52504,73.962228,Mundhwa Road,Arterial,40,Mid-block,Clear,Dark - lit,Car,Other,Grievous,0,1
PN202300530,2023-03-11,2023,3,Sun,22,22:02,18.565129,73.912374,Viman Nagar Road,Collector,40,Junction,Clear,Dark - lit,Truck/Tempo,Brake failure/vehicle defect,Fatal,1,2
PN202301335,2023-03-11,2023,3,Sun,23,23:08,18.676468,73.90232,SH58,Arterial,50,Junction,Clear,Dark - lit,Two-wheeler,Rash/careless driving,Fatal,1,2
PN202302927,2023-03-12,2023,3,Mon,15,15:24,18.582877,73.883312,Dhanori Road,Arterial,50,Junction,Clear,Daylight,Truck/Tempo,Rash/careless driving,Minor,0,2
PN202300422,2023-03-12,2023,3,Mon,17,17:21,18.55,73.936996,Kharadi Bypass,Highway,60,Junction,Rain,Daylight,Car,Over-speeding,Minor,0,1
PN202303764,2023-03-12,2023,3,Mon,23,23:36,18.450247,73.852349,(unnamed road),Local,30,Junction,Clear,Dark - unlit,Pedestrian,Other,Grievous,0,3
PN202301766,2023-03-13,2023,3,Tue,0,00:02,18.646597,73.884439,(unnamed road),Local,30,Mid-block,Cloudy,Dark - lit,Two-wheeler,Over-speeding,Fatal,1,0
PN202300943,2023-03-13,2023,3,Tue,0,00:30,18.557765,73.945709,(unnamed road),Collector,40,Junction,Clear,Dark - lit,Pedestrian,Over-speeding,Fatal,1,2
PN202302367,2023-03-13,2023,3,Tue,13,13:00,18.557309,73.98753,Manjari - Wagholi Road,Arterial,50,Junction,Cloudy,Daylight,Two-wheeler,Over-speeding,Fatal,1,1
PN202302844,2023-03-13,2023,3,Tue,14,14:41,18.486757,73.853994,Shiv Darshan Road,Collector,30,Junction,Cloudy,Daylight,Truck/Tempo,Over-speeding,Minor,0,1
PN202303594,2023-03-13,2023,3,Tue,16,16:13,18.522332,73.909552,BG Shirke Road,Collector,23,Mid-block,Clear,Daylight,Two-wheeler,Brake failure/vehicle defect,Minor,0,2
PN202302051,2023-03-14,2023,3,Wed,4,04:07,18.437461,73.983472,(unnamed road),Collector,40,Junction,Clear,Dark - lit,Auto-rickshaw,Rash/careless driving,Grievous,0,1
PN202300572,2023-03-14,2023,3,Wed,15,15:32,18.459016,73.824167,Navale Flyover,Highway,85,Bridge/Slope,Clear,Daylight,Two-wheeler,Over-speeding,Fatal,1,1
PN202302910,2023-03-14,2023,3,Wed,23,23:39,18.486954,73.960874,(unnamed road),Local,30,Mid-block,Clear,Dark - lit,Two-wheeler,Drunk driving,Fatal,1,0
PN202300720,2023-03-15,2023,3,Thu,15,15:16,18.604378,73.752913,Highway bypass,Arterial,20,Junction,Clear,Daylight,Two-wheeler,Signal jumping,Grievous,0,2
PN202302342,2023-03-16,2023,3,Fri,6,06:03,18.526361,73.981094,(unnamed road),Local,30,Mid-block,Clear,Dusk/Dawn,Pedestrian,Over-speeding,Grievous,0,1
PN202301166,2023-03-16,2023,3,Fri,14,14:33,18.528024,73.777349,Katraj - Dehu Road Bypass,Highway,80,Mid-block,Clear,Daylight,Pedestrian,Pothole/road condition,Grievous,0,3
PN202300018,2023-03-16,2023,3,Fri,20,20:57,18.48547,73.954671,Fursungi Bhekrai Road,Collector,40,Junction,Clear,Dark - lit,Car,Rash/careless driving,Fatal,1,1
PN202300073,2023-03-16,2023,3,Fri,21,21:14,18.43086,73.84041,Ambegaon Viaduct,Highway,75,Bridge/Slope,Clear,Dark - unlit,Two-wheeler,Signal jumping,Grievous,0,3
PN202303684,2023-03-17,2023,3,Sat,9,09:18,18.556516,73.926579,(unnamed road),Local,30,Mid-block,Clear,Daylight,Car,Over-speeding,Grievous,0,2
PN202303431,2023-03-17,2023,3,Sat,9,09:47,18.643239,73.751998,Ravet Village Road,Arterial,50,Mid-block,Clear,Daylight,Two-wheeler,Rash/careless driving,Grievous,0,1
PN202300969,2023-03-18,2023,3,Sun,18,18:52,18.48431,73.79951,(unnamed road),Collector,40,Junction,Clear,Dusk/Dawn,Auto-rickshaw,Pothole/road condition,Grievous,0,2
PN202300600,2023-03-19,2023,3,Mon,16,16:05,18.549779,73.936782,Kharadi Bypass,Highway,60,Junction,Clear,Daylight,Truck/Tempo,Signal jumping,Fatal,1,2
PN202300885,2023-03-19,2023,3,Mon,22,22:58,18.534234,73.928784,Mundhwa Road,Arterial,40,Junction,Clear,Dark - lit,Car,Pothole/road condition,Grievous,0,1
PN202301376,2023-03-20,2023,3,Tue,12,12:33,18.682046,73.721655,(unnamed road),Local,30,Junction,Clear,Daylight,Two-wheeler,Brake failure/vehicle defect,Grievous,0,1
PN202302737,2023-03-21,2023,3,Wed,16,16:21,18.533764,73.840292,Ganeshkhind Road,Arterial,50,Mid-block,Clear,Daylight,Car,Brake failure/vehicle defect,Fatal,1,2
PN202303253,2023-03-21,2023,3,Wed,18,18:06,18.657774,73.76842,(unnamed road),Local,30,Junction,Clear,Dusk/Dawn,Pedestrian,Wrong-side driving,Minor,0,2
PN202300102,2023-03-22,2023,3,Thu,14,14:21,18.507523,73.785337,Paud Road,Arterial,40,Junction,Cloudy,Daylight,Bus,Signal jumping,Minor,0,1
PN202301093,2023-03-22,2023,3,Thu,20,20:25,18.548643,73.947165,Fountain Road,Collector,40,Junction,Clear,Dark - lit,Two-wheeler,Over-speeding,Minor,0,2
PN202300490,2023-03-22,2023,3,Thu,22,22:18,18.453607,73.828404,Katraj - Dehu Road Bypass,Highway,85,Bridge/Slope,Clear,Dark - unlit,Two-wheeler,Over-speeding,Fatal,1,0
PN202302336,2023-03-22,2023,3,Thu,22,22:28,18.592575,73.756732,Service road,Arterial,20,Junction,Clear,Dark - unlit,Car,Wrong-side driving,Grievous,0,2
PN202303435,2023-03-22,2023,3,Thu,23,23:24,18.564958,73.850313,Elphinstone Road,Arterial,50,Junction,Clear,Dark - lit,Car,Over-speeding,Fatal,1,1
PN202302257,2023-03-23,2023,3,Fri,12,12:41,18.657217,73.721791,(unnamed road),Local,30,Junction,Clear,Daylight,Two-wheeler,Over-speeding,Minor,0,0
PN202303877,2023-03-23,2023,3,Fri,14,14:27,18.533058,73.841542,Ganeshkhind Road,Arterial,50,Mid-block,Clear,Daylight,Two-wheeler,Over-speeding,Minor,0,0
PN202302727,2023-03-23,2023,3,Fri,15,15:32,18.449656,73.867593,(unnamed road),Collector,40,Junction,Cloudy,Daylight,Two-wheeler,Over-speeding,Grievous,0,3
PN202303358,2023-03-23,2023,3,Fri,21,21:59,18.662979,73.814686,Spine Road,Arterial,50,Mid-block,Clear,Dark - lit,Two-wheeler,Over-speeding,Grievous,0,1
PN202300131,2023-03-23,2023,3,Fri,22,22:10,18.460949,73.822368,Katraj - Dehu Road Bypass,Highway,60,Bridge/Slope,Clear,Dark - unlit,Truck/Tempo,Over-speeding,Minor,0,1
PN202300013,2023-03-24,2023,3,Sat,12,12:48,18.459601,73.824177,Katraj - Dehu Road Bypass,Highway,60,Junction,Clear,Daylight,Truck/Tempo,Over-speeding,Fatal,1,1
PN202302553,2023-03-24,2023,3,Sat,15,15:56,18.479253,73.872753,Gangadham - Shatrunjay Road,Arterial,50,Mid-block,Clear,Daylight,Two-wheeler,Over-speeding,Grievous,0,3
PN202302834,2023-03-24,2023,3,Sat,17,17:44,18.595889,73.773912,Kaspate Vasti Road,Arterial,50,Junction,Cloudy,Daylight,Auto-rickshaw,Over-speeding,Grievous,0,2
PN202301443,2023-03-25,2023,3,Sun,7,07:44,18.504342,73.792416,Katraj - Dehu Road Bypass,Highway,80,Mid-block,Clear,Daylight,Two-wheeler,Over-speeding,Fatal,1,0
PN202302465,2023-03-25,2023,3,Sun,10,10:17,18.594439,73.818177,Srushti Chowk-Pimple Gurav-Ramkrushna Mangal Karyalay,Collector,40,Junction,Clear,Daylight,Car,Over-speeding,Minor,0,1
PN202301822,2023-03-25,2023,3,Sun,17,17:17,18.633093,73.739734,Punavale - Jambe Gaon Road,Collector,40,Mid-block,Clear,Daylight,Car,Over-speeding,Grievous,0,2
PN202301353,2023-03-26,2023,3,Mon,0,00:48,18.462159,73.859494,(unnamed road),Local,30,Junction,Clear,Dark - lit,Pedestrian,Over-speeding,Minor,0,1
PN202302255,2023-03-26,2023,3,Mon,18,18:35,18.603946,73.752788,Mumbai - Satara Highway,Highway,80,Mid-block,Clear,Dusk/Dawn,Car,Over-speeding,Minor,0,1
PN202302303,2023-03-26,2023,3,Mon,22,22:55,18.527281,73.949086,Bapusaheb Tupe Road - Wadekar Wasti Road,Collector,40,Mid-block,Cloudy,Dark - lit,Car,Over-speeding,Grievous,0,2
PN202303675,2023-03-27,2023,3,Tue,17,17:53,18.654384,73.905696,Charholi Road,Collector,40,Junction,Clear,Daylight,Two-wheeler,Over-speeding,Minor,0,2
PN202300516,2023-03-27,2023,3,Tue,19,19:22,18.610479,73.819479,(unnamed road),Arterial,40,Junction,Clear,Dark - lit,Two-wheeler,Over-speeding,Fatal,2,0
PN202302664,2023-03-28,2023,3,Wed,6,06:32,18.584994,73.760047,exit to baner,Arterial,20,Mid-block,Clear,Dusk/Dawn,Two-wheeler,Wrong-side driving,Grievous,0,1
PN202301699,2023-03-28,2023,3,Wed,7,07:43,18.554224,73.953689,(unnamed road),Collector,40,Mid-block,Clear,Daylight,Two-wheeler,Over-speeding,Grievous,0,1
PN202300495,2023-03-28,2023,3,Wed,16,16:53,18.45334,73.828434,Katraj - Dehu Road Bypass,Highway,85,Junction,Clear,Daylight,Two-wheeler,Over-speeding,Fatal,1,2
PN202301805,2023-03-28,2023,3,Wed,19,19:58,18.61023,73.82316,Pune Nashik Road,Highway,60,Mid-block,Clear,Dark - unlit,Auto-rickshaw,Pothole/road condition,Grievous,0,3
PN202303105,2023-03-28,2023,3,Wed,20,20:35,18.421493,73.860773,(unnamed road),Local,30,Junction,Clear,Dark - lit,Pedestrian,Mobile phone use,Grievous,0,3
PN202301800,2023-03-28,2023,3,Wed,20,20:39,18.602667,73.994715,(unnamed road),Local,30,Junction,Clear,Dark - lit,Pedestrian,Over-speeding,Grievous,0,1
PN202300263,2023-04-01,2023,4,Sun,19,19:54,18.507657,73.786913,Paud Road,Arterial,40,Junction,Clear,Dark - lit,Two-wheeler,Over-speeding,Grievous,0,3
PN202302352,2023-04-02,2023,4,Mon,11,11:47,18.518028,73.946986,Amanora Park Town Main Road,Arterial,50,Mid-block,Clear,Daylight,Auto-rickshaw,Over-speeding,Grievous,0,1
PN202302190,2023-04-02,2023,4,Mon,16,16:32,18.656264,73.780379,Service Road,Arterial,50,Junction,Clear,Daylight,Bus,Other,Grievous,0,3
PN202300481,2023-04-02,2023,4,Mon,18,18:09,18.501259,73.937251,(unnamed road),Collector,40,Junction,Clear,Dusk/Dawn,Pedestrian,Rash/careless driving,Minor,0,0
PN202302128,2023-04-02,2023,4,Mon,23,23:00,18.50991,73.808983,Rambaug Colony Road,Collector,40,Junction,Clear,Dark - lit,Two-wheeler,Drunk driving,Fatal,1,1
PN202300737,2023-04-02,2023,4,Mon,23,23:05,18.431072,73.840068,Ambegaon Viaduct,Highway,75,Bridge/Slope,Clear,Dark - unlit,Truck/Tempo,Drunk driving,Fatal,1,1
PN202302030,2023-04-03,2023,4,Tue,16,16:55,18.678853,73.856275,Indrayani Road,Arterial,50,Mid-block,Clear,Daylight,Car,Brake failure/vehicle defect,Fatal,2,1
PN202302092,2023-04-03,2023,4,Tue,21,21:10,18.550357,73.988152,Manjari - Wagholi Road,Arterial,50,Junction,Cloudy,Dark - lit,Two-wheeler,Over-speeding,Grievous,0,1
PN202303301,2023-04-04,2023,4,Wed,6,06:56,18.642929,73.737593,Katraj - Dehu Road Bypass,Highway,80,Mid-block,Clear,Dusk/Dawn,Auto-rickshaw,Drunk driving,Fatal,1,1
PN202301398,2023-04-04,2023,4,Wed,12,12:50,18.555316,73.770517,(unnamed road),Collector,40,Junction,Clear,Daylight,Pedestrian,Wrong-side driving,Fatal,1,1
PN202302018,2023-04-04,2023,4,Wed,14,14:37,18.702516,73.719587,(unnamed road),Collector,30,Mid-block,Clear,Daylight,Bus,Over-speeding,Grievous,0,1
PN202302380,2023-04-06,2023,4,Fri,3,03:13,18.616573,73.844426,Bhosari Telco Road,Arterial,50,Mid-block,Clear,Dark - lit,Car,Over-speeding,Minor,0,0
PN202302279,2023-04-06,2023,4,Fri,18,18:08,18.432252,73.838308,Ambegaon Viaduct,Highway,75,Mid-block,Cloudy,Dusk/Dawn,Two-wheeler,Rash/careless driving,Fatal,2,2
PN202303390,2023-04-07,2023,4,Sat,4,04:25,18.637689,73.84728,Lakshmi Road,Arterial,50,Junction,Clear,Dark - lit,Truck/Tempo,Over-speeding,Grievous,0,2
PN202302848,2023-04-07,2023,4,Sat,13,13:00,18.635201,73.838909,Anandrao Lande Road,Arterial,50,Mid-block,Clear,Daylight,Two-wheeler,Pothole/road condition,Minor,0,1
PN202301844,2023-04-07,2023,4,Sat,22,22:09,18.680935,73.89479,Chakan-Alandi (Alankapuri) Road,Arterial,40,Mid-block,Clear,Dark - lit,Auto-rickshaw,Brake failure/vehicle defect,Grievous,0,1
PN202301007,2023-04-07,2023,4,Sat,22,22:51,18.485084,73.798342,2nd Service Road,Collector,40,Junction,Clear,Dark - lit,Two-wheeler,Wrong-side driving,Grievous,0,3
PN202301785,2023-04-08,2023,4,Sun,3,03:10,18.699357,73.847957,Pune Nashik Road,Highway,60,Mid-block,Cloudy,Dark - unlit,Truck/Tempo,Other,Grievous,0,3
PN202303742,2023-04-08,2023,4,Sun,14,14:47,18.686676,73.786431,(unnamed road),Collector,40,Mid-block,Clear,Daylight,Two-wheeler,Over-speeding,Grievous,0,3
PN202302129,2023-04-08,2023,4,Sun,19,19:07,18.458105,73.824816,Navale Flyover,Highway,85,Mid-block,Cloudy,Dark - unlit,Truck/Tempo,Over-speeding,Fatal,1,2
PN202302214,2023-04-08,2023,4,Sun,19,19:08,18.655588,73.773702,Svatantryaveer Savarkar Path,Arterial,50,Junction,Clear,Dark - lit,Pedestrian,Over-speeding,Grievous,0,3
PN202302287,2023-04-09,2023,4,Mon,0,00:44,18.703754,73.847894,Pune Nashik Road,Highway,60,Mid-block,Clear,Dark - unlit,Two-wheeler,Mobile phone use,Minor,0,1
PN202302645,2023-04-09,2023,4,Mon,13,13:13,18.569102,73.867632,Khadki Bazar-Vishrantwadi Road,Collector,40,Mid-block,Clear,Daylight,Car,Rash/careless driving,Grievous,0,1
PN202301908,2023-04-10,2023,4,Tue,7,07:04,18.688211,73.830305,(unnamed road),Local,30,Junction,Clear,Daylight,Two-wheeler,Over-speeding,Minor,0,0
PN202302261,2023-04-11,2023,4,Wed,6,06:15,18.455449,73.767439,NDA Road,Arterial,50,Junction,Clear,Dusk/Dawn,Two-wheeler,Brake failure/vehicle defect,Fatal,1,2
PN202302794,2023-04-11,2023,4,Wed,7,07:07,18.485456,73.888487,Prabodhankar Thakare Path,Arterial,50,Junction,Clear,Daylight,Two-wheeler,Over-speeding,Minor,0,0
PN202302888,2023-04-11,2023,4,Wed,17,17:14,18.455442,73.791612,(unnamed road),Local,30,Junction,Clear,Daylight,Car,Over-speeding,Minor,0,2
PN202302183,2023-04-11,2023,4,Wed,23,23:34,18.644178,73.786992,Ganga Nagar Road,Arterial,50,Mid-block,Cloudy,Dark - lit,Two-wheeler,Over-speeding,Grievous,0,3
PN202300736,2023-04-12,2023,4,Thu,1,01:44,18.442303,73.973951,Saswad Road,Highway,60,Junction,Clear,Dark - unlit,Bus,Mobile phone use,Minor,0,0
PN202300752,2023-04-12,2023,4,Thu,21,21:01,18.507655,73.78688,Paud Road,Arterial,40,Junction,Clear,Dark - lit,Car,Over-speeding,Minor,0,0
PN202303365,2023-04-13,2023,4,Fri,10,10:35,18.52039,73.867606,(unnamed road),Arterial,50,Junction,Clear,Daylight,Truck/Tempo,Over-speeding,Grievous,0,1
PN202301323,2023-04-13,2023,4,Fri,13,13:29,18.499923,73.802211,Shrikant Thackeray Path,Collector,40,Mid-block,Clear,Daylight,Bus,Rash/careless driving,Minor,0,1
PN202302739,2023-04-13,2023,4,Fri,18,18:35,18.643743,73.850589,Pune Nashik Road,Highway,60,Mid-block,Cloudy,Dusk/Dawn,Pedestrian,Pothole/road condition,Fatal,1,2
PN202300944,2023-04-13,2023,4,Fri,22,22:44,18.610398,73.819547,(unnamed road),Arterial,40,Junction,Clear,Dark - lit,Car,Rash/careless driving,Grievous,0,1
PN202302238,2023-04-13,2023,4,Fri,23,23:30,18.67591,73.87972,Dehu - Alandi Road,Arterial,50,Mid-block,Clear,Dark - unlit,Car,Over-speeding,Minor,0,2
PN202302865,2023-04-13,2023,4,Fri,23,23:57,18.491954,73.930932,(unnamed road),Local,30,Mid-block,Clear,Dark - unlit,Pedestrian,Over-speeding,Fatal,1,0
PN202300871,2023-04-14,2023,4,Sat,6,06:12,18.454372,73.85698,Khashaba Jadhav Path | Lane Number 6,Collector,30,Junction,Cloudy,Dusk/Dawn,Two-wheeler,Other,Fatal,2,1
PN202302618,2023-04-14,2023,4,Sat,7,07:27,18.420421,73.846604,Katraj - Dehu Road Bypass,Highway,80,Mid-block,Clear,Daylight,Bus,Mobile phone use,Grievous,0,2
PN202302262,2023-04-14,2023,4,Sat,10,10:11,18.532708,73.856383,Sangamwadi Bridge,Arterial,50,Mid-block,Clear,Daylight,Bus,Rash/careless driving,Grievous,0,2
PN202300166,2023-04-14,2023,4,Sat,14,14:03,18.492443,73.999176,(unnamed road),Collector,40,Mid-block,Clear,Daylight,Car,Over-speeding,Minor,0,1
PN202301979,2023-04-14,2023,4,Sat,15,15:38,18.550648,73.762712,Sus Road,Arterial,50,Mid-block,Clear,Daylight,Car,Over-speeding,Grievous,0,2
PN202303096,2023-04-14,2023,4,Sat,18,18:06,18.630645,73.831891,Nigdi Bhosari Road,Arterial,50,Mid-block,Clear,Dusk/Dawn,Bicycle,Other,Grievous,0,1
PN202303492,2023-04-15,2023,4,Sun,11,11:36,18.501431,73.853861,Balaji Vishwanath Path,Highway,60,Junction,Clear,Daylight,Two-wheeler,Over-speeding,Fatal,1,2
PN202303736,2023-04-15,2023,4,Sun,13,13:59,18.643596,73.831116,(unnamed road),Arterial,50,Junction,Clear,Daylight,Two-wheeler,Drunk driving,Minor,0,2
PN202301942,2023-04-16,2023,4,Mon,6,06:46,18.572785,73.879043,Vishrantwadi - Airport Road,Arterial,50,Mid-block,Rain,Dusk/Dawn,Two-wheeler,Drunk driving,Grievous,0,3
PN202301061,2023-04-16,2023,4,Mon,16,16:52,18.675791,73.758051,Old Pune–Mumbai Highway,Highway,60,Mid-block,Cloudy,Daylight,Truck/Tempo,Over-speeding,Grievous,0,3
PN202300049,2023-04-17,2023,4,Tue,7,07:15,18.55946,73.930031,(unnamed road),Collector,40,Junction,Clear,Daylight,Two-wheeler,Drunk driving,Grievous,0,3
PN202302229,2023-04-17,2023,4,Tue,12,12:21,18.63174,73.801222,(unnamed road),Highway,40,Junction,Clear,Daylight,Two-wheeler,Pothole/road condition,Minor,0,2
PN202303149,2023-04-17,2023,4,Tue,18,18:04,18.504183,73.913991,Dr Helenkelar Path,Collector,40,Junction,Clear,Dusk/Dawn,Two-wheeler,Signal jumping,Grievous,0,2
PN202300419,2023-04-17,2023,4,Tue,19,19:01,18.556561,73.94354,(unnamed road),Collector,40,Junction,Cloudy,Dark - lit,Two-wheeler,Over-speeding,Grievous,0,3
PN202301245,2023-04-17,2023,4,Tue,21,21:53,18.502923,73.799663,DP Road,Arterial,50,Mid-block,Clear,Dark - lit,Two-wheeler,Over-speeding,Fatal,1,0
PN202302386,2023-04-18,2023,4,Wed,13,13:04,18.576746,73.73231,Maan - Mhalunge Connector Road,Arterial,50,Junction,Cloudy,Daylight,Bus,Over-speeding,Grievous,0,3
PN202302067,2023-04-19,2023,4,Thu,13,13:45,18.476752,73.957047,Saswad Road,Highway,60,Junction,Clear,Daylight,Two-wheeler,Over-speeding,Fatal,1,0
PN202301762,2023-04-19,2023,4,Thu,20,20:15,18.523259,73.854448,Congress Bhavan Path,Arterial,50,Junction,Clear,Dark - lit,Two-wheeler,Over-speeding,Grievous,0,3
PN202301849,2023-04-20,2023,4,Fri,2,02:13,18.515067,73.769132,Katraj - Dehu Road Bypass,Highway,80,Mid-block,Clear,Dark - unlit,Truck/Tempo,Pothole/road condition,Minor,0,0
PN202301154,2023-04-21,2023,4,Sat,5,05:30,18.508637,73.874613,K. T. Bhosale Path,Local,30,Junction,Cloudy,Dark - lit,Two-wheeler,Over-speeding,Fatal,2,0
PN202300019,2023-04-21,2023,4,Sat,11,11:35,18.490139,74.015725,(unnamed road),Collector,40,Junction,Clear,Daylight,Two-wheeler,Over-speeding,Minor,0,1
PN202300942,2023-04-21,2023,4,Sat,18,18:34,18.500718,73.791201,Katraj - Dehu Road Bypass,Highway,80,Bridge/Slope,Clear,Dusk/Dawn,Car,Over-speeding,Grievous,0,3
PN202301221,2023-04-21,2023,4,Sat,20,20:14,18.577408,73.835278,Old Pune–Mumbai Highway,Highway,60,Mid-block,Clear,Dark - unlit,Truck/Tempo,Over-speeding,Fatal,1,1
PN202301912,2023-04-22,2023,4,Sun,8,08:03,18.603739,73.750581,(unnamed road),Arterial,40,Junction,Clear,Daylight,Two-wheeler,Pothole/road condition,Grievous,0,1
PN202301697,2023-04-22,2023,4,Sun,8,08:53,18.496421,73.865929,Shankarrao Lahane Marg,Arterial,50,Junction,Clear,Daylight,Car,Over-speeding,Minor,0,1
PN202302199,2023-04-22,2023,4,Sun,9,09:00,18.465126,73.823937,Wadgaon Bundruk - Narhe Road,Collector,40,Junction,Cloudy,Daylight,Pedestrian,Over-speeding,Fatal,1,1
PN202302958,2023-04-22,2023,4,Sun,9,09:16,18.59459,73.723639,Hinjawadi Phase 2 Road,Arterial,50,Mid-block,Clear,Daylight,Two-wheeler,Other,Minor,0,2
PN202300412,2023-04-23,2023,4,Mon,17,17:43,18.445889,73.835623,Katraj - Dehu Road Bypass,Highway,85,Bridge/Slope,Cloudy,Daylight,Two-wheeler,Over-speeding,Fatal,1,0
PN202303766,2023-04-23,2023,4,Mon,20,20:53,18.549965,73.905744,East Avenue,Arterial,50,Mid-block,Clear,Dark - lit,Auto-rickshaw,Over-speeding,Grievous,0,3
PN202300816,2023-04-24,2023,4,Tue,22,22:09,18.502834,73.937727,(unnamed road),Collector,40,Junction,Cloudy,Dark - unlit,Two-wheeler,Drunk driving,Fatal,1,0
PN202302617,2023-04-25,2023,4,Wed,9,09:27,18.510508,73.818724,(unnamed road),Arterial,50,Mid-block,Clear,Daylight,Pedestrian,Rash/careless driving,Minor,0,2
PN202300320,2023-04-26,2023,4,Thu,4,04:35,18.56518,73.91437,Viman Nagar Road,Collector,40,Junction,Clear,Dark - lit,Bus,Mobile phone use,Grievous,0,3
PN202300235,2023-04-26,2023,4,Thu,8,08:39,18.505648,73.915949,Solapur Road Flyover,Highway,60,Junction,Clear,Daylight,Car,Over-speeding,Grievous,0,3
PN202302523,2023-04-26,2023,4,Thu,19,19:07,18.635098,73.76215,(unnamed road),Arterial,50,Junction,Clear,Dark - lit,Car,Over-speeding,Minor,0,0
PN202301411,2023-04-26,2023,4,Thu,20,20:11,18.541847,73.829486,Ganeshkhind Road,Arterial,50,Junction,Clear,Dark - lit,Car,Rash/careless driving,Grievous,0,1
PN202300218,2023-04-26,2023,4,Thu,22,22:08,18.494949,73.78777,Katraj - Dehu Road Bypass,Highway,80,Bridge/Slope,Clear,Dark - unlit,Car,Rash/careless driving,Minor,0,0
PN202301178,2023-04-27,2023,4,Fri,18,18:56,18.527555,73.949949,Mundhwa Road,Arterial,40,Junction,Clear,Dusk/Dawn,Bus,Over-speeding,Minor,0,0
PN202300008,2023-04-28,2023,4,Sat,1,01:20,18.489929,74.01555,(unnamed road),Collector,40,Junction,Clear,Dark - unlit,Two-wheeler,Over-speeding,Grievous,0,2
PN202303410,2023-04-28,2023,4,Sat,9,09:37,18.673987,73.738905,(unnamed road),Local,30,Mid-block,Clear,Daylight,Truck/Tempo,Over-speeding,Grievous,0,2
PN202303588,2023-05-01,2023,5,Wed,7,07:27,18.547476,73.799232,(unnamed road),Local,30,Junction,Cloudy,Daylight,Car,Over-speeding,Grievous,0,3
PN202301544,2023-05-01,2023,5,Wed,19,19:22,18.446086,73.859182,Satara Road,Highway,50,Junction,Cloudy,Dark - unlit,Car,Over-speeding,Minor,0,2
PN202300106,2023-05-02,2023,5,Thu,21,21:11,18.484685,73.798924,2nd Service Road,Collector,40,Junction,Clear,Dark - lit,Two-wheeler,Over-speeding,Fatal,1,0
PN202300884,2023-05-03,2023,5,Fri,10,10:48,18.452517,73.829125,Katraj - Dehu Road Bypass,Highway,85,Bridge/Slope,Clear,Daylight,Car,Over-speeding,Fatal,1,2
PN202300354,2023-05-03,2023,5,Fri,20,20:27,18.430656,73.840471,Ambegaon Viaduct,Highway,75,Bridge/Slope,Clear,Dark - unlit,Truck/Tempo,Over-speeding,Grievous,0,2
PN202301741,2023-05-03,2023,5,Fri,22,22:21,18.616847,73.813536,Service Road,Arterial,50,Mid-block,Cloudy,Dark - unlit,Car,Rash/careless driving,Grievous,0,2
PN202302039,2023-05-04,2023,5,Sat,21,21:58,18.499814,73.731327,Paud Road,Arterial,50,Mid-block,Cloudy,Dark - lit,Two-wheeler,Rash/careless driving,Minor,0,2
PN202303292,2023-05-05,2023,5,Sun,2,02:01,18.645204,73.789835,(unnamed road),Arterial,50,Mid-block,Clear,Dark - lit,Auto-rickshaw,Over-speeding,Grievous,0,1
PN202303067,2023-05-05,2023,5,Sun,12,12:08,18.488822,73.951065,(unnamed road),Highway,60,Mid-block,Clear,Daylight,Truck/Tempo,Over-speeding,Minor,0,1
PN202303245,2023-05-05,2023,5,Sun,15,15:17,18.60007,73.912472,(unnamed road),Local,30,Mid-block,Clear,Daylight,Two-wheeler,Mobile phone use,Grievous,0,2
PN202302024,2023-05-05,2023,5,Sun,21,21:37,18.560235,73.843328,Old Pune–Mumbai Highway,Highway,60,Mid-block,Clear,Dark - unlit,Truck/Tempo,Pothole/road condition,Minor,0,0
PN202300582,2023-05-07,2023,5,Tue,15,15:16,18.489898,74.015757,(unnamed road),Collector,40,Junction,Clear,Daylight,Bicycle,Over-speeding,Minor,0,1
PN202303516,2023-05-07,2023,5,Tue,20,20:47,18.501884,73.92903,Solapur Road,Highway,60,Junction,Clear,Dark - unlit,Truck/Tempo,Brake failure/vehicle defect,Grievous,0,1
PN202301874,2023-05-08,2023,5,Wed,2,02:57,18.662573,73.77407,Bhakti Shakti Circle Eleveted Road,Highway,60,Junction,Clear,Dark - unlit,Two-wheeler,Over-speeding,Fatal,1,1
PN202303674,2023-05-08,2023,5,Wed,18,18:06,18.621857,73.83854,(unnamed road),Collector,40,Junction,Clear,Dusk/Dawn,Truck/Tempo,Over-speeding,Grievous,0,2
PN202300321,2023-05-08,2023,5,Wed,19,19:43,18.557549,73.945058,(unnamed road),Collector,40,Junction,Clear,Dark - lit,Truck/Tempo,Over-speeding,Minor,0,0
PN202301362,2023-05-09,2023,5,Thu,20,20:15,18.543771,73.824867,Gopal Hari Deshmukh Marg,Arterial,50,Junction,Clear,Dark - lit,Two-wheeler,Rash/careless driving,Minor,0,1
PN202302278,2023-05-11,2023,5,Sat,0,00:53,18.694752,73.754406,Old Pune Mumbai Highway-Dehu Gaon Road,Arterial,50,Junction,Clear,Dark - unlit,Two-wheeler,Drunk driving,Fatal,1,2
PN202302908,2023-05-11,2023,5,Sat,13,13:04,18.485189,73.798679,Katraj - Dehu Road Bypass,Highway,80,Mid-block,Clear,Daylight,Pedestrian,Over-speeding,Fatal,2,0
PN202301284,2023-05-11,2023,5,Sat,17,17:41,18.703953,73.9867,(unnamed road),Local,30,Mid-block,Clear,Daylight,Auto-rickshaw,Wrong-side driving,Minor,0,1
PN202303144,2023-05-12,2023,5,Sun,8,08:05,18.675866,73.837114,(unnamed road),Local,30,Mid-block,Clear,Daylight,Pedestrian,Wrong-side driving,Fatal,1,1
PN202303537,2023-05-13,2023,5,Mon,5,05:36,18.650817,73.855672,(unnamed road),Collector,40,Junction,Clear,Dark - lit,Car,Wrong-side driving,Grievous,0,3
PN202301354,2023-05-13,2023,5,Mon,14,14:10,18.71984,73.941238,(unnamed road),Arterial,50,Mid-block,Clear,Daylight,Bicycle,Over-speeding,Grievous,0,3
PN202302402,2023-05-13,2023,5,Mon,22,22:08,18.612388,73.765743,Datta Mandir Road,Arterial,50,Mid-block,Cloudy,Dark - lit,Bicycle,Drunk driving,Grievous,0,3
PN202302249,2023-05-14,2023,5,Tue,1,01:41,18.650645,73.770629,(unnamed road),Local,30,Junction,Cloudy,Dark - lit,Car,Drunk driving,Minor,0,1
PN202303413,2023-05-14,2023,5,Tue,18,18:20,18.471753,74.007181,(unnamed road),Local,30,Mid-block,Clear,Dusk/Dawn,Two-wheeler,Over-speeding,Minor,0,2
PN202302497,2023-05-15,2023,5,Wed,12,12:23,18.45985,73.965226,NH965,Highway,60,Mid-block,Clear,Daylight,Pedestrian,Over-speeding,Grievous,0,1
PN202300747,2023-05-15,2023,5,Wed,15,15:40,18.507604,73.786291,Paud Road,Arterial,40,Junction,Clear,Daylight,Pedestrian,Pothole/road condition,Fatal,1,1
PN202303748,2023-05-15,2023,5,Wed,16,16:24,18.541679,73.817405,Abhimanshree Society Road,Collector,20,Junction,Clear,Daylight,Auto-rickshaw,Rash/careless driving,Grievous,0,3
PN202300487,2023-05-15,2023,5,Wed,21,21:24,18.607731,73.751114,Service Road,Arterial,50,Junction,Clear,Dark - lit,Two-wheeler,Over-speeding,Fatal,1,2
PN202301576,2023-05-16,2023,5,Thu,10,10:39,18.647694,73.972878,(unnamed road),Local,30,Mid-block,Clear,Daylight,Two-wheeler,Signal jumping,Minor,0,0
PN202301064,2023-05-16,2023,5,Thu,16,16:22,18.589427,73.832113,(unnamed road),Arterial,40,Junction,Clear,Daylight,Two-wheeler,Over-speeding,Grievous,0,2
PN202303153,2023-05-17,2023,5,Fri,13,13:51,18.640928,73.82233,Nigdi Bhosari Road,Arterial,50,Junction,Clear,Daylight,Truck/Tempo,Over-speeding,Minor,0,0
PN202302349,2023-05-17,2023,5,Fri,22,22:48,18.463705,73.963121,Saswad Road,Highway,60,Junction,Clear,Dark - unlit,Two-wheeler,Over-speeding,Fatal,1,0
PN202303444,2023-05-19,2023,5,Sun,7,07:01,18.514157,73.945914,(unnamed road),Local,30,Junction,Clear,Daylight,Two-wheeler,Over-speeding,Grievous,0,3
PN202302419,2023-05-19,2023,5,Sun,18,18:40,18.646197,73.764661,(unnamed road),Local,30,Junction,Rain,Dusk/Dawn,Two-wheeler,Pothole/road condition,Fatal,1,0
PN202300066,2023-05-20,2023,5,Mon,14,14:35,18.504727,73.918197,(unnamed road),Collector,40,Junction,Clear,Daylight,Car,Over-speeding,Minor,0,2
PN202301074,2023-05-21,2023,5,Tue,2,02:48,18.531067,73.846408,Bharatratna Atal Bihari Vajpayee Flyover,Arterial,30,Mid-block,Clear,Dark - lit,Car,Over-speeding,Grievous,0,2
PN202302971,2023-05-22,2023,5,Wed,9,09:59,18.666253,73.728168,Katraj - Dehu Road Bypass,Highway,80,Mid-block,Clear,Daylight,Car,Over-speeding,Grievous,0,2
PN202301985,2023-05-22,2023,5,Wed,20,20:47,18.52147,73.855213,Shivaji Road,Highway,60,Junction,Clear,Dark - unlit,Truck/Tempo,Over-speeding,Fatal,2,2
PN202302650,2023-05-23,2023,5,Thu,5,05:22,18.61418,73.806127,(unnamed road),Local,30,Junction,Clear,Dark - lit,Two-wheeler,Rash/careless driving,Minor,0,0
PN202302491,2023-05-23,2023,5,Thu,8,08:22,18.417887,73.84725,Katraj - Dehu Road Bypass,Highway,80,Mid-block,Cloudy,Daylight,Pedestrian,Over-speeding,Minor,0,2
PN202303286,2023-05-23,2023,5,Thu,22,22:13,18.584155,73.875122,Sant Dyaneshwar Marg,Arterial,50,Mid-block,Clear,Dark - lit,Two-wheeler,Rash/careless driving,Fatal,1,0
PN202301977,2023-05-24,2023,5,Fri,14,14:53,18.582814,73.988878,Nagar Road,Highway,60,Junction,Clear,Daylight,Pedestrian,Over-speeding,Minor,0,0
PN202303007,2023-05-25,2023,5,Sat,8,08:12,18.663362,73.727793,Mumbai - Pune Expressway,Highway,30,Junction,Clear,Daylight,Two-wheeler,Rash/careless driving,Fatal,1,1
PN202302735,2023-05-25,2023,5,Sat,19,19:53,18.511157,73.861096,(unnamed road),Local,30,Mid-block,Clear,Dark - unlit,Car,Other,Grievous,0,1
PN202301781,2023-05-26,2023,5,Sun,10,10:55,18.650376,73.773013,Camp Education Road,Local,30,Junction,Clear,Daylight,Two-wheeler,Over-speeding,Minor,0,1
PN202302903,2023-05-26,2023,5,Sun,11,11:10,18.501525,73.932178,Solapur Road Flyover,Highway,60,Mid-block,Clear,Daylight,Car,Over-speeding,Minor,0,1
PN202300237,2023-05-26,2023,5,Sun,12,12:32,18.496595,73.943411,Saswad Road,Highway,60,Junction,Clear,Daylight,Two-wheeler,Over-speeding,Grievous,0,1
PN202302935,2023-05-26,2023,5,Sun,21,21:30,18.58922,73.801657,(unnamed road),Local,30,Junction,Clear,Dark - lit,Two-wheeler,Drunk driving,Grievous,0,1
PN202301624,2023-05-27,2023,5,Mon,10,10:45,18.638693,73.839717,Anandrao Lande Road,Arterial,50,Mid-block,Clear,Daylight,Truck/Tempo,Signal jumping,Grievous,0,3
PN202303420,2023-05-27,2023,5,Mon,17,17:03,18.677072,73.888947,(unnamed road),Local,30,Junction,Clear,Daylight,Car,Wrong-side driving,Minor,0,0
PN202302733,2023-05-27,2023,5,Mon,17,17:20,18.492836,73.849943,Golwalkar Guruji Road,Collector,30,Junction,Clear,Daylight,Car,Over-speeding,Grievous,0,3
PN202302047,2023-05-27,2023,5,Mon,19,19:58,18.598149,73.93136,(unnamed road),Local,30,Junction,Cloudy,Dark - lit,Two-wheeler,Over-speeding,Minor,0,2
PN202303324,2023-05-28,2023,5,Tue,20,20:11,18.558896,74.017573,(unnamed road),Local,30,Junction,Clear,Dark - lit,Two-wheeler,Pothole/road condition,Minor,0,2
PN202302471,2023-05-28,2023,5,Tue,20,20:23,18.473394,73.975114,(unnamed road),Collector,40,Junction,Clear,Dark - lit,Two-wheeler,Over-speeding,Grievous,0,3
PN202301592,2023-05-28,2023,5,Tue,20,20:34,18.480357,73.804343,Katraj - Dehu Road Bypass,Highway,80,Mid-block,Clear,Dark - unlit,Two-wheeler,Over-speeding,Fatal,1,0
PN202300594,2023-06-01,2023,6,Sat,11,11:02,18.56342,73.934838,Nagar Road,Highway,60,Junction,Clear,Daylight,Car,Wrong-side driving,Grievous,0,1
PN202302420,2023-06-01,2023,6,Sat,15,15:33,18.476071,73.826946,(unnamed road),Local,30,Mid-block,Rain,Daylight,Pedestrian,Other,Fatal,2,2
PN202302080,2023-06-01,2023,6,Sat,23,23:14,18.532933,73.956062,(unnamed road),Local,30,Mid-block,Cloudy,Dark - lit,Two-wheeler,Rash/careless driving,Grievous,0,1
PN202300901,2023-06-03,2023,6,Mon,11,11:30,18.430479,73.840898,Ambegaon Viaduct,Highway,75,Bridge/Slope,Rain,Daylight,Two-wheeler,Rash/careless driving,Grievous,0,1
PN202301448,2023-06-03,2023,6,Mon,13,13:30,18.527586,73.841676,Baba Maharaj Sahasrabuddhe Path,Collector,40,Mid-block,Rain,Daylight,Bus,Wrong-side driving,Minor,0,0
PN202301920,2023-06-03,2023,6,Mon,14,14:11,18.612333,73.914772,D.Y. Patil College Road,Collector,40,Junction,Rain,Daylight,Car,Over-speeding,Minor,0,2
PN202300671,2023-06-03,2023,6,Mon,17,17:09,18.497474,73.942086,Saswad Road,Highway,60,Mid-block,Clear,Daylight,Truck/Tempo,Over-speeding,Minor,0,2
PN202303010,2023-06-05,2023,6,Wed,16,16:10,18.651913,73.877559,(unnamed road),Collector,40,Mid-block,Rain,Daylight,Truck/Tempo,Rash/careless driving,Grievous,0,1
PN202301092,2023-06-05,2023,6,Wed,19,19:57,18.666606,73.770414,Jagadguru Sant Tukaram Maharaj and Chhatrapati Shivaji Maharaj Flyover,Highway,80,Mid-block,Rain,Dark - unlit,Car,Over-speeding,Minor,0,1
PN202303819,2023-06-07,2023,6,Fri,6,06:26,18.478261,73.952548,(unnamed road),Local,30,Mid-block,Cloudy,Dusk/Dawn,Pedestrian,Other,Minor,0,2
PN202300007,2023-06-07,2023,6,Fri,15,15:41,18.49002,74.016582,(unnamed road),Collector,40,Junction,Clear,Daylight,Two-wheeler,Over-speeding,Minor,0,2
PN202301940,2023-06-07,2023,6,Fri,16,16:23,18.608804,73.781395,Hedgewar road,Arterial,50,Mid-block,Rain,Daylight,Pedestrian,Pothole/road condition,Minor,0,1
PN202302614,2023-06-07,2023,6,Fri,18,18:44,18.63094,73.951061,(unnamed road),Local,30,Mid-block,Rain,Dusk/Dawn,Car,Wrong-side driving,Fatal,1,0
PN202300527,2023-06-07,2023,6,Fri,22,22:31,18.60486,73.752449,Mumbai - Satara Highway,Highway,80,Junction,Clear,Dark - unlit,Truck/Tempo,Drunk driving,Minor,0,0
PN202300945,2023-06-08,2023,6,Sat,13,13:50,18.563184,73.935938,Nagar Road,Highway,60,Mid-block,Clear,Daylight,Auto-rickshaw,Rash/careless driving,Fatal,1,0
PN202300836,2023-06-09,2023,6,Sun,16,16:40,18.548451,73.936484,Kharadi Bypass,Highway,60,Junction,Clear,Daylight,Bicycle,Wrong-side driving,Fatal,1,1
PN202303441,2023-06-09,2023,6,Sun,17,17:19,18.664543,73.773553,(unnamed road),Arterial,50,Junction,Clear,Daylight,Two-wheeler,Over-speeding,Minor,0,0
PN202302649,2023-06-11,2023,6,Tue,18,18:30,18.543907,73.824687,Gopal Hari Deshmukh Marg,Arterial,50,Junction,Clear,Dusk/Dawn,Pedestrian,Brake failure/vehicle defect,Fatal,1,1
PN202301853,2023-06-11,2023,6,Tue,20,20:39,18.501707,73.871264,Jagannath Shankarsheth Marg,Arterial,50,Junction,Rain,Dark - unlit,Two-wheeler,Mobile phone use,Grievous,0,1
PN202301703,2023-06-12,2023,6,Wed,15,15:08,18.493444,73.871038,Irawati Karve Marg,Arterial,50,Junction,Clear,Daylight,Auto-rickshaw,Other,Grievous,0,2
PN202301516,2023-06-13,2023,6,Thu,0,00:53,18.529891,73.874691,Raja Bahadur Mill Marg,Highway,60,Mid-block,Cloudy,Dark - unlit,Two-wheeler,Drunk driving,Fatal,1,1
PN202302077,2023-06-13,2023,6,Thu,2,02:55,18.482778,73.827122,Sinhagad Road Flyover,Arterial,50,Junction,Clear,Dark - lit,Car,Brake failure/vehicle defect,Grievous,0,1
PN202303239,2023-06-13,2023,6,Thu,12,12:40,18.5834,73.972398,(unnamed road),Local,30,Junction,Clear,Daylight,Two-wheeler,Mobile phone use,Fatal,1,0
PN202302022,2023-06-14,2023,6,Fri,1,01:53,18.719155,73.850267,Pune Nashik Road,Highway,60,Mid-block,Clear,Dark - unlit,Two-wheeler,Over-speeding,Grievous,0,3
PN202303475,2023-06-14,2023,6,Fri,19,19:12,18.573299,73.694453,Maan Road,Arterial,50,Mid-block,Rain,Dark - lit,Bicycle,Over-speeding,Grievous,0,3
PN202303225,2023-06-14,2023,6,Fri,19,19:39,18.513362,73.845101,Laxmi Path,Collector,40,Junction,Clear,Dark - lit,Car,Wrong-side driving,Minor,0,0
PN202303164,2023-06-15,2023,6,Sat,18,18:15,18.483122,73.890924,Kondhwa Main Road,Arterial,50,Mid-block,Rain,Dusk/Dawn,Two-wheeler,Signal jumping,Grievous,0,3
PN202302635,2023-06-15,2023,6,Sat,22,22:41,18.602812,73.7451,Laxmi Chowk road,Arterial,50,Junction,Cloudy,Dark - lit,Pedestrian,Mobile phone use,Grievous,0,3
PN202302059,2023-06-15,2023,6,Sat,23,23:14,18.543155,73.902301,South Avenue,Arterial,50,Mid-block,Clear,Dark - lit,Two-wheeler,Wrong-side driving,Minor,0,1
PN202303210,2023-06-15,2023,6,Sat,23,23:14,18.551252,73.967215,(unnamed road),Local,30,Junction,Clear,Dark - lit,Two-wheeler,Wrong-side driving,Minor,0,2
PN202303683,2023-06-16,2023,6,Sun,9,09:23,18.500799,73.925096,(unnamed road),Local,30,Mid-block,Rain,Daylight,Bus,Pothole/road condition,Minor,0,2
PN202303717,2023-06-16,2023,6,Sun,15,15:09,18.425998,73.812948,(unnamed road),Local,30,Mid-block,Rain,Daylight,Two-wheeler,Over-speeding,Minor,0,0
PN202301582,2023-06-16,2023,6,Sun,19,19:57,18.443567,73.856249,(unnamed road),Collector,40,Junction,Clear,Dark - unlit,Car,Over-speeding,Minor,0,2
PN202303400,2023-06-16,2023,6,Sun,21,21:10,18.580953,73.984892,Nagar Road,Highway,60,Junction,Rain,Dark - unlit,Two-wheeler,Rash/careless driving,Grievous,0,3
PN202303068,2023-06-17,2023,6,Mon,6,06:15,18.460928,73.869496,Swami Vivekanand Marg,Arterial,50,Junction,Cloudy,Dusk/Dawn,Car,Signal jumping,Minor,0,0
PN202300386,2023-06-17,2023,6,Mon,14,14:36,18.505443,73.917664,(unnamed road),Collector,40,Junction,Rain,Daylight,Two-wheeler,Over-speeding,Fatal,1,1
PN202302371,2023-06-17,2023,6,Mon,14,14:47,18.590741,73.773366,Kaspate Vasti Road,Arterial,50,Junction,Rain,Daylight,Auto-rickshaw,Over-speeding,Grievous,0,1
PN202303854,2023-06-17,2023,6,Mon,15,15:51,18.428136,73.732263,(unnamed road),Collector,40,Mid-block,Rain,Daylight,Two-wheeler,Over-speeding,Minor,0,1
PN202302041,2023-06-17,2023,6,Mon,16,16:38,18.64262,73.753309,(unnamed road),Arterial,50,Junction,Clear,Daylight,Truck/Tempo,Over-speeding,Fatal,1,1
PN202303203,2023-06-17,2023,6,Mon,16,16:39,18.530005,73.94373,Mundhwa Road,Arterial,40,Mid-block,Clear,Daylight,Car,Brake failure/vehicle defect,Fatal,1,2
PN202300421,2023-06-17,2023,6,Mon,16,16:52,18.609172,73.820591,(unnamed road),Arterial,40,Junction,Rain,Daylight,Truck/Tempo,Pothole/road condition,Grievous,0,3
PN202300547,2023-06-17,2023,6,Mon,23,23:28,18.576621,73.907795,Airport New Road,Arterial,50,Junction,Rain,Dark - lit,Truck/Tempo,Rash/careless driving,Minor,0,1
PN202302517,2023-06-18,2023,6,Tue,6,06:38,18.602402,73.77862,Maharastra Bhushan DR Shree Nanasahesb Dharmadhikari Flyover,Arterial,40,Mid-block,Rain,Dusk/Dawn,Car,Over-speeding,Grievous,0,1
PN202303171,2023-06-18,2023,6,Tue,19,19:35,18.565003,73.877307,Sant Dyaneshwar Marg,Arterial,50,Mid-block,Clear,Dark - unlit,Pedestrian,Pothole/road condition,Fatal,1,1
PN202302043,2023-06-18,2023,6,Tue,23,23:03,18.43876,73.750793,SH59,Arterial,50,Junction,Clear,Dark - lit,Pedestrian,Over-speeding,Minor,0,1
PN202303340,2023-06-19,2023,6,Wed,12,12:50,18.604025,73.750756,Hinjawadi - Chinchwad Road,Arterial,50,Mid-block,Cloudy,Daylight,Bicycle,Over-speeding,Minor,0,0
PN202302654,2023-06-20,2023,6,Thu,16,16:25,18.571669,73.954477,Nagar Road,Highway,60,Junction,Rain,Daylight,Truck/Tempo,Over-speeding,Grievous,0,1
PN202300911,2023-06-20,2023,6,Thu,23,23:51,18.497022,73.942688,Saswad Road,Highway,60,Mid-block,Clear,Dark - unlit,Two-wheeler,Over-speeding,Minor,0,0
PN202302223,2023-06-21,2023,6,Fri,7,07:00,18.566145,73.739569,Mhalunge - Nande Road,Arterial,50,Junction,Rain,Daylight,Auto-rickshaw,Over-speeding,Grievous,0,2
PN202302344,2023-06-22,2023,6,Sat,6,06:53,18.487853,73.794333,2nd Service Road,Collector,40,Junction,Rain,Dusk/Dawn,Two-wheeler,Over-speeding,Minor,0,0
PN202300903,2023-06-22,2023,6,Sat,11,11:09,18.502952,73.792444,Katraj - Dehu Road Bypass,Highway,80,Junction,Cloudy,Daylight,Truck/Tempo,Over-speeding,Fatal,2,2
PN202302987,2023-06-22,2023,6,Sat,12,12:04,18.567001,73.839033,Old Pune–Mumbai Highway,Highway,60,Junction,Clear,Daylight,Two-wheeler,Wrong-side driving,Fatal,1,2
PN202301368,2023-06-22,2023,6,Sat,21,21:24,18.563057,73.893338,(unnamed road),Collector,40,Junction,Rain,Dark - lit,Car,Rash/careless driving,Grievous,0,1
PN202303387,2023-06-23,2023,6,Sun,13,13:11,18.680444,73.810209,(unnamed road),Local,30,Mid-block,Clear,Daylight,Two-wheeler,Other,Minor,0,2
PN202301819,2023-06-23,2023,6,Sun,15,15:49,18.571955,73.711338,Thakar Nagar Road,Collector,40,Mid-block,Clear,Daylight,Two-wheeler,Other,Minor,0,0
PN202300463,2023-06-23,2023,6,Sun,16,16:52,18.500921,73.791533,Katraj - Dehu Road Bypass,Highway,80,Bridge/Slope,Rain,Daylight,Two-wheeler,Over-speeding,Minor,0,2
PN202301388,2023-06-24,2023,6,Mon,18,18:49,18.559634,73.949733,(unnamed road),Collector,40,Junction,Clear,Dusk/Dawn,Truck/Tempo,Drunk driving,Grievous,0,2
PN202302839,2023-06-24,2023,6,Mon,21,21:52,18.663192,73.715747,Mumbai - Pune Expressway,Highway,100,Mid-block,Rain,Dark - unlit,Bus,Pothole/road condition,Minor,0,2
PN202302493,2023-06-24,2023,6,Mon,22,22:35,18.57823,73.993563,(unnamed road),Arterial,50,Junction,Clear,Dark - lit,Two-wheeler,Rash/careless driving,Minor,0,1
PN202303437,2023-06-25,2023,6,Tue,11,11:30,18.427934,73.758552,Sinhagad Road,Arterial,50,Mid-block,Rain,Daylight,Two-wheeler,Over-speeding,Minor,0,2
PN202302489,2023-06-25,2023,6,Tue,11,11:33,18.553141,73.771435,Katraj - Dehu Road Bypass,Highway,80,Mid-block,Clear,Daylight,Auto-rickshaw,Over-speeding,Minor,0,1
PN202300207,2023-06-26,2023,6,Wed,1,01:12,18.605276,73.752596,Highway bypass,Arterial,20,Junction,Cloudy,Dark - lit,Pedestrian,Over-speeding,Grievous,0,3
PN202300964,2023-06-26,2023,6,Wed,4,04:32,18.457312,73.858225,Satara Road,Highway,60,Junction,Rain,Dark - unlit,Car,Drunk driving,Fatal,1,0
PN202300469,2023-06-26,2023,6,Wed,11,11:43,18.494837,73.787955,Katraj - Dehu Road Bypass,Highway,80,Bridge/Slope,Clear,Daylight,Car,Rash/careless driving,Minor,0,0
PN202302793,2023-06-26,2023,6,Wed,13,13:11,18.507829,73.779423,(unnamed road),Arterial,20,Mid-block,Clear,Daylight,Two-wheeler,Wrong-side driving,Minor,0,2
PN202302697,2023-06-26,2023,6,Wed,13,13:40,18.54157,73.885401,Koregaon Road,Arterial,30,Junction,Rain,Daylight,Bus,Over-speeding,Fatal,1,2
PN202301330,2023-06-26,2023,6,Wed,16,16:12,18.56381,73.828108,Sangvi - Bopodi New Bridge,Collector,40,Mid-block,Clear,Daylight,Two-wheeler,Wrong-side driving,Fatal,2,0
PN202303913,2023-06-26,2023,6,Wed,17,17:13,18.573627,73.755128,Mhalunge - Nande Road,Arterial,50,Junction,Cloudy,Daylight,Car,Drunk driving,Grievous,0,2
PN202301408,2023-06-27,2023,6,Thu,2,02:47,18.489704,73.857625,Satara Road,Highway,60,Junction,Clear,Dark - unlit,Two-wheeler,Over-speeding,Minor,0,2
PN202302048,2023-06-27,2023,6,Thu,10,10:52,18.59243,73.737341,Hinjawadi Phase 2 Road,Arterial,20,Mid-block,Clear,Daylight,Two-wheeler,Pothole/road condition,Grievous,0,2
PN202301202,2023-06-27,2023,6,Thu,15,15:25,18.532913,73.859775,Sangamwadi Road,Arterial,85,Junction,Clear,Daylight,Bus,Rash/careless driving,Grievous,0,1
PN202301536,2023-06-28,2023,6,Fri,11,11:20,18.509941,73.853581,Ramkrushna Mate Path,Local,30,Junction,Rain,Daylight,Pedestrian,Over-speeding,Minor,0,1
PN202302715,2023-06-28,2023,6,Fri,20,20:14,18.690735,73.796806,(unnamed road),Collector,30,Mid-block,Clear,Dark - lit,Two-wheeler,Rash/careless driving,Minor,0,2
PN202301314,2023-07-01,2023,7,Tue,9,09:28,18.682615,73.894197,Indrayani Nagar Road,Collector,40,Mid-block,Cloudy,Daylight,Car,Over-speeding,Minor,0,2
PN202301052,2023-07-01,2023,7,Tue,13,13:02,18.677095,73.881664,(unnamed road),Collector,40,Junction,Clear,Daylight,Two-wheeler,Over-speeding,Minor,0,2
PN202300390,2023-07-02,2023,7,Wed,10,10:32,18.60451,73.752144,exit to bhumkar wasti,Arterial,20,Junction,Rain,Daylight,Two-wheeler,Mobile phone use,Minor,0,1
PN202302443,2023-07-02,2023,7,Wed,20,20:17,18.445114,73.860152,(unnamed road),Local,30,Junction,Cloudy,Dark - lit,Two-wheeler,Over-speeding,Minor,0,2
PN202300411,2023-07-03,2023,7,Thu,6,06:20,18.486245,73.953425,Fursungi Bhekrai Road,Collector,40,Junction,Clear,Dusk/Dawn,Auto-rickshaw,Over-speeding,Grievous,0,3
PN202302365,2023-07-03,2023,7,Thu,7,07:47,18.461103,73.784602,Nanded Shivane Link Road,Collector,40,Junction,Rain,Daylight,Pedestrian,Over-speeding,Minor,0,1
PN202303725,2023-07-03,2023,7,Thu,15,15:07,18.522931,73.933846,Amanora Park Town Main Road,Arterial,50,Mid-block,Clear,Daylight,Two-wheeler,Over-speeding,Fatal,1,2
PN202303121,2023-07-03,2023,7,Thu,15,15:38,18.520824,73.871717,Babasaheb Ambedkar Marg,Arterial,50,Mid-block,Cloudy,Daylight,Car,Over-speeding,Fatal,1,0
PN202300751,2023-07-03,2023,7,Thu,18,18:25,18.495486,73.787955,Katraj - Dehu Road Bypass,Highway,80,Bridge/Slope,Rain,Dusk/Dawn,Car,Over-speeding,Grievous,0,1
PN202301715,2023-07-04,2023,7,Fri,4,04:24,18.667622,73.77979,(unnamed road),Arterial,50,Mid-block,Clear,Dark - unlit,Car,Over-speeding,Fatal,1,2
PN202301327,2023-07-04,2023,7,Fri,6,06:47,18.479016,73.857163,Satara Road,Highway,60,Junction,Clear,Dusk/Dawn,Two-wheeler,Over-speeding,Grievous,0,1
PN202302220,2023-07-04,2023,7,Fri,15,15:39,18.563856,73.942396,(unnamed road),Highway,50,Mid-block,Cloudy,Daylight,Car,Wrong-side driving,Minor,0,1
PN202301043,2023-07-04,2023,7,Fri,20,20:22,18.484853,73.827936,Sinhagad Road,Arterial,50,Junction,Rain,Dark - lit,Auto-rickshaw,Over-speeding,Grievous,0,2
PN202301449,2023-07-04,2023,7,Fri,21,21:50,18.545161,73.94375,(unnamed road),Arterial,50,Junction,Clear,Dark - unlit,Two-wheeler,Over-speeding,Fatal,1,0
PN202300648,2023-07-05,2023,7,Sat,14,14:18,18.459863,73.823851,Katraj - Dehu Road Bypass,Highway,60,Junction,Cloudy,Daylight,Truck/Tempo,Over-speeding,Minor,0,1
PN202301652,2023-07-05,2023,7,Sat,19,19:56,18.473856,73.958382,Saswad Road,Highway,60,Mid-block,Clear,Dark - unlit,Car,Rash/careless driving,Minor,0,1
PN202303761,2023-07-06,2023,7,Sun,10,10:21,18.542108,73.828419,Baner Road,Arterial,50,Junction,Clear,Daylight,Two-wheeler,Over-speeding,Fatal,1,2
PN202300559,2023-07-06,2023,7,Sun,14,14:35,18.606265,73.752204,Service Road,Arterial,50,Junction,Rain,Daylight,Car,Over-speeding,Minor,0,0
PN202300293,2023-07-07,2023,7,Mon,1,01:29,18.563163,73.932847,Nagar Road,Highway,60,Junction,Clear,Dark - unlit,Two-wheeler,Rash/careless driving,Grievous,0,1
PN202301639,2023-07-07,2023,7,Mon,21,21:43,18.605738,73.745252,(unnamed road),Local,30,Junction,Cloudy,Dark - lit,Two-wheeler,Rash/careless driving,Grievous,0,1
PN202302858,2023-07-08,2023,7,Tue,7,07:43,18.491915,73.885695,Kondhwa Marg,Arterial,50,Mid-block,Rain,Daylight,Pedestrian,Over-speeding,Grievous,0,1
PN202303456,2023-07-09,2023,7,Wed,19,19:51,18.691526,73.798905,Dehu - Alandi Road,Arterial,50,Mid-block,Rain,Dark - lit,Two-wheeler,Rash/careless driving,Minor,0,2
PN202301481,2023-07-09,2023,7,Wed,22,22:16,18.45169,73.881843,Katraj-Kondhwa Road,Highway,60,Junction,Clear,Dark - unlit,Truck/Tempo,Over-speeding,Grievous,0,2
PN202302285,2023-07-10,2023,7,Thu,19,19:08,18.665887,73.999537,SH58,Arterial,50,Mid-block,Rain,Dark - lit,Pedestrian,Over-speeding,Fatal,1,0
PN202303017,2023-07-10,2023,7,Thu,23,23:48,18.468712,73.857667,Sadguru Shankar Maharaj Uddanpul,Highway,60,Mid-block,Rain,Dark - unlit,Car,Over-speeding,Minor,0,1
PN202302353,2023-07-10,2023,7,Thu,23,23:58,18.618665,73.833493,Pune Nashik Road,Highway,60,Mid-block,Clear,Dark - unlit,Car,Other,Grievous,0,3
PN202302669,2023-07-11,2023,7,Fri,8,08:47,18.460245,73.793897,Nanded City Road,Collector,40,Junction,Rain,Daylight,Pedestrian,Over-speeding,Grievous,0,3
PN202300980,2023-07-11,2023,7,Fri,16,16:36,18.496882,73.942874,Saswad Road,Highway,60,Mid-block,Clear,Daylight,Car,Pothole/road condition,Grievous,0,2
PN202301031,2023-07-11,2023,7,Fri,17,17:24,18.5629,73.93004,Nagar Road,Highway,60,Junction,Clear,Daylight,Car,Over-speeding,Grievous,0,1
PN202300449,2023-07-12,2023,7,Sat,4,04:24,18.484948,73.953339,Saswad Road,Highway,60,Junction,Rain,Dark - unlit,Bus,Brake failure/vehicle defect,Grievous,0,1
PN202300511,2023-07-12,2023,7,Sat,14,14:00,18.557122,73.944374,(unnamed road),Collector,40,Junction,Rain,Daylight,Auto-rickshaw,Rash/careless driving,Grievous,0,3
PN202303361,2023-07-12,2023,7,Sat,16,16:38,18.64753,73.971876,(unnamed road),Local,30,Junction,Clear,Daylight,Two-wheeler,Over-speeding,Grievous,0,3
PN202302339,2023-07-13,2023,7,Sun,21,21:10,18.562215,73.851955,General Thimayya Road,Arterial,50,Junction,Clear,Dark - lit,Bus,Other,Grievous,0,3
PN202301290,2023-07-14,2023,7,Mon,9,09:43,18.682522,73.847479,Pune Nashik Road,Highway,60,Junction,Clear,Daylight,Truck/Tempo,Over-speeding,Fatal,1,0
PN202302332,2023-07-14,2023,7,Mon,20,20:15,18.558493,73.785415,(unnamed road),Collector,40,Junction,Cloudy,Dark - lit,Two-wheeler,Over-speeding,Fatal,1,0
PN202300162,2023-07-14,2023,7,Mon,23,23:50,18.430848,73.840425,Ambegaon Viaduct,Highway,75,Bridge/Slope,Rain,Dark - unlit,Car,Wrong-side driving,Fatal,1,0
PN202300617,2023-07-14,2023,7,Mon,23,23:58,18.455267,73.826812,Sinhagad Road Exit,Highway,40,Bridge/Slope,Cloudy,Dark - unlit,Two-wheeler,Mobile phone use,Grievous,0,2
PN202301509,2023-07-15,2023,7,Tue,9,09:41,18.45411,73.838262,Katraj - Dehu Road Bypass,Highway,60,Mid-block,Clear,Daylight,Bicycle,Rash/careless driving,Minor,0,2
PN202302152,2023-07-15,2023,7,Tue,9,09:52,18.431061,73.980134,NH965,Highway,60,Junction,Clear,Daylight,Car,Rash/careless driving,Grievous,0,1
PN202300388,2023-07-15,2023,7,Tue,12,12:24,18.443648,73.973192,Saswad Road,Highway,60,Mid-block,Clear,Daylight,Bus,Over-speeding,Fatal,1,1
PN202301189,2023-07-15,2023,7,Tue,16,16:26,18.435428,73.858794,(unnamed road),Local,30,Junction,Clear,Daylight,Two-wheeler,Over-speeding,Grievous,0,3
PN202303038,2023-07-15,2023,7,Tue,21,21:46,18.507328,73.774784,Paud Road,Arterial,50,Junction,Rain,Dark - unlit,Two-wheeler,Over-speeding,Fatal,1,1
PN202303064,2023-07-15,2023,7,Tue,21,21:48,18.636143,73.797234,Chinchwad Chowk Underpass,Highway,80,Junction,Clear,Dark - unlit,Two-wheeler,Over-speeding,Fatal,1,2
PN202303188,2023-07-15,2023,7,Tue,23,23:34,18.646619,73.880471,Alandi Road,Collector,40,Junction,Rain,Dark - lit,Two-wheeler,Over-speeding,Fatal,1,0
PN202303246,2023-07-16,2023,7,Wed,11,11:16,18.493594,73.99007,Solapur Road,Highway,60,Mid-block,Cloudy,Daylight,Pedestrian,Signal jumping,Fatal,1,0
PN202302601,2023-07-17,2023,7,Thu,0,00:16,18.679834,73.833581,DP Road,Collector,40,Junction,Rain,Dark - lit,Auto-rickshaw,Over-speeding,Minor,0,2
PN202300035,2023-07-17,2023,7,Thu,7,07:54,18.484371,73.800023,Katraj - Dehu Road Bypass,Highway,80,Junction,Clear,Daylight,Pedestrian,Over-speeding,Fatal,1,0
PN202302468,2023-07-17,2023,7,Thu,18,18:05,18.644939,73.75742,Ravet Village Road,Arterial,50,Mid-block,Cloudy,Dusk/Dawn,Pedestrian,Pothole/road condition,Grievous,0,2
PN202302780,2023-07-17,2023,7,Thu,20,20:02,18.552134,73.937377,Kharadi Bypass,Highway,60,Mid-block,Rain,Dark - unlit,Two-wheeler,Over-speeding,Fatal,1,0
PN202301180,2023-07-18,2023,7,Fri,10,10:09,18.625406,73.756876,Aundh Ravet Road,Arterial,40,Junction,Rain,Daylight,Car,Over-speeding,Minor,0,0
PN202302483,2023-07-18,2023,7,Fri,12,12:00,18.484743,73.889787,Chhatrapati Shivaji Maharaj Flyover,Arterial,50,Mid-block,Clear,Daylight,Bicycle,Rash/careless driving,Grievous,0,3
PN202301287,2023-07-18,2023,7,Fri,15,15:41,18.593619,73.92289,Lohgaon - Wagholi Road,Arterial,50,Junction,Clear,Daylight,Bus,Over-speeding,Fatal,1,2
PN202301483,2023-07-19,2023,7,Sat,15,15:14,18.501555,73.879178,Kondhwa Marg,Arterial,50,Mid-block,Clear,Daylight,Pedestrian,Rash/careless driving,Grievous,0,2
PN202301953,2023-07-19,2023,7,Sat,18,18:21,18.56422,73.780188,Gopal Hari Deshmukh Marg,Arterial,50,Junction,Rain,Dusk/Dawn,Car,Over-speeding,Minor,0,1
PN202301856,2023-07-20,2023,7,Sun,11,11:24,18.617984,73.838242,Pune Nashik Road,Highway,60,Mid-block,Clear,Daylight,Truck/Tempo,Over-speeding,Grievous,0,3
PN202303141,2023-07-20,2023,7,Sun,12,12:36,18.504689,73.83882,Anant Kanhere Path,Arterial,50,Junction,Clear,Daylight,Two-wheeler,Over-speeding,Grievous,0,1
PN202302055,2023-07-21,2023,7,Mon,1,01:30,18.597336,73.939728,(unnamed road),Local,30,Junction,Clear,Dark - unlit,Two-wheeler,Over-speeding,Grievous,0,3
PN202303799,2023-07-21,2023,7,Mon,19,19:17,18.643917,73.723061,(unnamed road),Local,30,Mid-block,Rain,Dark - lit,Car,Over-speeding,Minor,0,0
PN202301356,2023-07-21,2023,7,Mon,21,21:41,18.50086,73.900074,(unnamed road),Local,30,Mid-block,Clear,Dark - lit,Auto-rickshaw,Over-speeding,Grievous,0,2
PN202301439,2023-07-21,2023,7,Mon,22,22:26,18.568922,73.879377,Sant Dyaneshwar Marg,Arterial,50,Mid-block,Rain,Dark - lit,Two-wheeler,Over-speeding,Grievous,0,1
PN202303809,2023-07-22,2023,7,Tue,1,01:38,18.59749,73.918778,Dhaonri - Lohgaon Road,Arterial,50,Junction,Clear,Dark - unlit,Two-wheeler,Over-speeding,Fatal,1,2
PN202302515,2023-07-22,2023,7,Tue,19,19:35,18.523349,73.932727,Amanora Park Town Main Road,Arterial,50,Junction,Cloudy,Dark - unlit,Car,Over-speeding,Grievous,0,1
PN202300332,2023-07-23,2023,7,Wed,0,00:47,18.559561,73.931134,(unnamed road),Collector,40,Junction,Cloudy,Dark - lit,Two-wheeler,Pothole/road condition,Grievous,0,2
PN202303396,2023-07-23,2023,7,Wed,22,22:05,18.547706,73.851588,Old Pune–Mumbai Highway,Highway,60,Junction,Clear,Dark - unlit,Bus,Over-speeding,Fatal,2,2
PN202302985,2023-07-24,2023,7,Thu,1,01:04,18.527482,73.87209,Sassoon Marg,Arterial,50,Mid-block,Clear,Dark - lit,Two-wheeler,Over-speeding,Fatal,1,0
PN202301943,2023-07-24,2023,7,Thu,8,08:00,18.501408,73.932428,Solapur Road,Arterial,50,Junction,Clear,Daylight,Two-wheeler,Wrong-side driving,Fatal,1,2
PN202303127,2023-07-24,2023,7,Thu,10,10:43,18.45864,73.975797,(unnamed road),Local,30,Mid-block,Rain,Daylight,Two-wheeler,Over-speeding,Minor,0,0
PN202302300,2023-07-24,2023,7,Thu,12,12:26,18.59716,73.900201,Dhanori - Lohgaon Road,Arterial,50,Mid-block,Clear,Daylight,Car,Over-speeding,Fatal,1,0
PN202300655,2023-07-24,2023,7,Thu,20,20:36,18.460398,73.822594,Katraj - Dehu Road Bypass,Highway,60,Bridge/Slope,Clear,Dark - unlit,Truck/Tempo,Brake failure/vehicle defect,Grievous,0,2
PN202300446,2023-07-25,2023,7,Fri,12,12:46,18.460876,73.822483,Katraj - Dehu Road Bypass,Highway,60,Junction,Clear,Daylight,Two-wheeler,Over-speeding,Fatal,1,2
PN202303269,2023-07-25,2023,7,Fri,16,16:15,18.538395,73.906188,GDP Road,Arterial,50,Mid-block,Rain,Daylight,Bus,Over-speeding,Grievous,0,3
PN202302816,2023-07-25,2023,7,Fri,17,17:49,18.530683,73.875429,Raja Bahadur Mill Marg,Highway,60,Junction,Clear,Daylight,Truck/Tempo,Wrong-side driving,Minor,0,1
PN202303569,2023-07-25,2023,7,Fri,21,21:36,18.632105,73.850061,Pune Nashik Road,Highway,60,Junction,Clear,Dark - unlit,Two-wheeler,Over-speeding,Grievous,0,3
PN202302081,2023-07-26,2023,7,Sat,18,18:36,18.505667,73.791884,Katraj - Dehu Road Bypass,Highway,80,Mid-block,Clear,Dusk/Dawn,Truck/Tempo,Over-speeding,Grievous,0,2
PN202301494,2023-07-26,2023,7,Sat,20,20:07,18.730359,73.859728,Chakan-Alandi (Alankapuri) Road,Arterial,40,Mid-block,Rain,Dark - unlit,Bus,Rash/careless driving,Minor,0,0
PN202300586,2023-07-26,2023,7,Sat,21,21:25,18.496068,73.787857,Katraj - Dehu Road Bypass,Highway,80,Bridge/Slope,Rain,Dark - unlit,Two-wheeler,Brake failure/vehicle defect,Fatal,2,2
PN202301203,2023-07-27,2023,7,Sun,6,06:01,18.664207,73.795213,(unnamed road),Arterial,50,Junction,Clear,Dusk/Dawn,Two-wheeler,Over-speeding,Minor,0,1
PN202301318,2023-07-27,2023,7,Sun,12,12:08,18.591984,73.917345,Lohgaon Road,Arterial,50,Mid-block,Cloudy,Daylight,Pedestrian,Over-speeding,Minor,0,1
PN202300197,2023-07-27,2023,7,Sun,16,16:00,18.496566,73.78815,Katraj - Dehu Road Bypass,Highway,80,Bridge/Slope,Rain,Daylight,Two-wheeler,Over-speeding,Fatal,1,0
PN202303333,2023-07-27,2023,7,Sun,16,16:16,18.46026,73.772603,(unnamed road),Local,30,Junction,Clear,Daylight,Two-wheeler,Over-speeding,Grievous,0,3
PN202300950,2023-07-27,2023,7,Sun,16,16:53,18.60626,73.75374,(unnamed road),Arterial,40,Junction,Clear,Daylight,Truck/Tempo,Mobile phone use,Grievous,0,3
PN202301906,2023-07-27,2023,7,Sun,21,21:06,18.602382,73.776431,Kaspate Vasti Road,Arterial,50,Junction,Cloudy,Dark - lit,Two-wheeler,Over-speeding,Grievous,0,3
PN202302712,2023-07-28,2023,7,Mon,18,18:09,18.644993,73.84553,Vaishnao Mata Marg,Arterial,50,Junction,Clear,Dusk/Dawn,Two-wheeler,Mobile phone use,Grievous,0,2
PN202303461,2023-07-28,2023,7,Mon,20,20:29,18.669111,73.778975,(unnamed road),Local,30,Junction,Rain,Dark - lit,Car,Over-speeding,Minor,0,0
PN202301747,2023-08-01,2023,8,Fri,6,06:27,18.422276,73.985134,Dive Ghat,Highway,60,Mid-block,Clear,Dusk/Dawn,Pedestrian,Over-speeding,Grievous,0,2
PN202301867,2023-08-01,2023,8,Fri,22,22:01,18.42776,73.981096,Saswad Road,Highway,60,Mid-block,Rain,Dark - unlit,Two-wheeler,Pothole/road condition,Grievous,0,2
PN202300444,2023-08-02,2023,8,Sat,7,07:35,18.443588,73.837125,Katraj - Dehu Road Bypass,Highway,85,Bridge/Slope,Clear,Daylight,Two-wheeler,Over-speeding,Fatal,1,2
PN202300238,2023-08-02,2023,8,Sat,12,12:49,18.486464,73.953119,Fursungi Bhekrai Road,Collector,40,Junction,Rain,Daylight,Two-wheeler,Pothole/road condition,Grievous,0,3
PN202303489,2023-08-02,2023,8,Sat,13,13:12,18.64497,73.777021,Svatantryaveer Savarkar Path,Arterial,50,Junction,Cloudy,Daylight,Two-wheeler,Wrong-side driving,Minor,0,2
PN202303875,2023-08-03,2023,8,Sun,3,03:12,18.510177,73.872386,Padamjee Road,Collector,40,Mid-block,Clear,Dark - lit,Two-wheeler,Rash/careless driving,Minor,0,1
PN202301925,2023-08-03,2023,8,Sun,18,18:55,18.688333,73.846406,Pune Nashik Road,Highway,60,Mid-block,Rain,Dusk/Dawn,Two-wheeler,Mobile phone use,Fatal,1,2
PN202303518,2023-08-03,2023,8,Sun,19,19:36,18.462161,73.963871,Saswad Road,Highway,60,Mid-block,Clear,Dark - unlit,Two-wheeler,Over-speeding,Fatal,2,2
PN202303793,2023-08-03,2023,8,Sun,22,22:48,18.57001,73.765753,Baner Exit Ramp,Arterial,50,Mid-block,Clear,Dark - lit,Truck/Tempo,Drunk driving,Minor,0,1
PN202302230,2023-08-04,2023,8,Mon,12,12:11,18.661232,73.770813,Bhakti Shakti Circle Flyover,Arterial,50,Junction,Clear,Daylight,Two-wheeler,Over-speeding,Grievous,0,2
PN202300384,2023-08-04,2023,8,Mon,19,19:02,18.431005,73.839942,Ambegaon Viaduct,Highway,75,Bridge/Slope,Clear,Dark - unlit,Car,Over-speeding,Fatal,1,2
PN202301596,2023-08-04,2023,8,Mon,20,20:26,18.426457,73.815116,(unnamed road),Local,30,Mid-block,Clear,Dark - lit,Two-wheeler,Other,Fatal,1,0
PN202303721,2023-08-05,2023,8,Tue,12,12:35,18.595345,73.903011,(unnamed road),Local,30,Junction,Rain,Daylight,Auto-rickshaw,Over-speeding,Minor,0,1
PN202302286,2023-08-05,2023,8,Tue,18,18:34,18.502234,73.928449,Solapur Road,Highway,60,Mid-block,Clear,Dusk/Dawn,Two-wheeler,Signal jumping,Minor,0,2
PN202300057,2023-08-05,2023,8,Tue,19,19:23,18.486229,73.95345,Fursungi Bhekrai Road,Collector,40,Junction,Rain,Dark - lit,Two-wheeler,Brake failure/vehicle defect,Grievous,0,1
PN202302736,2023-08-06,2023,8,Wed,16,16:39,18.555356,73.770503,(unnamed road),Collector,40,Junction,Cloudy,Daylight,Car,Over-speeding,Minor,0,2
PN202303126,2023-08-06,2023,8,Wed,17,17:27,18.445962,73.883715,(unnamed road),Local,30,Mid-block,Rain,Daylight,Auto-rickshaw,Over-speeding,Minor,0,2
PN202301028,2023-08-06,2023,8,Wed,20,20:53,18.606309,73.754995,Phoenix Mall Road,Collector,40,Junction,Clear,Dark - lit,Car,Over-speeding,Grievous,0,2
PN202301782,2023-08-06,2023,8,Wed,22,22:53,18.663271,73.833797,JadhavWadi Road,Collector,40,Mid-block,Rain,Dark - unlit,Two-wheeler,Over-speeding,Minor,0,2
PN202303013,2023-08-06,2023,8,Wed,23,23:03,18.508683,73.83117,Karve Road,Arterial,50,Junction,Rain,Dark - lit,Car,Over-speeding,Minor,0,2
PN202302872,2023-08-06,2023,8,Wed,23,23:48,18.479992,73.789905,(unnamed road),Local,30,Mid-block,Rain,Dark - lit,Two-wheeler,Over-speeding,Grievous,0,3
PN202303832,2023-08-07,2023,8,Thu,19,19:04,18.49362,73.98988,Solapur Road,Highway,60,Mid-block,Clear,Dark - unlit,Two-wheeler,Over-speeding,Grievous,0,2
PN202303104,2023-08-08,2023,8,Fri,18,18:24,18.458499,73.815911,Narhe Road,Collector,40,Junction,Clear,Dusk/Dawn,Bus,Rash/careless driving,Grievous,0,1
PN202302442,2023-08-09,2023,8,Sat,9,09:06,18.606404,73.822819,Bharatratna J.R.D Tata Flyover,Highway,60,Mid-block,Rain,Daylight,Car,Other,Minor,0,0
PN202300339,2023-08-09,2023,8,Sat,14,14:32,18.46087,73.822494,Katraj - Dehu Road Bypass,Highway,60,Junction,Rain,Daylight,Car,Over-speeding,Minor,0,2
PN202302761,2023-08-09,2023,8,Sat,16,16:27,18.651761,73.807572,Nigdi Bhosari Road,Arterial,50,Junction,Rain,Daylight,Car,Over-speeding,Grievous,0,3
PN202303597,2023-08-09,2023,8,Sat,20,20:38,18.660701,73.763426,Appu Ghar-Shubham Park Road,Arterial,50,Mid-block,Rain,Dark - unlit,Two-wheeler,Mobile phone use,Fatal,1,1
PN202302501,2023-08-09,2023,8,Sat,20,20:39,18.448917,73.855678,Katraj - Dehu Road Bypass,Highway,60,Junction,Rain,Dark - unlit,Car,Over-speeding,Fatal,1,2
PN202303385,2023-08-10,2023,8,Sun,12,12:34,18.480212,73.805132,Karve Road,Arterial,50,Mid-block,Rain,Daylight,Truck/Tempo,Over-speeding,Grievous,0,1
PN202301729,2023-08-10,2023,8,Sun,17,17:28,18.439468,73.855953,(unnamed road),Local,30,Junction,Rain,Daylight,Car,Wrong-side driving,Grievous,0,2
PN202300054,2023-08-10,2023,8,Sun,20,20:50,18.604649,73.751533,(unnamed road),Arterial,40,Junction,Rain,Dark - lit,Two-wheeler,Over-speeding,Grievous,0,3
PN202300833,2023-08-10,2023,8,Sun,22,22:59,18.430013,73.841078,Katraj - Dehu Road Bypass,Highway,80,Bridge/Slope,Clear,Dark - unlit,Auto-rickshaw,Drunk driving,Fatal,1,2
PN202302124,2023-08-11,2023,8,Mon,14,14:33,18.529765,73.874407,Raja Bahadur Mill Marg,Highway,60,Mid-block,Rain,Daylight,Two-wheeler,Over-speeding,Grievous,0,2
PN202301308,2023-08-11,2023,8,Mon,19,19:58,18.432248,73.887044,(unnamed road),Local,30,Mid-block,Clear,Dark - lit,Bicycle,Over-speeding,Minor,0,0
PN202303710,2023-08-11,2023,8,Mon,23,23:37,18.574708,73.951634,(unnamed road),Local,30,Junction,Cloudy,Dark - unlit,Two-wheeler,Drunk driving,Minor,0,2
PN202302126,2023-08-12,2023,8,Tue,10,10:10,18.457439,73.829215,(unnamed road),Collector,40,Mid-block,Rain,Daylight,Car,Over-speeding,Grievous,0,3
PN202302009,2023-08-12,2023,8,Tue,10,10:26,18.583963,73.953014,(unnamed road),Local,30,Junction,Clear,Daylight,Car,Over-speeding,Fatal,1,2
PN202303909,2023-08-12,2023,8,Tue,12,12:30,18.455437,73.851626,(unnamed road),Local,30,Mid-block,Clear,Daylight,Pedestrian,Over-speeding,Minor,0,0
PN202303374,2023-08-12,2023,8,Tue,18,18:46,18.530133,73.854694,Mokshagundam Vishweshvarayya Flyover,Highway,30,Mid-block,Clear,Dusk/Dawn,Two-wheeler,Signal jumping,Grievous,0,1
PN202301654,2023-08-13,2023,8,Wed,7,07:28,18.662755,73.774266,(unnamed road),Highway,60,Mid-block,Rain,Daylight,Car,Over-speeding,Grievous,0,2
PN202302322,2023-08-13,2023,8,Wed,15,15:49,18.63972,73.823421,Nigdi Bhosari Road,Arterial,50,Mid-block,Clear,Daylight,Two-wheeler,Mobile phone use,Grievous,0,2
PN202302172,2023-08-13,2023,8,Wed,17,17:09,18.494029,73.850491,Golwalkar Guruji Road,Collector,30,Junction,Rain,Daylight,Two-wheeler,Over-speeding,Minor,0,0
PN202302879,2023-08-13,2023,8,Wed,18,18:00,18.596707,73.794391,Wakad - Nashik Phata BRTS Road | Wakad - Bhosari BRTS Road | Nashik Phata Road,Arterial,50,Mid-block,Clear,Dusk/Dawn,Pedestrian,Pothole/road condition,Minor,0,0
PN202301506,2023-08-13,2023,8,Wed,19,19:20,18.596251,73.90159,(unnamed road),Local,30,Mid-block,Clear,Dark - lit,Pedestrian,Over-speeding,Grievous,0,2
PN202303391,2023-08-13,2023,8,Wed,19,19:53,18.686116,73.83203,(unnamed road),Local,30,Mid-block,Rain,Dark - lit,Two-wheeler,Signal jumping,Minor,0,1
PN202301477,2023-08-13,2023,8,Wed,23,23:38,18.453396,73.927759,NH548DD,Highway,60,Junction,Rain,Dark - unlit,Truck/Tempo,Over-speeding,Fatal,2,2
PN202302108,2023-08-14,2023,8,Thu,19,19:46,18.569237,73.733152,Maan - Mhalunge Connector Bridge,Arterial,50,Mid-block,Clear,Dark - lit,Pedestrian,Over-speeding,Grievous,0,2
PN202300010,2023-08-15,2023,8,Fri,1,01:43,18.45939,73.824069,Navale Flyover,Highway,80,Bridge/Slope,Cloudy,Dark - unlit,Bus,Rash/careless driving,Fatal,2,0
PN202302341,2023-08-15,2023,8,Fri,16,16:23,18.597172,73.798694,(unnamed road),Local,30,Junction,Rain,Daylight,Two-wheeler,Pothole/road condition,Minor,0,2
PN202302948,2023-08-16,2023,8,Sat,12,12:30,18.649809,73.914847,(unnamed road),Local,30,Mid-block,Rain,Daylight,Two-wheeler,Pothole/road condition,Grievous,0,1
PN202302926,2023-08-16,2023,8,Sat,16,16:52,18.488368,73.945042,(unnamed road),Local,30,Mid-block,Clear,Daylight,Two-wheeler,Over-speeding,Grievous,0,3
PN202302347,2023-08-16,2023,8,Sat,21,21:00,18.498358,73.71871,Paud Road,Arterial,50,Mid-block,Rain,Dark - lit,Pedestrian,Over-speeding,Fatal,1,0
PN202302509,2023-08-17,2023,8,Sun,0,00:53,18.482833,73.879183,Prabodhankar Thakare Path,Arterial,50,Mid-block,Clear,Dark - lit,Two-wheeler,Over-speeding,Fatal,2,2
PN202302637,2023-08-18,2023,8,Mon,9,09:18,18.567016,73.793875,(unnamed road),Collector,40,Junction,Cloudy,Daylight,Truck/Tempo,Wrong-side driving,Grievous,0,2
PN202301911,2023-08-18,2023,8,Mon,12,12:54,18.52853,73.932425,Mundhwa Road Railway Flyover,Highway,30,Mid-block,Rain,Daylight,Bus,Wrong-side driving,Grievous,0,1
PN202301560,2023-08-18,2023,8,Mon,16,16:10,18.41621,73.731503,SH59,Arterial,50,Mid-block,Cloudy,Daylight,Two-wheeler,Rash/careless driving,Grievous,0,2
PN202302550,2023-08-18,2023,8,Mon,21,21:04,18.654166,73.932811,(unnamed road),Local,30,Junction,Clear,Dark - lit,Bicycle,Over-speeding,Fatal,1,1
PN202300105,2023-08-18,2023,8,Mon,23,23:43,18.578281,73.906943,(unnamed road),Arterial,50,Junction,Rain,Dark - unlit,Two-wheeler,Signal jumping,Fatal,1,1
PN202300852,2023-08-19,2023,8,Tue,15,15:50,18.560974,73.931158,(unnamed road),Collector,40,Junction,Clear,Daylight,Two-wheeler,Brake failure/vehicle defect,Grievous,0,2
PN202301193,2023-08-19,2023,8,Tue,22,22:53,18.657875,73.791455,Chikhali-Akurdi Road,Arterial,50,Mid-block,Clear,Dark - lit,Two-wheeler,Over-speeding,Grievous,0,2
PN202300657,2023-08-20,2023,8,Wed,19,19:50,18.506545,73.785604,Paud Road,Arterial,27,Junction,Rain,Dark - lit,Car,Other,Minor,0,2
PN202301455,2023-08-22,2023,8,Fri,6,06:41,18.566018,73.83128,Bhau Patil Path,Arterial,50,Junction,Clear,Dusk/Dawn,Car,Over-speeding,Fatal,1,1
PN202300222,2023-08-22,2023,8,Fri,13,13:53,18.45493,73.85877,Satara Road,Highway,60,Junction,Cloudy,Daylight,Car,Rash/careless driving,Grievous,0,2
PN202303364,2023-08-23,2023,8,Sat,2,02:11,18.509862,73.961605,(unnamed road),Local,30,Junction,Clear,Dark - lit,Two-wheeler,Over-speeding,Grievous,0,2
PN202303620,2023-08-23,2023,8,Sat,9,09:32,18.541834,73.817379,Abhimanshree Society Road,Collector,20,Junction,Clear,Daylight,Truck/Tempo,Rash/careless driving,Grievous,0,2
PN202303665,2023-08-23,2023,8,Sat,13,13:53,18.549104,73.893005,Nagar Road,Highway,60,Mid-block,Rain,Daylight,Two-wheeler,Other,Minor,0,0
PN202303314,2023-08-24,2023,8,Sun,10,10:14,18.671659,73.802551,(unnamed road),Local,30,Mid-block,Clear,Daylight,Pedestrian,Over-speeding,Grievous,0,2
PN202301754,2023-08-24,2023,8,Sun,16,16:00,18.56056,73.845835,Breman Chowk - Khadki Bazar Road,Arterial,50,Mid-block,Clear,Daylight,Two-wheeler,Pothole/road condition,Minor,0,0
PN202303795,2023-08-25,2023,8,Mon,15,15:38,18.673391,73.725186,(unnamed road),Arterial,50,Junction,Clear,Daylight,Two-wheeler,Over-speeding,Grievous,0,3
PN202301833,2023-08-25,2023,8,Mon,19,19:20,18.621568,73.790468,(unnamed road),Arterial,50,Junction,Rain,Dark - lit,Auto-rickshaw,Wrong-side driving,Grievous,0,2
PN202301222,2023-08-27,2023,8,Wed,9,09:11,18.477471,73.90227,NIBM Road,Collector,40,Junction,Clear,Daylight,Two-wheeler,Drunk driving,Grievous,0,2
PN202300465,2023-08-27,2023,8,Wed,11,11:16,18.446456,73.835228,Katraj - Dehu Road Bypass,Highway,85,Bridge/Slope,Cloudy,Daylight,Pedestrian,Rash/careless driving,Grievous,0,3
PN202301077,2023-08-27,2023,8,Wed,14,14:01,18.500036,73.86415,(unnamed road),Collector,40,Junction,Clear,Daylight,Car,Wrong-side driving,Minor,0,1
PN202300776,2023-08-27,2023,8,Wed,19,19:48,18.455603,73.858741,Satara Road,Highway,60,Junction,Clear,Dark - unlit,Two-wheeler,Rash/careless driving,Fatal,1,0
PN202303043,2023-09-01,2023,9,Mon,21,21:53,18.440706,73.974845,Saswad Road,Highway,60,Junction,Clear,Dark - unlit,Car,Over-speeding,Fatal,1,0
PN202302148,2023-09-02,2023,9,Tue,0,00:59,18.690479,73.819257,(unnamed road),Collector,40,Mid-block,Rain,Dark - lit,Two-wheeler,Over-speeding,Fatal,1,2
PN202301355,2023-09-02,2023,9,Tue,2,02:16,18.68681,73.720645,Katraj - Dehu Road Bypass,Highway,60,Junction,Clear,Dark - unlit,Truck/Tempo,Drunk driving,Minor,0,0
PN202303452,2023-09-02,2023,9,Tue,14,14:36,18.507386,73.774668,Paud Road,Arterial,50,Junction,Clear,Daylight,Truck/Tempo,Rash/careless driving,Minor,0,2
PN202302324,2023-09-02,2023,9,Tue,17,17:54,18.553455,73.900783,Nagar Road,Highway,60,Mid-block,Rain,Daylight,Car,Over-speeding,Fatal,1,0
PN202302640,2023-09-02,2023,9,Tue,18,18:18,18.442137,73.827185,(unnamed road),Local,30,Junction,Rain,Dusk/Dawn,Two-wheeler,Over-speeding,Fatal,1,2
PN202303120,2023-09-02,2023,9,Tue,22,22:43,18.675532,73.787441,Talawade Road,Arterial,50,Junction,Clear,Dark - lit,Two-wheeler,Over-speeding,Minor,0,1
PN202300052,2023-09-03,2023,9,Wed,13,13:57,18.460387,73.822609,Katraj - Dehu Road Bypass,Highway,60,Bridge/Slope,Clear,Daylight,Truck/Tempo,Over-speeding,Minor,0,2
PN202300922,2023-09-03,2023,9,Wed,19,19:40,18.429202,73.841565,Katraj - Dehu Road Bypass,Highway,80,Bridge/Slope,Rain,Dark - unlit,Truck/Tempo,Wrong-side driving,Fatal,1,2
PN202301436,2023-09-04,2023,9,Thu,11,11:30,18.678789,73.741692,(unnamed road),Highway,40,Junction,Clear,Daylight,Car,Over-speeding,Minor,0,2
PN202300360,2023-09-04,2023,9,Thu,22,22:59,18.459798,73.823913,Katraj - Dehu Road Bypass,Highway,60,Junction,Rain,Dark - unlit,Truck/Tempo,Over-speeding,Grievous,0,2
PN202303528,2023-09-05,2023,9,Fri,14,14:36,18.658932,73.958945,(unnamed road),Local,30,Junction,Rain,Daylight,Two-wheeler,Over-speeding,Grievous,0,1
PN202301138,2023-09-05,2023,9,Fri,22,22:33,18.460557,73.822564,Navale Flyover,Highway,80,Mid-block,Cloudy,Dark - unlit,Car,Over-speeding,Minor,0,2
PN202303813,2023-09-06,2023,9,Sat,10,10:21,18.658236,73.724212,Gahunje - Mukai Chowk Kiwale - Ravet Road,Arterial,50,Junction,Cloudy,Daylight,Pedestrian,Over-speeding,Minor,0,1
PN202301667,2023-09-06,2023,9,Sat,17,17:41,18.533269,73.94013,Keshav Nagar Road,Collector,30,Junction,Clear,Daylight,Auto-rickshaw,Pothole/road condition,Minor,0,2
PN202300203,2023-09-06,2023,9,Sat,17,17:55,18.461145,73.822062,Katraj - Dehu Road Bypass,Highway,60,Bridge/Slope,Clear,Daylight,Two-wheeler,Other,Fatal,1,0
PN202303629,2023-09-07,2023,9,Sun,17,17:22,18.527039,73.829724,Senapati Bapat Marg,Arterial,50,Mid-block,Rain,Daylight,Two-wheeler,Over-speeding,Minor,0,2
PN202300225,2023-09-07,2023,9,Sun,17,17:31,18.454429,73.857715,Khashaba Jadhav Path | Lane Number 6,Collector,40,Junction,Rain,Daylight,Two-wheeler,Mobile phone use,Grievous,0,2
PN202300764,2023-09-08,2023,9,Mon,15,15:09,18.445108,73.836168,Katraj - Dehu Road Bypass,Highway,85,Bridge/Slope,Clear,Daylight,Two-wheeler,Over-speeding,Fatal,1,1
PN202302752,2023-09-08,2023,9,Mon,19,19:24,18.624815,73.874438,Sant Dyaneshwar Marg,Arterial,50,Mid-block,Clear,Dark - lit,Two-wheeler,Over-speeding,Minor,0,1
PN202302170,2023-09-08,2023,9,Mon,21,21:54,18.557818,73.955134,Grant Road,Arterial,50,Mid-block,Rain,Dark - unlit,Car,Over-speeding,Grievous,0,1
PN202302599,2023-09-10,2023,9,Wed,9,09:40,18.459155,73.876886,(unnamed road),Local,30,Junction,Clear,Daylight,Pedestrian,Over-speeding,Minor,0,1
PN202300408,2023-09-10,2023,9,Wed,21,21:17,18.501002,73.938254,Shree Sant Dnyaneshwar Maharaj and Shree Sant Tukaram Maharaj Flyover,Highway,60,Junction,Clear,Dark - unlit,Truck/Tempo,Over-speeding,Fatal,1,2
PN202303193,2023-09-11,2023,9,Thu,6,06:14,18.728812,73.821458,(unnamed road),Collector,40,Mid-block,Rain,Dusk/Dawn,Bus,Over-speeding,Grievous,0,3
PN202300120,2023-09-11,2023,9,Thu,15,15:38,18.459969,73.82373,Katraj - Dehu Road Bypass,Highway,60,Junction,Clear,Daylight,Truck/Tempo,Brake failure/vehicle defect,Fatal,1,1
PN202303091,2023-09-12,2023,9,Fri,19,19:37,18.471598,73.888936,Kondhwa Main Road,Arterial,50,Junction,Clear,Dark - lit,Bus,Over-speeding,Grievous,0,2
PN202303786,2023-09-12,2023,9,Fri,22,22:01,18.549613,73.936906,Kharadi Bypass,Highway,60,Mid-block,Cloudy,Dark - unlit,Bicycle,Signal jumping,Fatal,2,0
PN202302529,2023-09-13,2023,9,Sat,1,01:09,18.591098,73.743074,Hinjawadi Road,Arterial,40,Junction,Rain,Dark - unlit,Car,Other,Grievous,0,3
PN202303753,2023-09-13,2023,9,Sat,19,19:28,18.598438,73.902663,(unnamed road),Local,30,Junction,Rain,Dark - lit,Two-wheeler,Wrong-side driving,Grievous,0,1
PN202302943,2023-09-14,2023,9,Sun,19,19:47,18.622906,73.838812,Nigdi Bhosari Road,Arterial,50,Junction,Rain,Dark - lit,Two-wheeler,Over-speeding,Grievous,0,3
PN202303276,2023-09-14,2023,9,Sun,20,20:39,18.577837,73.875105,(unnamed road),Local,30,Junction,Clear,Dark - lit,Car,Over-speeding,Minor,0,1
PN202301215,2023-09-15,2023,9,Mon,10,10:10,18.66,73.886338,Sant Dyaneshwar Marg,Arterial,50,Mid-block,Clear,Daylight,Two-wheeler,Other,Grievous,0,1
PN202301499,2023-09-16,2023,9,Tue,7,07:57,18.63106,73.796065,Mother Teresa Flyover Ramp,Arterial,40,Junction,Rain,Daylight,Truck/Tempo,Over-speeding,Minor,0,0
PN202302573,2023-09-16,2023,9,Tue,11,11:53,18.635171,73.798578,Mother Teresa Flyover Ramp,Arterial,40,Junction,Clear,Daylight,Two-wheeler,Pothole/road condition,Grievous,0,3
PN202300216,2023-09-16,2023,9,Tue,17,17:26,18.454226,73.827708,Katraj - Dehu Road Bypass,Highway,85,Bridge/Slope,Clear,Daylight,Bicycle,Over-speeding,Fatal,1,2
PN202303653,2023-09-17,2023,9,Wed,19,19:53,18.624914,73.746798,(unnamed road),Local,30,Mid-block,Rain,Dark - lit,Two-wheeler,Over-speeding,Grievous,0,2
PN202301218,2023-09-18,2023,9,Thu,0,00:14,18.545324,73.774573,(unnamed road),Collector,40,Mid-block,Clear,Dark - lit,Two-wheeler,Drunk driving,Minor,0,2
PN202301050,2023-09-18,2023,9,Thu,6,06:26,18.508755,73.929972,Mundhwa Road,Highway,60,Mid-block,Rain,Dusk/Dawn,Car,Over-speeding,Fatal,1,2
PN202301773,2023-09-18,2023,9,Thu,16,16:24,18.678234,73.870544,Dehu - Alandi Road,Arterial,50,Junction,Rain,Daylight,Car,Wrong-side driving,Minor,0,2
PN202301821,2023-09-18,2023,9,Thu,18,18:45,18.617668,73.849922,(unnamed road),Arterial,50,Mid-block,Clear,Dusk/Dawn,Two-wheeler,Over-speeding,Minor,0,0
PN202303023,2023-09-18,2023,9,Thu,19,19:24,18.632278,73.800782,Service Road,Arterial,50,Mid-block,Clear,Dark - lit,Truck/Tempo,Over-speeding,Grievous,0,2
PN202303655,2023-09-18,2023,9,Thu,20,20:36,18.507278,73.787529,(unnamed road),Highway,40,Mid-block,Rain,Dark - unlit,Car,Pothole/road condition,Fatal,1,0
PN202300876,2023-09-19,2023,9,Fri,7,07:03,18.533839,73.929447,Mundhwa Road,Arterial,40,Bridge/Slope,Clear,Daylight,Car,Drunk driving,Grievous,0,2
PN202302021,2023-09-19,2023,9,Fri,7,07:45,18.520693,73.869944,(unnamed road),Local,30,Junction,Clear,Daylight,Two-wheeler,Over-speeding,Grievous,0,3
PN202303192,2023-09-19,2023,9,Fri,9,09:49,18.570403,73.73258,Maan - Mhalunge Connector Road,Arterial,50,Mid-block,Clear,Daylight,Car,Rash/careless driving,Grievous,0,2
PN202301190,2023-09-19,2023,9,Fri,18,18:32,18.438901,73.750297,SH59,Arterial,50,Junction,Rain,Dusk/Dawn,Two-wheeler,Over-speeding,Fatal,1,0
PN202303898,2023-09-20,2023,9,Sat,21,21:32,18.658672,73.731222,Gramdaivat Shree Bapdev Maharaj Flyover,Highway,80,Mid-block,Rain,Dark - unlit,Car,Pothole/road condition,Grievous,0,1
PN202302516,2023-09-20,2023,9,Sat,23,23:52,18.661542,74.006818,SH58,Arterial,50,Mid-block,Clear,Dark - lit,Two-wheeler,Over-speeding,Fatal,1,2
PN202300243,2023-09-21,2023,9,Sun,1,01:57,18.459962,73.823186,Katraj - Dehu Road Bypass,Highway,60,Junction,Clear,Dark - unlit,Two-wheeler,Drunk driving,Minor,0,1
PN202301319,2023-09-21,2023,9,Sun,18,18:23,18.505964,73.832683,Amrutrao Khilare Path,Arterial,40,Junction,Clear,Dusk/Dawn,Bus,Over-speeding,Grievous,0,1
PN202300874,2023-09-21,2023,9,Sun,18,18:38,18.564281,73.914069,Viman Nagar Avenue 2,Collector,40,Junction,Clear,Dusk/Dawn,Car,Other,Minor,0,0
PN202302168,2023-09-21,2023,9,Sun,20,20:25,18.615202,73.788491,(unnamed road),Local,30,Junction,Clear,Dark - lit,Two-wheeler,Over-speeding,Minor,0,0
PN202301299,2023-09-21,2023,9,Sun,23,23:12,18.641679,73.792369,(unnamed road),Arterial,50,Junction,Clear,Dark - unlit,Two-wheeler,Over-speeding,Fatal,1,0
PN202301954,2023-09-22,2023,9,Mon,16,16:12,18.619819,73.769962,(unnamed road),Local,30,Junction,Clear,Daylight,Bus,Over-speeding,Grievous,0,2
PN202300571,2023-09-23,2023,9,Tue,10,10:17,18.60948,73.820041,Old Pune–Mumbai Highway,Highway,80,Junction,Clear,Daylight,Truck/Tempo,Rash/careless driving,Fatal,1,2
PN202303871,2023-09-23,2023,9,Tue,12,12:17,18.501303,73.854554,Balaji Vishwanath Path,Highway,60,Junction,Rain,Daylight,Truck/Tempo,Signal jumping,Grievous,0,3
PN202303217,2023-09-23,2023,9,Tue,12,12:39,18.646789,73.834812,(unnamed road),Collector,30,Mid-block,Cloudy,Daylight,Bus,Over-speeding,Fatal,1,0
PN202302271,2023-09-23,2023,9,Tue,18,18:15,18.655084,73.840095,MIDC Road,Arterial,50,Junction,Cloudy,Dusk/Dawn,Truck/Tempo,Over-speeding,Minor,0,0
PN202302399,2023-09-23,2023,9,Tue,21,21:50,18.503771,73.922665,Solapur Road,Highway,60,Junction,Clear,Dark - unlit,Bicycle,Over-speeding,Fatal,1,1
PN202301503,2023-09-23,2023,9,Tue,23,23:17,18.497589,73.790506,(unnamed road),Collector,40,Mid-block,Clear,Dark - unlit,Bicycle,Over-speeding,Minor,0,2
PN202300550,2023-09-24,2023,9,Wed,1,01:05,18.459576,73.824219,Katraj - Dehu Road Bypass,Highway,60,Junction,Clear,Dark - unlit,Two-wheeler,Over-speeding,Fatal,1,2
PN202300687,2023-09-24,2023,9,Wed,1,01:23,18.534053,73.929222,Mundhwa Road,Arterial,40,Junction,Clear,Dark - lit,Two-wheeler,Over-speeding,Fatal,1,2
PN202303524,2023-09-25,2023,9,Thu,6,06:00,18.576312,73.943565,(unnamed road),Collector,40,Mid-block,Rain,Dusk/Dawn,Two-wheeler,Brake failure/vehicle defect,Fatal,1,0
PN202303900,2023-09-25,2023,9,Thu,18,18:04,18.546208,73.989236,Manjari - Wagholi Road,Arterial,50,Mid-block,Rain,Dusk/Dawn,Two-wheeler,Pothole/road condition,Minor,0,2
PN202303151,2023-09-25,2023,9,Thu,20,20:46,18.534726,73.839099,Ganeshkhind Road,Arterial,50,Mid-block,Clear,Dark - lit,Two-wheeler,Over-speeding,Fatal,1,1
PN202301367,2023-09-26,2023,9,Fri,6,06:15,18.517031,73.976161,Manjari Railway Flyover,Arterial,50,Mid-block,Rain,Dusk/Dawn,Two-wheeler,Rash/careless driving,Fatal,2,0
PN202302320,2023-09-26,2023,9,Fri,9,09:47,18.441185,73.811951,(unnamed road),Local,30,Mid-block,Rain,Daylight,Car,Rash/careless driving,Grievous,0,1
PN202301493,2023-09-26,2023,9,Fri,13,13:04,18.579576,73.831515,Dapodi Railway Stn Road,Arterial,50,Junction,Clear,Daylight,Bicycle,Wrong-side driving,Minor,0,0
PN202303667,2023-09-26,2023,9,Fri,18,18:34,18.667714,73.794956,Spine Road,Arterial,50,Mid-block,Rain,Dusk/Dawn,Two-wheeler,Pothole/road condition,Grievous,0,1
PN202303616,2023-09-27,2023,9,Sat,13,13:52,18.500946,73.938283,Solapur Road,Arterial,50,Junction,Clear,Daylight,Truck/Tempo,Brake failure/vehicle defect,Grievous,0,1
PN202300986,2023-09-27,2023,9,Sat,21,21:48,18.45355,73.828452,Katraj - Dehu Road Bypass,Highway,85,Bridge/Slope,Clear,Dark - unlit,Two-wheeler,Other,Fatal,1,1
PN202302061,2023-09-28,2023,9,Sun,11,11:20,18.489176,73.865751,Shivneri Marg,Arterial,50,Mid-block,Cloudy,Daylight,Truck/Tempo,Rash/careless driving,Grievous,0,2
PN202300000,2023-09-28,2023,9,Sun,19,19:23,18.494724,73.787986,Katraj - Dehu Road Bypass,Highway,80,Bridge/Slope,Clear,Dark - unlit,Car,Over-speeding,Grievous,0,3
PN202302205,2023-09-28,2023,9,Sun,21,21:46,18.501578,73.853849,Balaji Vishwanath Path,Highway,60,Junction,Cloudy,Dark - unlit,Car,Rash/careless driving,Minor,0,0
PN202302136,2023-10-01,2023,10,Thu,2,02:33,18.586573,73.73832,(unnamed road),Collector,20,Junction,Clear,Dark - lit,Two-wheeler,Pothole/road condition,Grievous,0,3
PN202303688,2023-10-01,2023,10,Thu,9,09:02,18.58664,73.9839,(unnamed road),Local,30,Junction,Clear,Daylight,Two-wheeler,Over-speeding,Minor,0,0
PN202303897,2023-10-01,2023,10,Thu,16,16:07,18.599672,73.734345,Bhumkar Das Gurge Road,Arterial,50,Junction,Clear,Daylight,Two-wheeler,Over-speeding,Grievous,0,1
PN202303187,2023-10-02,2023,10,Fri,5,05:46,18.561953,73.89618,(unnamed road),Collector,40,Junction,Clear,Dark - unlit,Two-wheeler,Over-speeding,Minor,0,2
PN202303632,2023-10-02,2023,10,Fri,19,19:05,18.545714,73.851937,Service Road,Collector,40,Mid-block,Cloudy,Dark - lit,Two-wheeler,Rash/careless driving,Minor,0,0
PN202301267,2023-10-03,2023,10,Sat,15,15:05,18.671665,73.83825,(unnamed road),Local,30,Junction,Clear,Daylight,Two-wheeler,Pothole/road condition,Grievous,0,1
PN202301268,2023-10-03,2023,10,Sat,22,22:13,18.538547,73.934266,Kharadi Bypass,Highway,60,Junction,Clear,Dark - unlit,Two-wheeler,Over-speeding,Fatal,1,1
PN202302197,2023-10-05,2023,10,Mon,1,01:22,18.42784,73.92111,(unnamed road),Local,30,Junction,Clear,Dark - lit,Pedestrian,Wrong-side driving,Minor,0,1
PN202300961,2023-10-05,2023,10,Mon,5,05:21,18.506596,73.917832,(unnamed road),Collector,40,Junction,Clear,Dark - unlit,Car,Over-speeding,Grievous,0,1
PN202303694,2023-10-05,2023,10,Mon,13,13:10,18.529552,73.876035,(unnamed road),Arterial,50,Mid-block,Clear,Daylight,Car,Over-speeding,Fatal,1,0
PN202303451,2023-10-05,2023,10,Mon,23,23:04,18.479233,73.906767,(unnamed road),Local,30,Junction,Cloudy,Dark - lit,Two-wheeler,Over-speeding,Grievous,0,1
PN202303517,2023-10-06,2023,10,Tue,6,06:50,18.666684,73.770339,Jagadguru Sant Tukaram Maharaj and Chhatrapati Shivaji Maharaj Flyover,Highway,80,Mid-block,Clear,Dusk/Dawn,Bus,Over-speeding,Fatal,2,1
PN202301244,2023-10-06,2023,10,Tue,16,16:03,18.644634,73.83932,(unnamed road),Collector,40,Mid-block,Clear,Daylight,Two-wheeler,Other,Grievous,0,3
PN202303012,2023-10-06,2023,10,Tue,20,20:02,18.552661,73.890536,Don Bosco Road,Arterial,50,Mid-block,Clear,Dark - lit,Auto-rickshaw,Wrong-side driving,Grievous,0,3
PN202301960,2023-10-07,2023,10,Wed,12,12:26,18.457904,73.800535,Nanded City Road,Collector,40,Junction,Clear,Daylight,Pedestrian,Other,Grievous,0,3
PN202301132,2023-10-07,2023,10,Wed,18,18:28,18.453937,73.929703,NH548DD,Highway,60,Mid-block,Clear,Dusk/Dawn,Bicycle,Over-speeding,Grievous,0,3
PN202302037,2023-10-07,2023,10,Wed,21,21:10,18.453356,73.956635,(unnamed road),Collector,40,Junction,Clear,Dark - lit,Auto-rickshaw,Rash/careless driving,Minor,0,2
PN202303847,2023-10-08,2023,10,Thu,16,16:18,18.626954,73.797587,Pimpri Chinchwad Link Road,Arterial,50,Junction,Clear,Daylight,Car,Signal jumping,Grievous,0,1
PN202302162,2023-10-08,2023,10,Thu,22,22:34,18.679388,73.841734,Dehu - Alandi Road,Arterial,50,Junction,Clear,Dark - lit,Pedestrian,Mobile phone use,Fatal,1,1
PN202300198,2023-10-09,2023,10,Fri,14,14:37,18.495165,73.945234,Saswad Road,Highway,60,Mid-block,Clear,Daylight,Truck/Tempo,Over-speeding,Fatal,1,0
PN202301818,2023-10-09,2023,10,Fri,15,15:06,18.545942,73.846484,(unnamed road),Local,30,Junction,Cloudy,Daylight,Pedestrian,Over-speeding,Grievous,0,2
PN202302239,2023-10-09,2023,10,Fri,17,17:28,18.68264,73.976609,(unnamed road),Local,30,Junction,Cloudy,Daylight,Bicycle,Over-speeding,Minor,0,0
PN202302383,2023-10-09,2023,10,Fri,21,21:58,18.64182,73.738023,Katraj - Dehu Road Bypass,Highway,80,Mid-block,Clear,Dark - unlit,Truck/Tempo,Over-speeding,Minor,0,2
PN202303905,2023-10-10,2023,10,Sat,12,12:02,18.556655,73.907805,Nagar Road,Highway,60,Junction,Clear,Daylight,Truck/Tempo,Wrong-side driving,Grievous,0,1
PN202301899,2023-10-11,2023,10,Sun,7,07:47,18.504283,73.804846,(unnamed road),Collector,40,Mid-block,Rain,Daylight,Two-wheeler,Drunk driving,Fatal,1,2
PN202303412,2023-10-12,2023,10,Mon,15,15:23,18.451659,73.893047,Undri Pisoli Road,Highway,60,Junction,Clear,Daylight,Car,Over-speeding,Fatal,1,0
PN202300818,2023-10-13,2023,10,Tue,15,15:35,18.486322,73.953308,Fursungi Bhekrai Road,Collector,40,Junction,Clear,Daylight,Two-wheeler,Over-speeding,Fatal,1,0
PN202300345,2023-10-13,2023,10,Tue,20,20:12,18.504348,73.920004,Solapur Road,Highway,60,Junction,Clear,Dark - unlit,Two-wheeler,Over-speeding,Fatal,1,2
PN202301665,2023-10-14,2023,10,Wed,16,16:38,18.616584,73.748163,Service Road,Arterial,50,Mid-block,Clear,Daylight,Two-wheeler,Drunk driving,Fatal,1,0
PN202302423,2023-10-14,2023,10,Wed,16,16:51,18.668284,73.794299,Spine Road,Arterial,50,Mid-block,Clear,Daylight,Two-wheeler,Over-speeding,Minor,0,2
PN202301114,2023-10-14,2023,10,Wed,20,20:13,18.613308,73.911798,Porwal Road,Collector,40,Junction,Clear,Dark - lit,Two-wheeler,Over-speeding,Minor,0,2
PN202302274,2023-10-14,2023,10,Wed,21,21:29,18.483983,73.79926,(unnamed road),Local,30,Junction,Clear,Dark - unlit,Two-wheeler,Over-speeding,Minor,0,1
PN202302542,2023-10-14,2023,10,Wed,22,22:42,18.659712,73.848511,Pune Nashik Road,Highway,60,Mid-block,Clear,Dark - unlit,Car,Over-speeding,Grievous,0,1
PN202302436,2023-10-14,2023,10,Wed,23,23:21,18.447674,73.864073,(unnamed road),Collector,40,Mid-block,Clear,Dark - lit,Car,Rash/careless driving,Minor,0,0
PN202302203,2023-10-15,2023,10,Thu,22,22:39,18.669209,73.783312,(unnamed road),Collector,40,Junction,Clear,Dark - unlit,Truck/Tempo,Over-speeding,Grievous,0,3
PN202303326,2023-10-16,2023,10,Fri,2,02:49,18.493008,73.993943,(unnamed road),Collector,40,Junction,Clear,Dark - lit,Two-wheeler,Other,Grievous,0,3
PN202301684,2023-10-16,2023,10,Fri,6,06:08,18.667365,73.814923,(unnamed road),Arterial,50,Mid-block,Clear,Dusk/Dawn,Car,Over-speeding,Minor,0,0
PN202302178,2023-10-16,2023,10,Fri,8,08:59,18.663079,73.773585,Bhakti Shakti Circle Eleveted Road,Highway,60,Mid-block,Clear,Daylight,Two-wheeler,Over-speeding,Fatal,1,0
PN202301412,2023-10-16,2023,10,Fri,9,09:47,18.602677,73.98523,(unnamed road),Local,30,Mid-block,Cloudy,Daylight,Two-wheeler,Over-speeding,Fatal,2,1
PN202303000,2023-10-16,2023,10,Fri,11,11:02,18.568778,73.781965,Balewadi Gaon Road,Arterial,50,Junction,Clear,Daylight,Two-wheeler,Over-speeding,Grievous,0,3
PN202303357,2023-10-16,2023,10,Fri,17,17:31,18.431245,73.979713,Saswad Road,Highway,60,Junction,Clear,Daylight,Two-wheeler,Over-speeding,Grievous,0,3
PN202302164,2023-10-17,2023,10,Sat,10,10:21,18.622517,73.874181,Sant Jnaneshwar Marg,Arterial,50,Junction,Clear,Daylight,Two-wheeler,Signal jumping,Fatal,1,2
PN202303859,2023-10-17,2023,10,Sat,18,18:46,18.51236,73.967931,Manjari Railway Flyover,Arterial,50,Junction,Clear,Dusk/Dawn,Two-wheeler,Over-speeding,Fatal,1,1
PN202303208,2023-10-17,2023,10,Sat,23,23:34,18.730941,73.859165,Chakan-Alandi (Alankapuri) Road,Arterial,40,Mid-block,Clear,Dark - lit,Car,Over-speeding,Minor,0,0
PN202302841,2023-10-18,2023,10,Sun,12,12:39,18.535021,73.882128,Mangaldas Road,Arterial,50,Junction,Clear,Daylight,Car,Over-speeding,Grievous,0,1
PN202300284,2023-10-18,2023,10,Sun,20,20:35,18.56518,73.914815,Viman Nagar Road,Collector,40,Junction,Rain,Dark - lit,Truck/Tempo,Pothole/road condition,Minor,0,0
PN202300850,2023-10-19,2023,10,Mon,17,17:10,18.550173,73.937036,Kharadi Bypass,Highway,60,Junction,Cloudy,Daylight,Truck/Tempo,Over-speeding,Fatal,2,0
PN202302708,2023-10-20,2023,10,Tue,20,20:09,18.644765,73.789724,(unnamed road),Arterial,50,Mid-block,Clear,Dark - lit,Car,Pothole/road condition,Minor,0,1
PN202302466,2023-10-21,2023,10,Wed,6,06:05,18.625641,73.806414,(unnamed road),Arterial,50,Junction,Clear,Dusk/Dawn,Two-wheeler,Over-speeding,Fatal,1,2
PN202301192,2023-10-21,2023,10,Wed,9,09:17,18.434818,73.818562,(unnamed road),Collector,40,Mid-block,Clear,Daylight,Bicycle,Over-speeding,Minor,0,1
PN202302688,2023-10-21,2023,10,Wed,10,10:46,18.664489,73.827904,(unnamed road),Collector,40,Mid-block,Clear,Daylight,Car,Over-speeding,Fatal,1,1
PN202302929,2023-10-21,2023,10,Wed,11,11:13,18.647115,73.861284,(unnamed road),Local,30,Junction,Clear,Daylight,Two-wheeler,Over-speeding,Grievous,0,2
PN202302525,2023-10-21,2023,10,Wed,14,14:34,18.500971,73.826544,Appasaheb Kulkarni Path,Collector,40,Junction,Clear,Daylight,Two-wheeler,Over-speeding,Fatal,1,0
PN202300891,2023-10-22,2023,10,Thu,9,09:36,18.48431,73.79951,(unnamed road),Collector,40,Junction,Clear,Daylight,Bicycle,Pothole/road condition,Minor,0,1
PN202300257,2023-10-23,2023,10,Fri,18,18:46,18.605755,73.751977,Katraj - Dehu Road Bypass,Highway,80,Junction,Clear,Dusk/Dawn,Two-wheeler,Mobile phone use,Fatal,1,1
PN202300703,2023-10-23,2023,10,Fri,19,19:03,18.500998,73.791597,Katraj - Dehu Road Bypass,Highway,80,Bridge/Slope,Clear,Dark - unlit,Two-wheeler,Pothole/road condition,Fatal,1,0
PN202301594,2023-10-23,2023,10,Fri,23,23:33,18.672942,73.781679,(unnamed road),Collector,40,Junction,Clear,Dark - lit,Car,Over-speeding,Grievous,0,2
PN202303731,2023-10-24,2023,10,Sat,7,07:46,18.471732,73.811894,Katraj - Dehu Road Bypass,Highway,80,Mid-block,Clear,Daylight,Truck/Tempo,Signal jumping,Minor,0,2
PN202301349,2023-10-24,2023,10,Sat,16,16:17,18.503853,73.927562,Magarpatta Road Flyover,Highway,60,Mid-block,Cloudy,Daylight,Pedestrian,Rash/careless driving,Fatal,2,2
PN202301415,2023-10-25,2023,10,Sun,15,15:44,18.548587,73.904842,(unnamed road),Local,30,Junction,Clear,Daylight,Car,Over-speeding,Grievous,0,1
PN202302127,2023-10-25,2023,10,Sun,17,17:33,18.619282,73.746945,Katraj - Dehu Road Bypass,Highway,80,Mid-block,Clear,Daylight,Pedestrian,Over-speeding,Fatal,1,2
PN202302902,2023-10-25,2023,10,Sun,17,17:58,18.697639,73.750009,(unnamed road),Local,30,Mid-block,Cloudy,Daylight,Pedestrian,Over-speeding,Fatal,1,2
PN202302705,2023-10-25,2023,10,Sun,22,22:53,18.67775,73.873066,Dehu - Alandi Road,Arterial,50,Mid-block,Clear,Dark - lit,Two-wheeler,Brake failure/vehicle defect,Fatal,1,2
PN202301524,2023-10-27,2023,10,Tue,11,11:50,18.551315,73.956093,(unnamed road),Collector,40,Junction,Cloudy,Daylight,Two-wheeler,Over-speeding,Grievous,0,1
PN202302093,2023-10-27,2023,10,Tue,12,12:05,18.650524,73.865973,(unnamed road),Collector,40,Mid-block,Clear,Daylight,Car,Over-speeding,Grievous,0,2
PN202303237,2023-10-27,2023,10,Tue,18,18:35,18.600468,73.93836,Pathare Wasti Road,Collector,40,Mid-block,Clear,Dusk/Dawn,Two-wheeler,Over-speeding,Fatal,2,0
PN202303547,2023-10-27,2023,10,Tue,21,21:19,18.504093,73.920882,Solapur Road,Highway,60,Junction,Clear,Dark - unlit,Bicycle,Other,Minor,0,1
PN202301946,2023-10-28,2023,10,Wed,9,09:47,18.689735,73.749553,Old Pune Mumbai Highway-Dehu Gaon Road,Arterial,50,Junction,Clear,Daylight,Two-wheeler,Wrong-side driving,Grievous,0,2
PN202303090,2023-11-01,2023,11,Sun,8,08:43,18.625327,73.942808,(unnamed road),Collector,30,Mid-block,Clear,Daylight,Two-wheeler,Over-speeding,Grievous,0,1
PN202302027,2023-11-01,2023,11,Sun,11,11:04,18.621415,73.866814,(unnamed road),Local,30,Junction,Cloudy,Daylight,Bicycle,Over-speeding,Minor,0,2
PN202303284,2023-11-01,2023,11,Sun,23,23:00,18.575228,73.708653,Maan Road,Arterial,50,Mid-block,Clear,Dark - lit,Car,Over-speeding,Grievous,0,3
PN202302293,2023-11-02,2023,11,Mon,3,03:08,18.524285,73.985505,Hadapsar - Manjari Road,Arterial,50,Junction,Cloudy,Dark - unlit,Car,Over-speeding,Grievous,0,2
PN202301482,2023-11-02,2023,11,Mon,11,11:47,18.578866,73.786142,New DP Road,Arterial,50,Junction,Clear,Daylight,Two-wheeler,Over-speeding,Fatal,1,2
PN202300794,2023-11-02,2023,11,Mon,16,16:19,18.605942,73.751632,Service Road,Arterial,50,Junction,Cloudy,Daylight,Two-wheeler,Over-speeding,Grievous,0,2
PN202300070,2023-11-02,2023,11,Mon,17,17:37,18.607828,73.820591,Kasarwadi - Pimple Gurav Road,Arterial,50,Junction,Cloudy,Daylight,Car,Wrong-side driving,Minor,0,0
PN202302562,2023-11-02,2023,11,Mon,19,19:01,18.459734,73.975058,(unnamed road),Local,30,Mid-block,Clear,Dark - lit,Two-wheeler,Pothole/road condition,Grievous,0,1
PN202302340,2023-11-02,2023,11,Mon,19,19:48,18.655391,73.996722,(unnamed road),Local,30,Junction,Clear,Dark - lit,Car,Over-speeding,Minor,0,0
PN202302374,2023-11-03,2023,11,Tue,12,12:35,18.675621,73.944366,(unnamed road),Local,30,Mid-block,Clear,Daylight,Auto-rickshaw,Signal jumping,Grievous,0,3
PN202300186,2023-11-03,2023,11,Tue,21,21:21,18.500704,73.791189,Katraj - Dehu Road Bypass,Highway,80,Bridge/Slope,Clear,Dark - unlit,Car,Wrong-side driving,Fatal,1,1
PN202301999,2023-11-05,2023,11,Thu,16,16:07,18.62562,73.780421,(unnamed road),Local,30,Mid-block,Cloudy,Daylight,Two-wheeler,Signal jumping,Grievous,0,1
PN202301502,2023-11-05,2023,11,Thu,21,21:39,18.505212,73.85358,Chimaji Appa Peshwe Path,Highway,60,Junction,Cloudy,Dark - unlit,Bus,Over-speeding,Grievous,0,1
PN202302552,2023-11-06,2023,11,Fri,7,07:34,18.692228,73.79817,Dehu - Alandi Road,Arterial,50,Junction,Clear,Daylight,Two-wheeler,Pothole/road condition,Grievous,0,3
PN202302852,2023-11-06,2023,11,Fri,8,08:00,18.678436,73.723642,Katraj - Dehu Road Bypass,Highway,80,Junction,Cloudy,Daylight,Two-wheeler,Over-speeding,Minor,0,1
PN202303077,2023-11-06,2023,11,Fri,22,22:57,18.674812,73.762057,Old Pune–Mumbai Highway,Highway,60,Mid-block,Clear,Dark - unlit,Two-wheeler,Rash/careless driving,Grievous,0,2
PN202302487,2023-11-07,2023,11,Sat,0,00:04,18.626467,73.792751,Mother Teresa Flyover,Arterial,50,Junction,Clear,Dark - lit,Two-wheeler,Other,Fatal,1,1
PN202302526,2023-11-07,2023,11,Sat,5,05:40,18.473728,73.856457,Satara Road,Highway,60,Junction,Clear,Dark - unlit,Two-wheeler,Over-speeding,Fatal,1,1
PN202303599,2023-11-07,2023,11,Sat,16,16:15,18.510981,73.87877,Mahatma Gandhi Marg,Arterial,50,Junction,Clear,Daylight,Two-wheeler,Over-speeding,Grievous,0,1
PN202302559,2023-11-07,2023,11,Sat,19,19:51,18.43971,73.776109,(unnamed road),Local,30,Mid-block,Clear,Dark - lit,Car,Signal jumping,Minor,0,2
PN202303737,2023-11-08,2023,11,Sun,6,06:52,18.60135,73.872825,Sant Dyaneshwar Marg,Arterial,50,Mid-block,Clear,Dusk/Dawn,Car,Over-speeding,Fatal,1,2
PN202302767,2023-11-08,2023,11,Sun,20,20:45,18.420203,73.846678,Katraj - Dehu Road Bypass,Highway,80,Mid-block,Clear,Dark - unlit,Truck/Tempo,Other,Grievous,0,1
PN202300524,2023-11-09,2023,11,Mon,16,16:00,18.460302,73.823352,Katraj - Dehu Road Bypass,Highway,60,Junction,Clear,Daylight,Pedestrian,Over-speeding,Fatal,1,2
PN202302225,2023-11-10,2023,11,Tue,13,13:18,18.572664,73.774877,(unnamed road),Local,30,Junction,Clear,Daylight,Two-wheeler,Wrong-side driving,Grievous,0,3
PN202301811,2023-11-10,2023,11,Tue,14,14:38,18.663515,73.719337,(unnamed road),Collector,40,Mid-block,Clear,Daylight,Car,Over-speeding,Grievous,0,1
PN202303378,2023-11-10,2023,11,Tue,16,16:14,18.580026,73.874173,(unnamed road),Local,30,Junction,Clear,Daylight,Two-wheeler,Rash/careless driving,Grievous,0,1
PN202302398,2023-11-10,2023,11,Tue,19,19:03,18.553955,73.8899,National Games Marg,Arterial,50,Mid-block,Cloudy,Dark - lit,Two-wheeler,Over-speeding,Grievous,0,1
PN202300647,2023-11-11,2023,11,Wed,11,11:51,18.489903,74.015726,(unnamed road),Collector,40,Junction,Clear,Daylight,Two-wheeler,Pothole/road condition,Minor,0,2
PN202302738,2023-11-12,2023,11,Thu,17,17:03,18.492711,73.996108,Solapur Road,Highway,60,Junction,Clear,Daylight,Two-wheeler,Mobile phone use,Minor,0,1
PN202301281,2023-11-13,2023,11,Fri,17,17:49,18.631101,73.783338,(unnamed road),Arterial,50,Junction,Clear,Daylight,Two-wheeler,Other,Grievous,0,2
PN202303201,2023-11-14,2023,11,Sat,13,13:22,18.679325,73.84467,Dehu - Alandi Road,Arterial,50,Junction,Clear,Daylight,Two-wheeler,Over-speeding,Fatal,1,1
PN202300435,2023-11-15,2023,11,Sun,11,11:51,18.43197,73.838412,Ambegaon Viaduct,Highway,75,Bridge/Slope,Clear,Daylight,Pedestrian,Over-speeding,Fatal,1,1
PN202303589,2023-11-15,2023,11,Sun,20,20:53,18.529697,73.902634,Ghorpadi Road,Arterial,23,Junction,Clear,Dark - unlit,Bus,Pothole/road condition,Minor,0,0
PN202303343,2023-11-16,2023,11,Mon,16,16:21,18.474423,73.853605,Golwalkar Guruji Path,Collector,40,Junction,Clear,Daylight,Two-wheeler,Drunk driving,Grievous,0,2
PN202301231,2023-11-16,2023,11,Mon,16,16:38,18.668925,73.727131,Katraj - Dehu Road Bypass,Highway,80,Mid-block,Cloudy,Daylight,Two-wheeler,Over-speeding,Fatal,1,2
PN202301172,2023-11-17,2023,11,Tue,10,10:49,18.533378,74.018835,(unnamed road),Local,30,Junction,Clear,Daylight,Car,Over-speeding,Grievous,0,1
PN202300931,2023-11-17,2023,11,Tue,11,11:58,18.56518,73.915513,Viman Nagar Road,Collector,40,Junction,Clear,Daylight,Car,Brake failure/vehicle defect,Grievous,0,1
PN202300464,2023-11-17,2023,11,Tue,20,20:21,18.534206,73.928338,Mundhwa Road,Arterial,40,Bridge/Slope,Clear,Dark - lit,Car,Over-speeding,Minor,0,0
PN202303375,2023-11-17,2023,11,Tue,20,20:40,18.443044,73.82213,(unnamed road),Collector,40,Junction,Clear,Dark - lit,Truck/Tempo,Rash/careless driving,Fatal,1,1
PN202302646,2023-11-18,2023,11,Wed,9,09:59,18.531698,73.944527,(unnamed road),Local,30,Junction,Rain,Daylight,Auto-rickshaw,Over-speeding,Grievous,0,3
PN202302520,2023-11-18,2023,11,Wed,15,15:06,18.544367,73.83884,Range Hills Road (Temporary Diversion Road),Arterial,50,Junction,Clear,Daylight,Two-wheeler,Rash/careless driving,Minor,0,0
PN202303691,2023-11-18,2023,11,Wed,17,17:36,18.436039,73.894819,(unnamed road),Collector,40,Junction,Clear,Daylight,Auto-rickshaw,Other,Grievous,0,3
PN202300667,2023-11-18,2023,11,Wed,22,22:15,18.45572,73.858726,Satara Road,Highway,60,Junction,Clear,Dark - unlit,Two-wheeler,Drunk driving,Fatal,1,2
PN202300001,2023-11-19,2023,11,Thu,13,13:17,18.445324,73.835839,Katraj - Dehu Road Bypass,Highway,85,Bridge/Slope,Clear,Daylight,Pedestrian,Mobile phone use,Fatal,1,0
PN202303259,2023-11-20,2023,11,Fri,7,07:23,18.496399,73.970824,Solapur Road,Highway,60,Junction,Clear,Daylight,Two-wheeler,Over-speeding,Minor,0,1
PN202302250,2023-11-21,2023,11,Sat,12,12:58,18.548194,73.770406,Sus Road,Collector,40,Mid-block,Clear,Daylight,Two-wheeler,Over-speeding,Grievous,0,3
PN202303027,2023-11-21,2023,11,Sat,17,17:45,18.64935,73.743374,SB Patil College Road,Collector,40,Junction,Clear,Daylight,Two-wheeler,Over-speeding,Fatal,1,1
PN202303499,2023-11-22,2023,11,Sun,15,15:21,18.582126,73.83425,Old Pune–Mumbai Highway,Highway,60,Mid-block,Clear,Daylight,Two-wheeler,Over-speeding,Minor,0,0
PN202302801,2023-11-22,2023,11,Sun,20,20:08,18.424294,73.982362,Saswad Road,Highway,60,Mid-block,Clear,Dark - unlit,Two-wheeler,Over-speeding,Minor,0,1
PN202302224,2023-11-23,2023,11,Mon,16,16:06,18.466662,73.86881,(unnamed road),Local,30,Junction,Clear,Daylight,Pedestrian,Over-speeding,Minor,0,2
PN202302111,2023-11-24,2023,11,Tue,1,01:58,18.625983,74.032604,NH753F,Highway,60,Mid-block,Cloudy,Dark - unlit,Truck/Tempo,Over-speeding,Fatal,2,2
PN202302634,2023-11-24,2023,11,Tue,16,16:46,18.630834,73.875057,Alandi Road,Collector,40,Mid-block,Clear,Daylight,Auto-rickshaw,Over-speeding,Grievous,0,2
PN202303826,2023-11-24,2023,11,Tue,21,21:00,18.588512,73.832387,Old Pune–Mumbai Highway,Highway,60,Mid-block,Cloudy,Dark - unlit,Pedestrian,Over-speeding,Fatal,2,2
PN202300156,2023-11-24,2023,11,Tue,22,22:53,18.452728,73.828946,Katraj - Dehu Road Bypass,Highway,85,Bridge/Slope,Clear,Dark - unlit,Truck/Tempo,Pothole/road condition,Grievous,0,2
PN202300508,2023-11-25,2023,11,Wed,8,08:58,18.460967,73.822339,Katraj - Dehu Road Bypass,Highway,60,Bridge/Slope,Clear,Daylight,Pedestrian,Over-speeding,Fatal,2,0
PN202302464,2023-11-25,2023,11,Wed,11,11:18,18.550613,73.847443,(unnamed road),Local,30,Junction,Clear,Daylight,Two-wheeler,Rash/careless driving,Grievous,0,2
PN202302506,2023-11-26,2023,11,Thu,8,08:49,18.571415,73.84939,(unnamed road),Local,30,Junction,Clear,Daylight,Two-wheeler,Over-speeding,Grievous,0,2
PN202302983,2023-11-26,2023,11,Thu,11,11:20,18.648448,73.838662,MIDC Road,Arterial,50,Junction,Clear,Daylight,Two-wheeler,Over-speeding,Grievous,0,3
PN202301786,2023-11-26,2023,11,Thu,18,18:46,18.534248,73.925898,Mundhwa Road,Arterial,40,Mid-block,Clear,Dusk/Dawn,Pedestrian,Over-speeding,Fatal,1,1
PN202302356,2023-11-28,2023,11,Sat,0,00:06,18.677565,73.73641,Adarshnagar-Vikasnagar Road,Arterial,50,Mid-block,Clear,Dark - lit,Two-wheeler,Over-speeding,Grievous,0,2
PN202302248,2023-11-28,2023,11,Sat,9,09:06,18.505848,73.791857,Katraj - Dehu Road Bypass,Highway,80,Mid-block,Clear,Daylight,Truck/Tempo,Rash/careless driving,Fatal,1,0
PN202302096,2023-12-01,2023,12,Wed,9,09:36,18.618029,73.79261,(unnamed road),Local,30,Junction,Clear,Daylight,Two-wheeler,Other,Grievous,0,2
PN202302588,2023-12-01,2023,12,Wed,17,17:09,18.650302,73.76769,Akurdi Railway Station Road,Arterial,50,Junction,Clear,Daylight,Two-wheeler,Over-speeding,Fatal,1,2
PN202300506,2023-12-02,2023,12,Thu,6,06:14,18.444034,73.836953,Katraj - Dehu Road Bypass,Highway,85,Bridge/Slope,Clear,Dusk/Dawn,Two-wheeler,Over-speeding,Grievous,0,3
PN202303356,2023-12-02,2023,12,Thu,12,12:25,18.662002,73.823529,Spine Road Flyover,Arterial,50,Junction,Clear,Daylight,Bus,Rash/careless driving,Grievous,0,3
PN202300856,2023-12-02,2023,12,Thu,13,13:22,18.499891,73.790674,Katraj - Dehu Road Bypass,Highway,80,Bridge/Slope,Cloudy,Daylight,Two-wheeler,Over-speeding,Grievous,0,1
PN202300381,2023-12-02,2023,12,Thu,17,17:11,18.42986,73.84141,Katraj - Dehu Road Bypass,Highway,80,Bridge/Slope,Clear,Daylight,Two-wheeler,Other,Minor,0,1
PN202302000,2023-12-03,2023,12,Fri,0,00:07,18.596927,73.899615,Dhaonri - Lohgaon Road,Arterial,50,Junction,Clear,Dark - lit,Two-wheeler,Over-speeding,Grievous,0,2
PN202300067,2023-12-03,2023,12,Fri,7,07:44,18.604407,73.752902,Highway bypass,Arterial,20,Junction,Clear,Daylight,Car,Signal jumping,Minor,0,0
PN202301603,2023-12-03,2023,12,Fri,10,10:45,18.432676,73.838052,Ambegaon Viaduct,Highway,75,Mid-block,Clear,Daylight,Car,Wrong-side driving,Fatal,1,1
PN202302031,2023-12-03,2023,12,Fri,12,12:40,18.553289,73.753158,Vidya valley school road,Local,30,Junction,Clear,Daylight,Two-wheeler,Signal jumping,Fatal,1,2
PN202301651,2023-12-03,2023,12,Fri,12,12:58,18.65037,73.850891,(unnamed road),Collector,40,Mid-block,Clear,Daylight,Car,Rash/careless driving,Minor,0,1
PN202300379,2023-12-03,2023,12,Fri,14,14:13,18.57812,73.90811,(unnamed road),Arterial,50,Junction,Clear,Daylight,Car,Over-speeding,Grievous,0,1
PN202300712,2023-12-03,2023,12,Fri,18,18:01,18.494955,73.78777,Katraj - Dehu Road Bypass,Highway,80,Bridge/Slope,Cloudy,Dusk/Dawn,Truck/Tempo,Other,Grievous,0,2
PN202302368,2023-12-03,2023,12,Fri,19,19:08,18.637486,73.874749,Sant Dyaneshwar Marg,Arterial,50,Mid-block,Clear,Dark - lit,Pedestrian,Signal jumping,Grievous,0,3
PN202303513,2023-12-04,2023,12,Sat,18,18:20,18.672702,73.831874,(unnamed road),Local,30,Junction,Cloudy,Dusk/Dawn,Two-wheeler,Other,Minor,0,0
PN202301612,2023-12-04,2023,12,Sat,22,22:38,18.597136,73.797663,Jarvari Road,Collector,40,Mid-block,Clear,Dark - unlit,Two-wheeler,Other,Minor,0,0
PN202300399,2023-12-05,2023,12,Sun,22,22:12,18.505004,73.91887,(unnamed road),Collector,40,Junction,Clear,Dark - lit,Bicycle,Over-speeding,Grievous,0,3
PN202300200,2023-12-06,2023,12,Mon,5,05:08,18.459741,73.823403,Katraj - Dehu Road Bypass,Highway,60,Junction,Clear,Dark - unlit,Truck/Tempo,Over-speeding,Fatal,2,2
PN202301269,2023-12-07,2023,12,Tue,12,12:23,18.511844,73.829097,Vishnushastri Chiplunkar Path,Arterial,50,Junction,Clear,Daylight,Car,Over-speeding,Minor,0,1
PN202302598,2023-12-07,2023,12,Tue,17,17:54,18.685192,73.905888,(unnamed road),Local,30,Junction,Clear,Daylight,Two-wheeler,Signal jumping,Minor,0,0
PN202302882,2023-12-07,2023,12,Tue,20,20:07,18.456764,73.889368,(unnamed road),Collector,40,Junction,Cloudy,Dark - lit,Two-wheeler,Other,Fatal,1,0
PN202302104,2023-12-08,2023,12,Wed,0,00:54,18.470083,73.821951,Goel Ganga road,Collector,40,Mid-block,Clear,Dark - unlit,Two-wheeler,Over-speeding,Minor,0,2
PN202300192,2023-12-08,2023,12,Wed,5,05:55,18.455065,73.858764,Satara Road,Highway,60,Junction,Clear,Dark - unlit,Truck/Tempo,Over-speeding,Fatal,1,2
PN202300115,2023-12-08,2023,12,Wed,10,10:35,18.485406,73.95478,Fursungi Bhekrai Road,Collector,40,Junction,Clear,Daylight,Pedestrian,Wrong-side driving,Grievous,0,1
PN202300597,2023-12-08,2023,12,Wed,16,16:10,18.500851,73.791474,Katraj - Dehu Road Bypass,Highway,80,Bridge/Slope,Clear,Daylight,Bus,Brake failure/vehicle defect,Grievous,0,3
PN202302321,2023-12-08,2023,12,Wed,23,23:17,18.60483,73.92279,(unnamed road),Local,30,Junction,Clear,Dark - lit,Car,Drunk driving,Minor,0,2
PN202302227,2023-12-08,2023,12,Wed,23,23:21,18.615744,74.013435,(unnamed road),Collector,40,Mid-block,Clear,Dark - lit,Two-wheeler,Wrong-side driving,Fatal,2,1
PN202302965,2023-12-09,2023,12,Thu,13,13:05,18.46611,73.789709,(unnamed road),Local,30,Junction,Clear,Daylight,Two-wheeler,Pothole/road condition,Minor,0,2
PN202302459,2023-12-09,2023,12,Thu,17,17:41,18.570003,73.832675,Bhau Patil Path,Arterial,50,Mid-block,Clear,Daylight,Pedestrian,Over-speeding,Fatal,1,1
PN202303125,2023-12-09,2023,12,Thu,23,23:38,18.690304,73.800551,Dehu - Alandi Road,Arterial,50,Junction,Clear,Dark - lit,Car,Over-speeding,Minor,0,1
PN202303864,2023-12-10,2023,12,Fri,15,15:06,18.560947,73.938557,Kharadi Bypass,Highway,60,Mid-block,Clear,Daylight,Two-wheeler,Over-speeding,Fatal,2,1
PN202300229,2023-12-11,2023,12,Sat,8,08:54,18.492361,73.99975,(unnamed road),Collector,40,Mid-block,Clear,Daylight,Car,Rash/careless driving,Minor,0,0
PN202301126,2023-12-11,2023,12,Sat,11,11:48,18.545469,73.943668,(unnamed road),Arterial,50,Junction,Clear,Daylight,Two-wheeler,Rash/careless driving,Fatal,1,0
PN202301107,2023-12-11,2023,12,Sat,17,17:40,18.5062,73.781752,Paud Road,Arterial,50,Mid-block,Clear,Daylight,Car,Over-speeding,Grievous,0,2
PN202303580,2023-12-11,2023,12,Sat,19,19:20,18.457155,73.890738,Kondhwa Main Road,Arterial,50,Junction,Clear,Dark - lit,Bicycle,Over-speeding,Fatal,2,2
PN202301185,2023-12-12,2023,12,Sun,10,10:30,18.422635,73.755715,Sinhagad Road,Arterial,50,Mid-block,Clear,Daylight,Two-wheeler,Other,Fatal,2,0
PN202302393,2023-12-12,2023,12,Sun,14,14:32,18.613444,73.804913,Pimple Saudagar-Pimpri Link Road,Collector,40,Junction,Clear,Daylight,Two-wheeler,Rash/careless driving,Grievous,0,2
PN202302563,2023-12-13,2023,12,Mon,3,03:08,18.655483,73.862311,(unnamed road),Collector,40,Mid-block,Clear,Dark - lit,Car,Over-speeding,Minor,0,1
PN202300958,2023-12-13,2023,12,Mon,16,16:42,18.442775,73.973682,Saswad Road,Highway,60,Mid-block,Clear,Daylight,Car,Over-speeding,Minor,0,2
PN202301214,2023-12-13,2023,12,Mon,17,17:01,18.645879,73.878534,(unnamed road),Local,30,Junction,Clear,Daylight,Two-wheeler,Drunk driving,Minor,0,0
PN202303169,2023-12-13,2023,12,Mon,20,20:04,18.615303,73.815139,Old Mumbai Pune Highway,Highway,80,Mid-block,Cloudy,Dark - unlit,Truck/Tempo,Over-speeding,Minor,0,1
PN202302161,2023-12-14,2023,12,Tue,18,18:50,18.55937,73.876146,(unnamed road),Collector,40,Mid-block,Cloudy,Dusk/Dawn,Two-wheeler,Over-speeding,Minor,0,2
PN202302819,2023-12-14,2023,12,Tue,20,20:40,18.462126,73.814483,Narveer Tanaji Malusare Marg (Sinhagad Road),Arterial,50,Junction,Clear,Dark - unlit,Two-wheeler,Over-speeding,Minor,0,2
PN202300599,2023-12-15,2023,12,Wed,14,14:12,18.45935,73.824357,Katraj - Dehu Road Bypass,Highway,60,Junction,Clear,Daylight,Car,Other,Grievous,0,2
PN202300672,2023-12-16,2023,12,Thu,12,12:15,18.502543,73.792468,Katraj - Dehu Road Bypass,Highway,80,Junction,Clear,Daylight,Two-wheeler,Over-speeding,Grievous,0,3
PN202303520,2023-12-16,2023,12,Thu,17,17:49,18.709408,73.822592,(unnamed road),Collector,40,Mid-block,Clear,Daylight,Two-wheeler,Rash/careless driving,Minor,0,2
PN202303820,2023-12-16,2023,12,Thu,20,20:47,18.492143,74.000199,Solapur Road,Highway,60,Junction,Clear,Dark - unlit,Car,Wrong-side driving,Fatal,1,2
PN202303511,2023-12-17,2023,12,Fri,6,06:56,18.476806,73.997143,548DD,Collector,40,Junction,Mist/Fog,Dusk/Dawn,Bus,Brake failure/vehicle defect,Fatal,1,0
PN202302656,2023-12-17,2023,12,Fri,18,18:07,18.624816,73.792229,Mother Teresa Flyover,Arterial,50,Mid-block,Clear,Dusk/Dawn,Two-wheeler,Rash/careless driving,Grievous,0,1
PN202303794,2023-12-18,2023,12,Sat,6,06:34,18.533583,73.915041,GDP Road,Arterial,50,Mid-block,Clear,Dusk/Dawn,Auto-rickshaw,Over-speeding,Grievous,0,1
PN202301519,2023-12-18,2023,12,Sat,8,08:47,18.499675,73.934484,(unnamed road),Collector,40,Junction,Mist/Fog,Daylight,Two-wheeler,Rash/careless driving,Grievous,0,1
PN202301377,2023-12-18,2023,12,Sat,14,14:33,18.480706,73.872158,Prabodhankar Thakare Path,Arterial,50,Junction,Clear,Daylight,Two-wheeler,Wrong-side driving,Minor,0,2
PN202301643,2023-12-18,2023,12,Sat,23,23:59,18.625295,73.925741,(unnamed road),Local,30,Junction,Clear,Dark - unlit,Car,Over-speeding,Grievous,0,2
PN202303678,2023-12-19,2023,12,Sun,11,11:19,18.629295,73.775831,(unnamed road),Arterial,50,Junction,Clear,Daylight,Truck/Tempo,Over-speeding,Grievous,0,1
PN202301895,2023-12-19,2023,12,Sun,12,12:23,18.456334,73.966682,Saswad Road,Highway,60,Mid-block,Clear,Daylight,Car,Over-speeding,Grievous,0,2
PN202300873,2023-12-20,2023,12,Mon,3,03:27,18.49752,73.942026,Saswad Road,Highway,60,Mid-block,Mist/Fog,Dark - unlit,Bus,Rash/careless driving,Grievous,0,2
PN202301621,2023-12-20,2023,12,Mon,8,08:16,18.662012,73.774998,Service Road,Arterial,50,Mid-block,Clear,Daylight,Pedestrian,Over-speeding,Grievous,0,2
PN202301735,2023-12-20,2023,12,Mon,11,11:15,18.468587,73.858919,KK Market road,Collector,40,Junction,Clear,Daylight,Pedestrian,Rash/careless driving,Grievous,0,2
PN202302049,2023-12-20,2023,12,Mon,15,15:49,18.466519,73.867796,(unnamed road),Local,30,Junction,Clear,Daylight,Two-wheeler,Over-speeding,Grievous,0,1
PN202300925,2023-12-20,2023,12,Mon,15,15:52,18.454076,73.827831,Katraj - Dehu Road Bypass,Highway,85,Bridge/Slope,Clear,Daylight,Truck/Tempo,Over-speeding,Fatal,1,2
PN202302143,2023-12-20,2023,12,Mon,16,16:52,18.435276,73.97811,NH965,Highway,60,Mid-block,Clear,Daylight,Two-wheeler,Rash/careless driving,Grievous,0,3
PN202302624,2023-12-20,2023,12,Mon,17,17:51,18.507442,73.799543,Paud Road,Arterial,50,Junction,Clear,Daylight,Two-wheeler,Rash/careless driving,Minor,0,2
PN202301756,2023-12-20,2023,12,Mon,18,18:24,18.473572,73.977928,(unnamed road),Collector,40,Junction,Clear,Dusk/Dawn,Two-wheeler,Over-speeding,Fatal,1,2
PN202301683,2023-12-21,2023,12,Tue,19,19:58,18.610723,73.749951,Service Road,Arterial,50,Mid-block,Clear,Dark - lit,Two-wheeler,Other,Grievous,0,1
PN202301877,2023-12-22,2023,12,Wed,4,04:52,18.494752,73.836975,Sinhagad Road,Arterial,50,Mid-block,Clear,Dark - lit,Truck/Tempo,Pothole/road condition,Grievous,0,3
PN202303318,2023-12-22,2023,12,Wed,12,12:40,18.570631,73.81533,(unnamed road),Local,30,Mid-block,Clear,Daylight,Truck/Tempo,Wrong-side driving,Grievous,0,3
PN202302472,2023-12-22,2023,12,Wed,23,23:23,18.644562,73.744222,Aundh-Ravet Road,Arterial,50,Junction,Clear,Dark - unlit,Auto-rickshaw,Drunk driving,Grievous,0,2
PN202300598,2023-12-23,2023,12,Thu,0,00:44,18.534276,73.928605,Mundhwa Road,Arterial,40,Junction,Clear,Dark - lit,Truck/Tempo,Drunk driving,Fatal,1,2
PN202302748,2023-12-23,2023,12,Thu,9,09:10,18.521571,73.865035,Station Road,Collector,40,Junction,Clear,Daylight,Two-wheeler,Over-speeding,Minor,0,1
PN202302796,2023-12-23,2023,12,Thu,11,11:39,18.497053,73.854876,Veer Baji Pasalkar Path,Arterial,50,Junction,Clear,Daylight,Two-wheeler,Mobile phone use,Minor,0,2
PN202300670,2023-12-23,2023,12,Thu,18,18:09,18.430566,73.840574,Ambegaon Viaduct,Highway,75,Bridge/Slope,Clear,Dusk/Dawn,Truck/Tempo,Over-speeding,Grievous,0,2
PN202303416,2023-12-23,2023,12,Thu,18,18:22,18.434044,73.835884,(unnamed road),Local,30,Mid-block,Clear,Dusk/Dawn,Two-wheeler,Over-speeding,Grievous,0,3
PN202300732,2023-12-24,2023,12,Fri,6,06:01,18.454256,73.827857,Katraj - Dehu Road Bypass,Highway,85,Junction,Clear,Dusk/Dawn,Two-wheeler,Over-speeding,Minor,0,0
PN202301739,2023-12-24,2023,12,Fri,12,12:58,18.489666,73.870078,Jawaharlal Nehru Marg,Arterial,50,Junction,Clear,Daylight,Two-wheeler,Over-speeding,Fatal,1,2
PN202301562,2023-12-24,2023,12,Fri,16,16:08,18.62255,73.95166,(unnamed road),Local,30,Mid-block,Clear,Daylight,Bus,Rash/careless driving,Minor,0,1
PN202300721,2023-12-24,2023,12,Fri,20,20:50,18.500525,73.938316,(unnamed road),Highway,40,Junction,Clear,Dark - unlit,Car,Over-speeding,Minor,0,0
PN202303274,2023-12-24,2023,12,Fri,21,21:35,18.504468,73.920347,(unnamed road),Collector,40,Junction,Clear,Dark - lit,Two-wheeler,Wrong-side driving,Fatal,1,2
PN202302040,2023-12-25,2023,12,Sat,9,09:58,18.529818,73.860918,New Sangam Bridge,Highway,60,Mid-block,Clear,Daylight,Truck/Tempo,Over-speeding,Minor,0,2
PN202303469,2023-12-25,2023,12,Sat,12,12:31,18.639432,73.821907,New Telco Road - Nehru Road,Collector,40,Mid-block,Clear,Daylight,Auto-rickshaw,Over-speeding,Minor,0,1
PN202300306,2023-12-25,2023,12,Sat,21,21:44,18.445721,73.835561,Katraj - Dehu Road Bypass,Highway,85,Bridge/Slope,Clear,Dark - unlit,Two-wheeler,Wrong-side driving,Fatal,1,0
PN202302679,2023-12-25,2023,12,Sat,22,22:59,18.641326,73.793138,(unnamed road),Arterial,50,Mid-block,Clear,Dark - unlit,Two-wheeler,Over-speeding,Fatal,1,0
PN202300900,2023-12-26,2023,12,Sun,15,15:31,18.444055,73.836936,Katraj - Dehu Road Bypass,Highway,85,Bridge/Slope,Clear,Daylight,Truck/Tempo,Brake failure/vehicle defect,Grievous,0,2
PN202303503,2023-12-28,2023,12,Tue,13,13:55,18.589316,73.823905,Srushti Chowk-Pimple Gurav-Ramkrushna Mangal Karyalay,Collector,40,Junction,Clear,Daylight,Bus,Signal jumping,Minor,0,1
